INFO:     Started server process [51014]
INFO:     Waiting for application startup.
INFO:     Application startup complete.
INFO:     Uvicorn running on http://127.0.0.1:8088 (Press CTRL+C to quit)
INFO:     Started server process [51389]
INFO:     Waiting for application startup.
INFO:     Application startup complete.
ERROR:    [Errno 48] error while attempting to bind on address ('127.0.0.1', 8088): address already in use
INFO:     Waiting for application shutdown.
INFO:     Application shutdown complete.
INFO:     Started server process [51413]
INFO:     Waiting for application startup.
INFO:     Application startup complete.
ERROR:    [Errno 48] error while attempting to bind on address ('127.0.0.1', 8088): address already in use
INFO:     Waiting for application shutdown.
INFO:     Application shutdown complete.
INFO:     Started server process [51423]
INFO:     Waiting for application startup.
INFO:     Application startup complete.
ERROR:    [Errno 48] error while attempting to bind on address ('127.0.0.1', 8088): address already in use
INFO:     Waiting for application shutdown.
INFO:     Application shutdown complete.
INFO:     Started server process [51436]
INFO:     Waiting for application startup.
INFO:     Application startup complete.
ERROR:    [Errno 48] error while attempting to bind on address ('127.0.0.1', 8088): address already in use
INFO:     Waiting for application shutdown.
INFO:     Application shutdown complete.
INFO:     Started server process [51502]
INFO:     Waiting for application startup.
INFO:     Application startup complete.
ERROR:    [Errno 48] error while attempting to bind on address ('127.0.0.1', 8088): address already in use
INFO:     Waiting for application shutdown.
INFO:     Application shutdown complete.
INFO:     Started server process [51509]
INFO:     Waiting for application startup.
INFO:     Application startup complete.
ERROR:    [Errno 48] error while attempting to bind on address ('127.0.0.1', 8088): address already in use
INFO:     Waiting for application shutdown.
INFO:     Application shutdown complete.
INFO:     Started server process [51525]
INFO:     Waiting for application startup.
INFO:     Application startup complete.
ERROR:    [Errno 48] error while attempting to bind on address ('127.0.0.1', 8088): address already in use
INFO:     Waiting for application shutdown.
INFO:     Application shutdown complete.
INFO:     Started server process [51543]
INFO:     Waiting for application startup.
INFO:     Application startup complete.
ERROR:    [Errno 48] error while attempting to bind on address ('127.0.0.1', 8088): address already in use
INFO:     Waiting for application shutdown.
INFO:     Application shutdown complete.
INFO:     Started server process [51557]
INFO:     Waiting for application startup.
INFO:     Application startup complete.
ERROR:    [Errno 48] error while attempting to bind on address ('127.0.0.1', 8088): address already in use
INFO:     Waiting for application shutdown.
INFO:     Application shutdown complete.
INFO:     Started server process [51602]
INFO:     Waiting for application startup.
INFO:     Application startup complete.
ERROR:    [Errno 48] error while attempting to bind on address ('127.0.0.1', 8088): address already in use
INFO:     Waiting for application shutdown.
INFO:     Application shutdown complete.
INFO:     Started server process [51635]
INFO:     Waiting for application startup.
INFO:     Application startup complete.
ERROR:    [Errno 48] error while attempting to bind on address ('127.0.0.1', 8088): address already in use
INFO:     Waiting for application shutdown.
INFO:     Application shutdown complete.
INFO:     Started server process [51642]
INFO:     Waiting for application startup.
INFO:     Application startup complete.
ERROR:    [Errno 48] error while attempting to bind on address ('127.0.0.1', 8088): address already in use
INFO:     Waiting for application shutdown.
INFO:     Application shutdown complete.
INFO:     Started server process [51660]
INFO:     Waiting for application startup.
INFO:     Application startup complete.
ERROR:    [Errno 48] error while attempting to bind on address ('127.0.0.1', 8088): address already in use
INFO:     Waiting for application shutdown.
INFO:     Application shutdown complete.
INFO:     Started server process [51669]
INFO:     Waiting for application startup.
INFO:     Application startup complete.
ERROR:    [Errno 48] error while attempting to bind on address ('127.0.0.1', 8088): address already in use
INFO:     Waiting for application shutdown.
INFO:     Application shutdown complete.
INFO:     Started server process [51680]
INFO:     Waiting for application startup.
INFO:     Application startup complete.
ERROR:    [Errno 48] error while attempting to bind on address ('127.0.0.1', 8088): address already in use
INFO:     Waiting for application shutdown.
INFO:     Application shutdown complete.
INFO:     Started server process [51691]
INFO:     Waiting for application startup.
INFO:     Application startup complete.
ERROR:    [Errno 48] error while attempting to bind on address ('127.0.0.1', 8088): address already in use
INFO:     Waiting for application shutdown.
INFO:     Application shutdown complete.
INFO:     Started server process [51701]
INFO:     Waiting for application startup.
INFO:     Application startup complete.
ERROR:    [Errno 48] error while attempting to bind on address ('127.0.0.1', 8088): address already in use
INFO:     Waiting for application shutdown.
INFO:     Application shutdown complete.
INFO:     Started server process [51709]
INFO:     Waiting for application startup.
INFO:     Application startup complete.
ERROR:    [Errno 48] error while attempting to bind on address ('127.0.0.1', 8088): address already in use
INFO:     Waiting for application shutdown.
INFO:     Application shutdown complete.
INFO:     Started server process [51716]
INFO:     Waiting for application startup.
INFO:     Application startup complete.
ERROR:    [Errno 48] error while attempting to bind on address ('127.0.0.1', 8088): address already in use
INFO:     Waiting for application shutdown.
INFO:     Application shutdown complete.
INFO:     Started server process [51725]
INFO:     Waiting for application startup.
INFO:     Application startup complete.
ERROR:    [Errno 48] error while attempting to bind on address ('127.0.0.1', 8088): address already in use
INFO:     Waiting for application shutdown.
INFO:     Application shutdown complete.
INFO:     Started server process [51733]
INFO:     Waiting for application startup.
INFO:     Application startup complete.
ERROR:    [Errno 48] error while attempting to bind on address ('127.0.0.1', 8088): address already in use
INFO:     Waiting for application shutdown.
INFO:     Application shutdown complete.
INFO:     Started server process [51743]
INFO:     Waiting for application startup.
INFO:     Application startup complete.
ERROR:    [Errno 48] error while attempting to bind on address ('127.0.0.1', 8088): address already in use
INFO:     Waiting for application shutdown.
INFO:     Application shutdown complete.
INFO:     Started server process [51751]
INFO:     Waiting for application startup.
INFO:     Application startup complete.
ERROR:    [Errno 48] error while attempting to bind on address ('127.0.0.1', 8088): address already in use
INFO:     Waiting for application shutdown.
INFO:     Application shutdown complete.
INFO:     Started server process [51761]
INFO:     Waiting for application startup.
INFO:     Application startup complete.
ERROR:    [Errno 48] error while attempting to bind on address ('127.0.0.1', 8088): address already in use
INFO:     Waiting for application shutdown.
INFO:     Application shutdown complete.
INFO:     Started server process [51769]
INFO:     Waiting for application startup.
INFO:     Application startup complete.
ERROR:    [Errno 48] error while attempting to bind on address ('127.0.0.1', 8088): address already in use
INFO:     Waiting for application shutdown.
INFO:     Application shutdown complete.
INFO:     Started server process [51778]
INFO:     Waiting for application startup.
INFO:     Application startup complete.
ERROR:    [Errno 48] error while attempting to bind on address ('127.0.0.1', 8088): address already in use
INFO:     Waiting for application shutdown.
INFO:     Application shutdown complete.
INFO:     Started server process [51789]
INFO:     Waiting for application startup.
INFO:     Application startup complete.
ERROR:    [Errno 48] error while attempting to bind on address ('127.0.0.1', 8088): address already in use
INFO:     Waiting for application shutdown.
INFO:     Application shutdown complete.
INFO:     Started server process [51797]
INFO:     Waiting for application startup.
INFO:     Application startup complete.
ERROR:    [Errno 48] error while attempting to bind on address ('127.0.0.1', 8088): address already in use
INFO:     Waiting for application shutdown.
INFO:     Application shutdown complete.
INFO:     Started server process [51805]
INFO:     Waiting for application startup.
INFO:     Application startup complete.
ERROR:    [Errno 48] error while attempting to bind on address ('127.0.0.1', 8088): address already in use
INFO:     Waiting for application shutdown.
INFO:     Application shutdown complete.
INFO:     Started server process [51812]
INFO:     Waiting for application startup.
INFO:     Application startup complete.
ERROR:    [Errno 48] error while attempting to bind on address ('127.0.0.1', 8088): address already in use
INFO:     Waiting for application shutdown.
INFO:     Application shutdown complete.
INFO:     Started server process [51823]
INFO:     Waiting for application startup.
INFO:     Application startup complete.
ERROR:    [Errno 48] error while attempting to bind on address ('127.0.0.1', 8088): address already in use
INFO:     Waiting for application shutdown.
INFO:     Application shutdown complete.
INFO:     Started server process [51832]
INFO:     Waiting for application startup.
INFO:     Application startup complete.
ERROR:    [Errno 48] error while attempting to bind on address ('127.0.0.1', 8088): address already in use
INFO:     Waiting for application shutdown.
INFO:     Application shutdown complete.
INFO:     Started server process [51841]
INFO:     Waiting for application startup.
INFO:     Application startup complete.
ERROR:    [Errno 48] error while attempting to bind on address ('127.0.0.1', 8088): address already in use
INFO:     Waiting for application shutdown.
INFO:     Application shutdown complete.
INFO:     Started server process [51849]
INFO:     Waiting for application startup.
INFO:     Application startup complete.
ERROR:    [Errno 48] error while attempting to bind on address ('127.0.0.1', 8088): address already in use
INFO:     Waiting for application shutdown.
INFO:     Application shutdown complete.
INFO:     Started server process [51858]
INFO:     Waiting for application startup.
INFO:     Application startup complete.
ERROR:    [Errno 48] error while attempting to bind on address ('127.0.0.1', 8088): address already in use
INFO:     Waiting for application shutdown.
INFO:     Application shutdown complete.
INFO:     Started server process [51865]
INFO:     Waiting for application startup.
INFO:     Application startup complete.
ERROR:    [Errno 48] error while attempting to bind on address ('127.0.0.1', 8088): address already in use
INFO:     Waiting for application shutdown.
INFO:     Application shutdown complete.
INFO:     Started server process [51873]
INFO:     Waiting for application startup.
INFO:     Application startup complete.
ERROR:    [Errno 48] error while attempting to bind on address ('127.0.0.1', 8088): address already in use
INFO:     Waiting for application shutdown.
INFO:     Application shutdown complete.
INFO:     Started server process [51904]
INFO:     Waiting for application startup.
INFO:     Application startup complete.
ERROR:    [Errno 48] error while attempting to bind on address ('127.0.0.1', 8088): address already in use
INFO:     Waiting for application shutdown.
INFO:     Application shutdown complete.
INFO:     Started server process [51912]
INFO:     Waiting for application startup.
INFO:     Application startup complete.
ERROR:    [Errno 48] error while attempting to bind on address ('127.0.0.1', 8088): address already in use
INFO:     Waiting for application shutdown.
INFO:     Application shutdown complete.
INFO:     Started server process [51919]
INFO:     Waiting for application startup.
INFO:     Application startup complete.
ERROR:    [Errno 48] error while attempting to bind on address ('127.0.0.1', 8088): address already in use
INFO:     Waiting for application shutdown.
INFO:     Application shutdown complete.
INFO:     Started server process [51927]
INFO:     Waiting for application startup.
INFO:     Application startup complete.
ERROR:    [Errno 48] error while attempting to bind on address ('127.0.0.1', 8088): address already in use
INFO:     Waiting for application shutdown.
INFO:     Application shutdown complete.
INFO:     Started server process [51935]
INFO:     Waiting for application startup.
INFO:     Application startup complete.
ERROR:    [Errno 48] error while attempting to bind on address ('127.0.0.1', 8088): address already in use
INFO:     Waiting for application shutdown.
INFO:     Application shutdown complete.
INFO:     Started server process [51943]
INFO:     Waiting for application startup.
INFO:     Application startup complete.
ERROR:    [Errno 48] error while attempting to bind on address ('127.0.0.1', 8088): address already in use
INFO:     Waiting for application shutdown.
INFO:     Application shutdown complete.
INFO:     Started server process [51954]
INFO:     Waiting for application startup.
INFO:     Application startup complete.
ERROR:    [Errno 48] error while attempting to bind on address ('127.0.0.1', 8088): address already in use
INFO:     Waiting for application shutdown.
INFO:     Application shutdown complete.
INFO:     Started server process [51973]
INFO:     Waiting for application startup.
INFO:     Application startup complete.
ERROR:    [Errno 48] error while attempting to bind on address ('127.0.0.1', 8088): address already in use
INFO:     Waiting for application shutdown.
INFO:     Application shutdown complete.
INFO:     Started server process [52016]
INFO:     Waiting for application startup.
INFO:     Application startup complete.
ERROR:    [Errno 48] error while attempting to bind on address ('127.0.0.1', 8088): address already in use
INFO:     Waiting for application shutdown.
INFO:     Application shutdown complete.
INFO:     Started server process [52039]
INFO:     Waiting for application startup.
INFO:     Application startup complete.
ERROR:    [Errno 48] error while attempting to bind on address ('127.0.0.1', 8088): address already in use
INFO:     Waiting for application shutdown.
INFO:     Application shutdown complete.
INFO:     Started server process [52047]
INFO:     Waiting for application startup.
INFO:     Application startup complete.
ERROR:    [Errno 48] error while attempting to bind on address ('127.0.0.1', 8088): address already in use
INFO:     Waiting for application shutdown.
INFO:     Application shutdown complete.
INFO:     Started server process [52057]
INFO:     Waiting for application startup.
INFO:     Application startup complete.
ERROR:    [Errno 48] error while attempting to bind on address ('127.0.0.1', 8088): address already in use
INFO:     Waiting for application shutdown.
INFO:     Application shutdown complete.
INFO:     Started server process [52066]
INFO:     Waiting for application startup.
INFO:     Application startup complete.
ERROR:    [Errno 48] error while attempting to bind on address ('127.0.0.1', 8088): address already in use
INFO:     Waiting for application shutdown.
INFO:     Application shutdown complete.
INFO:     Started server process [52075]
INFO:     Waiting for application startup.
INFO:     Application startup complete.
ERROR:    [Errno 48] error while attempting to bind on address ('127.0.0.1', 8088): address already in use
INFO:     Waiting for application shutdown.
INFO:     Application shutdown complete.
INFO:     Started server process [52082]
INFO:     Waiting for application startup.
INFO:     Application startup complete.
ERROR:    [Errno 48] error while attempting to bind on address ('127.0.0.1', 8088): address already in use
INFO:     Waiting for application shutdown.
INFO:     Application shutdown complete.
INFO:     Started server process [52092]
INFO:     Waiting for application startup.
INFO:     Application startup complete.
ERROR:    [Errno 48] error while attempting to bind on address ('127.0.0.1', 8088): address already in use
INFO:     Waiting for application shutdown.
INFO:     Application shutdown complete.
INFO:     Started server process [52101]
INFO:     Waiting for application startup.
INFO:     Application startup complete.
ERROR:    [Errno 48] error while attempting to bind on address ('127.0.0.1', 8088): address already in use
INFO:     Waiting for application shutdown.
INFO:     Application shutdown complete.
INFO:     Started server process [52112]
INFO:     Waiting for application startup.
INFO:     Application startup complete.
ERROR:    [Errno 48] error while attempting to bind on address ('127.0.0.1', 8088): address already in use
INFO:     Waiting for application shutdown.
INFO:     Application shutdown complete.
INFO:     Started server process [52120]
INFO:     Waiting for application startup.
INFO:     Application startup complete.
ERROR:    [Errno 48] error while attempting to bind on address ('127.0.0.1', 8088): address already in use
INFO:     Waiting for application shutdown.
INFO:     Application shutdown complete.
INFO:     Started server process [52137]
INFO:     Waiting for application startup.
INFO:     Application startup complete.
ERROR:    [Errno 48] error while attempting to bind on address ('127.0.0.1', 8088): address already in use
INFO:     Waiting for application shutdown.
INFO:     Application shutdown complete.
INFO:     Started server process [52145]
INFO:     Waiting for application startup.
INFO:     Application startup complete.
ERROR:    [Errno 48] error while attempting to bind on address ('127.0.0.1', 8088): address already in use
INFO:     Waiting for application shutdown.
INFO:     Application shutdown complete.
INFO:     Started server process [52153]
INFO:     Waiting for application startup.
INFO:     Application startup complete.
ERROR:    [Errno 48] error while attempting to bind on address ('127.0.0.1', 8088): address already in use
INFO:     Waiting for application shutdown.
INFO:     Application shutdown complete.
INFO:     Started server process [52164]
INFO:     Waiting for application startup.
INFO:     Application startup complete.
ERROR:    [Errno 48] error while attempting to bind on address ('127.0.0.1', 8088): address already in use
INFO:     Waiting for application shutdown.
INFO:     Application shutdown complete.
INFO:     Started server process [52174]
INFO:     Waiting for application startup.
INFO:     Application startup complete.
ERROR:    [Errno 48] error while attempting to bind on address ('127.0.0.1', 8088): address already in use
INFO:     Waiting for application shutdown.
INFO:     Application shutdown complete.
INFO:     Started server process [52184]
INFO:     Waiting for application startup.
INFO:     Application startup complete.
ERROR:    [Errno 48] error while attempting to bind on address ('127.0.0.1', 8088): address already in use
INFO:     Waiting for application shutdown.
INFO:     Application shutdown complete.
INFO:     Started server process [52191]
INFO:     Waiting for application startup.
INFO:     Application startup complete.
ERROR:    [Errno 48] error while attempting to bind on address ('127.0.0.1', 8088): address already in use
INFO:     Waiting for application shutdown.
INFO:     Application shutdown complete.
INFO:     Started server process [52199]
INFO:     Waiting for application startup.
INFO:     Application startup complete.
ERROR:    [Errno 48] error while attempting to bind on address ('127.0.0.1', 8088): address already in use
INFO:     Waiting for application shutdown.
INFO:     Application shutdown complete.
INFO:     Started server process [52207]
INFO:     Waiting for application startup.
INFO:     Application startup complete.
ERROR:    [Errno 48] error while attempting to bind on address ('127.0.0.1', 8088): address already in use
INFO:     Waiting for application shutdown.
INFO:     Application shutdown complete.
INFO:     Started server process [52215]
INFO:     Waiting for application startup.
INFO:     Application startup complete.
ERROR:    [Errno 48] error while attempting to bind on address ('127.0.0.1', 8088): address already in use
INFO:     Waiting for application shutdown.
INFO:     Application shutdown complete.
INFO:     Started server process [52226]
INFO:     Waiting for application startup.
INFO:     Application startup complete.
ERROR:    [Errno 48] error while attempting to bind on address ('127.0.0.1', 8088): address already in use
INFO:     Waiting for application shutdown.
INFO:     Application shutdown complete.
INFO:     Started server process [52235]
INFO:     Waiting for application startup.
INFO:     Application startup complete.
ERROR:    [Errno 48] error while attempting to bind on address ('127.0.0.1', 8088): address already in use
INFO:     Waiting for application shutdown.
INFO:     Application shutdown complete.
INFO:     Started server process [52242]
INFO:     Waiting for application startup.
INFO:     Application startup complete.
ERROR:    [Errno 48] error while attempting to bind on address ('127.0.0.1', 8088): address already in use
INFO:     Waiting for application shutdown.
INFO:     Application shutdown complete.
INFO:     Started server process [52250]
INFO:     Waiting for application startup.
INFO:     Application startup complete.
ERROR:    [Errno 48] error while attempting to bind on address ('127.0.0.1', 8088): address already in use
INFO:     Waiting for application shutdown.
INFO:     Application shutdown complete.
INFO:     Started server process [52259]
INFO:     Waiting for application startup.
INFO:     Application startup complete.
ERROR:    [Errno 48] error while attempting to bind on address ('127.0.0.1', 8088): address already in use
INFO:     Waiting for application shutdown.
INFO:     Application shutdown complete.
INFO:     Started server process [52270]
INFO:     Waiting for application startup.
INFO:     Application startup complete.
ERROR:    [Errno 48] error while attempting to bind on address ('127.0.0.1', 8088): address already in use
INFO:     Waiting for application shutdown.
INFO:     Application shutdown complete.
INFO:     Started server process [52279]
INFO:     Waiting for application startup.
INFO:     Application startup complete.
ERROR:    [Errno 48] error while attempting to bind on address ('127.0.0.1', 8088): address already in use
INFO:     Waiting for application shutdown.
INFO:     Application shutdown complete.
INFO:     Started server process [52288]
INFO:     Waiting for application startup.
INFO:     Application startup complete.
ERROR:    [Errno 48] error while attempting to bind on address ('127.0.0.1', 8088): address already in use
INFO:     Waiting for application shutdown.
INFO:     Application shutdown complete.
INFO:     Started server process [52305]
INFO:     Waiting for application startup.
INFO:     Application startup complete.
ERROR:    [Errno 48] error while attempting to bind on address ('127.0.0.1', 8088): address already in use
INFO:     Waiting for application shutdown.
INFO:     Application shutdown complete.
INFO:     Started server process [52322]
INFO:     Waiting for application startup.
INFO:     Application startup complete.
ERROR:    [Errno 48] error while attempting to bind on address ('127.0.0.1', 8088): address already in use
INFO:     Waiting for application shutdown.
INFO:     Application shutdown complete.
INFO:     Started server process [52330]
INFO:     Waiting for application startup.
INFO:     Application startup complete.
ERROR:    [Errno 48] error while attempting to bind on address ('127.0.0.1', 8088): address already in use
INFO:     Waiting for application shutdown.
INFO:     Application shutdown complete.
INFO:     Started server process [52344]
INFO:     Waiting for application startup.
INFO:     Application startup complete.
ERROR:    [Errno 48] error while attempting to bind on address ('127.0.0.1', 8088): address already in use
INFO:     Waiting for application shutdown.
INFO:     Application shutdown complete.
INFO:     Started server process [52354]
INFO:     Waiting for application startup.
INFO:     Application startup complete.
ERROR:    [Errno 48] error while attempting to bind on address ('127.0.0.1', 8088): address already in use
INFO:     Waiting for application shutdown.
INFO:     Application shutdown complete.
INFO:     Started server process [52361]
INFO:     Waiting for application startup.
INFO:     Application startup complete.
ERROR:    [Errno 48] error while attempting to bind on address ('127.0.0.1', 8088): address already in use
INFO:     Waiting for application shutdown.
INFO:     Application shutdown complete.
INFO:     Started server process [52369]
INFO:     Waiting for application startup.
INFO:     Application startup complete.
ERROR:    [Errno 48] error while attempting to bind on address ('127.0.0.1', 8088): address already in use
INFO:     Waiting for application shutdown.
INFO:     Application shutdown complete.
INFO:     Started server process [52378]
INFO:     Waiting for application startup.
INFO:     Application startup complete.
ERROR:    [Errno 48] error while attempting to bind on address ('127.0.0.1', 8088): address already in use
INFO:     Waiting for application shutdown.
INFO:     Application shutdown complete.
INFO:     Started server process [52392]
INFO:     Waiting for application startup.
INFO:     Application startup complete.
ERROR:    [Errno 48] error while attempting to bind on address ('127.0.0.1', 8088): address already in use
INFO:     Waiting for application shutdown.
INFO:     Application shutdown complete.
INFO:     Started server process [52402]
INFO:     Waiting for application startup.
INFO:     Application startup complete.
ERROR:    [Errno 48] error while attempting to bind on address ('127.0.0.1', 8088): address already in use
INFO:     Waiting for application shutdown.
INFO:     Application shutdown complete.
INFO:     Started server process [52412]
INFO:     Waiting for application startup.
INFO:     Application startup complete.
ERROR:    [Errno 48] error while attempting to bind on address ('127.0.0.1', 8088): address already in use
INFO:     Waiting for application shutdown.
INFO:     Application shutdown complete.
INFO:     Started server process [52419]
INFO:     Waiting for application startup.
INFO:     Application startup complete.
ERROR:    [Errno 48] error while attempting to bind on address ('127.0.0.1', 8088): address already in use
INFO:     Waiting for application shutdown.
INFO:     Application shutdown complete.
INFO:     Started server process [52426]
INFO:     Waiting for application startup.
INFO:     Application startup complete.
ERROR:    [Errno 48] error while attempting to bind on address ('127.0.0.1', 8088): address already in use
INFO:     Waiting for application shutdown.
INFO:     Application shutdown complete.
INFO:     Started server process [52439]
INFO:     Waiting for application startup.
INFO:     Application startup complete.
ERROR:    [Errno 48] error while attempting to bind on address ('127.0.0.1', 8088): address already in use
INFO:     Waiting for application shutdown.
INFO:     Application shutdown complete.
INFO:     Started server process [52449]
INFO:     Waiting for application startup.
INFO:     Application startup complete.
ERROR:    [Errno 48] error while attempting to bind on address ('127.0.0.1', 8088): address already in use
INFO:     Waiting for application shutdown.
INFO:     Application shutdown complete.
INFO:     Started server process [52457]
INFO:     Waiting for application startup.
INFO:     Application startup complete.
ERROR:    [Errno 48] error while attempting to bind on address ('127.0.0.1', 8088): address already in use
INFO:     Waiting for application shutdown.
INFO:     Application shutdown complete.
INFO:     Started server process [52467]
INFO:     Waiting for application startup.
INFO:     Application startup complete.
ERROR:    [Errno 48] error while attempting to bind on address ('127.0.0.1', 8088): address already in use
INFO:     Waiting for application shutdown.
INFO:     Application shutdown complete.
INFO:     Started server process [52475]
INFO:     Waiting for application startup.
INFO:     Application startup complete.
ERROR:    [Errno 48] error while attempting to bind on address ('127.0.0.1', 8088): address already in use
INFO:     Waiting for application shutdown.
INFO:     Application shutdown complete.
INFO:     Started server process [52482]
INFO:     Waiting for application startup.
INFO:     Application startup complete.
ERROR:    [Errno 48] error while attempting to bind on address ('127.0.0.1', 8088): address already in use
INFO:     Waiting for application shutdown.
INFO:     Application shutdown complete.
INFO:     Started server process [52495]
INFO:     Waiting for application startup.
INFO:     Application startup complete.
ERROR:    [Errno 48] error while attempting to bind on address ('127.0.0.1', 8088): address already in use
INFO:     Waiting for application shutdown.
INFO:     Application shutdown complete.
INFO:     Started server process [52518]
INFO:     Waiting for application startup.
INFO:     Application startup complete.
ERROR:    [Errno 48] error while attempting to bind on address ('127.0.0.1', 8088): address already in use
INFO:     Waiting for application shutdown.
INFO:     Application shutdown complete.
INFO:     Started server process [52533]
INFO:     Waiting for application startup.
INFO:     Application startup complete.
ERROR:    [Errno 48] error while attempting to bind on address ('127.0.0.1', 8088): address already in use
INFO:     Waiting for application shutdown.
INFO:     Application shutdown complete.
INFO:     Started server process [52548]
INFO:     Waiting for application startup.
INFO:     Application startup complete.
ERROR:    [Errno 48] error while attempting to bind on address ('127.0.0.1', 8088): address already in use
INFO:     Waiting for application shutdown.
INFO:     Application shutdown complete.
INFO:     Started server process [52555]
INFO:     Waiting for application startup.
INFO:     Application startup complete.
ERROR:    [Errno 48] error while attempting to bind on address ('127.0.0.1', 8088): address already in use
INFO:     Waiting for application shutdown.
INFO:     Application shutdown complete.
INFO:     Started server process [52563]
INFO:     Waiting for application startup.
INFO:     Application startup complete.
ERROR:    [Errno 48] error while attempting to bind on address ('127.0.0.1', 8088): address already in use
INFO:     Waiting for application shutdown.
INFO:     Application shutdown complete.
INFO:     Started server process [52574]
INFO:     Waiting for application startup.
INFO:     Application startup complete.
ERROR:    [Errno 48] error while attempting to bind on address ('127.0.0.1', 8088): address already in use
INFO:     Waiting for application shutdown.
INFO:     Application shutdown complete.
INFO:     Started server process [52582]
INFO:     Waiting for application startup.
INFO:     Application startup complete.
ERROR:    [Errno 48] error while attempting to bind on address ('127.0.0.1', 8088): address already in use
INFO:     Waiting for application shutdown.
INFO:     Application shutdown complete.
INFO:     Started server process [52591]
INFO:     Waiting for application startup.
INFO:     Application startup complete.
ERROR:    [Errno 48] error while attempting to bind on address ('127.0.0.1', 8088): address already in use
INFO:     Waiting for application shutdown.
INFO:     Application shutdown complete.
INFO:     Started server process [52602]
INFO:     Waiting for application startup.
INFO:     Application startup complete.
ERROR:    [Errno 48] error while attempting to bind on address ('127.0.0.1', 8088): address already in use
INFO:     Waiting for application shutdown.
INFO:     Application shutdown complete.
INFO:     Started server process [52623]
INFO:     Waiting for application startup.
INFO:     Application startup complete.
ERROR:    [Errno 48] error while attempting to bind on address ('127.0.0.1', 8088): address already in use
INFO:     Waiting for application shutdown.
INFO:     Application shutdown complete.
INFO:     Started server process [52644]
INFO:     Waiting for application startup.
INFO:     Application startup complete.
ERROR:    [Errno 48] error while attempting to bind on address ('127.0.0.1', 8088): address already in use
INFO:     Waiting for application shutdown.
INFO:     Application shutdown complete.
INFO:     Started server process [52654]
INFO:     Waiting for application startup.
INFO:     Application startup complete.
ERROR:    [Errno 48] error while attempting to bind on address ('127.0.0.1', 8088): address already in use
INFO:     Waiting for application shutdown.
INFO:     Application shutdown complete.
INFO:     Started server process [52663]
INFO:     Waiting for application startup.
INFO:     Application startup complete.
ERROR:    [Errno 48] error while attempting to bind on address ('127.0.0.1', 8088): address already in use
INFO:     Waiting for application shutdown.
INFO:     Application shutdown complete.
INFO:     Started server process [52680]
INFO:     Waiting for application startup.
INFO:     Application startup complete.
ERROR:    [Errno 48] error while attempting to bind on address ('127.0.0.1', 8088): address already in use
INFO:     Waiting for application shutdown.
INFO:     Application shutdown complete.
INFO:     Started server process [52689]
INFO:     Waiting for application startup.
INFO:     Application startup complete.
ERROR:    [Errno 48] error while attempting to bind on address ('127.0.0.1', 8088): address already in use
INFO:     Waiting for application shutdown.
INFO:     Application shutdown complete.
INFO:     Started server process [52696]
INFO:     Waiting for application startup.
INFO:     Application startup complete.
ERROR:    [Errno 48] error while attempting to bind on address ('127.0.0.1', 8088): address already in use
INFO:     Waiting for application shutdown.
INFO:     Application shutdown complete.
INFO:     Started server process [52706]
INFO:     Waiting for application startup.
INFO:     Application startup complete.
ERROR:    [Errno 48] error while attempting to bind on address ('127.0.0.1', 8088): address already in use
INFO:     Waiting for application shutdown.
INFO:     Application shutdown complete.
INFO:     Started server process [52715]
INFO:     Waiting for application startup.
INFO:     Application startup complete.
ERROR:    [Errno 48] error while attempting to bind on address ('127.0.0.1', 8088): address already in use
INFO:     Waiting for application shutdown.
INFO:     Application shutdown complete.
INFO:     Started server process [52730]
INFO:     Waiting for application startup.
INFO:     Application startup complete.
ERROR:    [Errno 48] error while attempting to bind on address ('127.0.0.1', 8088): address already in use
INFO:     Waiting for application shutdown.
INFO:     Application shutdown complete.
INFO:     Started server process [52738]
INFO:     Waiting for application startup.
INFO:     Application startup complete.
ERROR:    [Errno 48] error while attempting to bind on address ('127.0.0.1', 8088): address already in use
INFO:     Waiting for application shutdown.
INFO:     Application shutdown complete.
INFO:     Started server process [52746]
INFO:     Waiting for application startup.
INFO:     Application startup complete.
ERROR:    [Errno 48] error while attempting to bind on address ('127.0.0.1', 8088): address already in use
INFO:     Waiting for application shutdown.
INFO:     Application shutdown complete.
INFO:     Started server process [52753]
INFO:     Waiting for application startup.
INFO:     Application startup complete.
ERROR:    [Errno 48] error while attempting to bind on address ('127.0.0.1', 8088): address already in use
INFO:     Waiting for application shutdown.
INFO:     Application shutdown complete.
INFO:     Started server process [52766]
INFO:     Waiting for application startup.
INFO:     Application startup complete.
ERROR:    [Errno 48] error while attempting to bind on address ('127.0.0.1', 8088): address already in use
INFO:     Waiting for application shutdown.
INFO:     Application shutdown complete.
INFO:     Started server process [52775]
INFO:     Waiting for application startup.
INFO:     Application startup complete.
ERROR:    [Errno 48] error while attempting to bind on address ('127.0.0.1', 8088): address already in use
INFO:     Waiting for application shutdown.
INFO:     Application shutdown complete.
INFO:     Started server process [52784]
INFO:     Waiting for application startup.
INFO:     Application startup complete.
ERROR:    [Errno 48] error while attempting to bind on address ('127.0.0.1', 8088): address already in use
INFO:     Waiting for application shutdown.
INFO:     Application shutdown complete.
INFO:     Started server process [52800]
INFO:     Waiting for application startup.
INFO:     Application startup complete.
ERROR:    [Errno 48] error while attempting to bind on address ('127.0.0.1', 8088): address already in use
INFO:     Waiting for application shutdown.
INFO:     Application shutdown complete.
INFO:     Started server process [52812]
INFO:     Waiting for application startup.
INFO:     Application startup complete.
ERROR:    [Errno 48] error while attempting to bind on address ('127.0.0.1', 8088): address already in use
INFO:     Waiting for application shutdown.
INFO:     Application shutdown complete.
INFO:     Started server process [52824]
INFO:     Waiting for application startup.
INFO:     Application startup complete.
ERROR:    [Errno 48] error while attempting to bind on address ('127.0.0.1', 8088): address already in use
INFO:     Waiting for application shutdown.
INFO:     Application shutdown complete.
INFO:     Started server process [52832]
INFO:     Waiting for application startup.
INFO:     Application startup complete.
ERROR:    [Errno 48] error while attempting to bind on address ('127.0.0.1', 8088): address already in use
INFO:     Waiting for application shutdown.
INFO:     Application shutdown complete.
INFO:     Started server process [52840]
INFO:     Waiting for application startup.
INFO:     Application startup complete.
ERROR:    [Errno 48] error while attempting to bind on address ('127.0.0.1', 8088): address already in use
INFO:     Waiting for application shutdown.
INFO:     Application shutdown complete.
INFO:     Started server process [52850]
INFO:     Waiting for application startup.
INFO:     Application startup complete.
ERROR:    [Errno 48] error while attempting to bind on address ('127.0.0.1', 8088): address already in use
INFO:     Waiting for application shutdown.
INFO:     Application shutdown complete.
INFO:     Started server process [52858]
INFO:     Waiting for application startup.
INFO:     Application startup complete.
ERROR:    [Errno 48] error while attempting to bind on address ('127.0.0.1', 8088): address already in use
INFO:     Waiting for application shutdown.
INFO:     Application shutdown complete.
INFO:     Started server process [52866]
INFO:     Waiting for application startup.
INFO:     Application startup complete.
ERROR:    [Errno 48] error while attempting to bind on address ('127.0.0.1', 8088): address already in use
INFO:     Waiting for application shutdown.
INFO:     Application shutdown complete.
INFO:     Started server process [52878]
INFO:     Waiting for application startup.
INFO:     Application startup complete.
ERROR:    [Errno 48] error while attempting to bind on address ('127.0.0.1', 8088): address already in use
INFO:     Waiting for application shutdown.
INFO:     Application shutdown complete.
INFO:     Started server process [52886]
INFO:     Waiting for application startup.
INFO:     Application startup complete.
ERROR:    [Errno 48] error while attempting to bind on address ('127.0.0.1', 8088): address already in use
INFO:     Waiting for application shutdown.
INFO:     Application shutdown complete.
INFO:     Started server process [52896]
INFO:     Waiting for application startup.
INFO:     Application startup complete.
ERROR:    [Errno 48] error while attempting to bind on address ('127.0.0.1', 8088): address already in use
INFO:     Waiting for application shutdown.
INFO:     Application shutdown complete.
INFO:     Started server process [52903]
INFO:     Waiting for application startup.
INFO:     Application startup complete.
ERROR:    [Errno 48] error while attempting to bind on address ('127.0.0.1', 8088): address already in use
INFO:     Waiting for application shutdown.
INFO:     Application shutdown complete.
INFO:     Started server process [52911]
INFO:     Waiting for application startup.
INFO:     Application startup complete.
ERROR:    [Errno 48] error while attempting to bind on address ('127.0.0.1', 8088): address already in use
INFO:     Waiting for application shutdown.
INFO:     Application shutdown complete.
INFO:     Started server process [52921]
INFO:     Waiting for application startup.
INFO:     Application startup complete.
ERROR:    [Errno 48] error while attempting to bind on address ('127.0.0.1', 8088): address already in use
INFO:     Waiting for application shutdown.
INFO:     Application shutdown complete.
INFO:     Started server process [52929]
INFO:     Waiting for application startup.
INFO:     Application startup complete.
ERROR:    [Errno 48] error while attempting to bind on address ('127.0.0.1', 8088): address already in use
INFO:     Waiting for application shutdown.
INFO:     Application shutdown complete.
INFO:     Started server process [52937]
INFO:     Waiting for application startup.
INFO:     Application startup complete.
ERROR:    [Errno 48] error while attempting to bind on address ('127.0.0.1', 8088): address already in use
INFO:     Waiting for application shutdown.
INFO:     Application shutdown complete.
INFO:     Started server process [52949]
INFO:     Waiting for application startup.
INFO:     Application startup complete.
ERROR:    [Errno 48] error while attempting to bind on address ('127.0.0.1', 8088): address already in use
INFO:     Waiting for application shutdown.
INFO:     Application shutdown complete.
INFO:     Started server process [52958]
INFO:     Waiting for application startup.
INFO:     Application startup complete.
ERROR:    [Errno 48] error while attempting to bind on address ('127.0.0.1', 8088): address already in use
INFO:     Waiting for application shutdown.
INFO:     Application shutdown complete.
INFO:     Started server process [52975]
INFO:     Waiting for application startup.
INFO:     Application startup complete.
ERROR:    [Errno 48] error while attempting to bind on address ('127.0.0.1', 8088): address already in use
INFO:     Waiting for application shutdown.
INFO:     Application shutdown complete.
INFO:     Started server process [52994]
INFO:     Waiting for application startup.
INFO:     Application startup complete.
ERROR:    [Errno 48] error while attempting to bind on address ('127.0.0.1', 8088): address already in use
INFO:     Waiting for application shutdown.
INFO:     Application shutdown complete.
INFO:     Started server process [53004]
INFO:     Waiting for application startup.
INFO:     Application startup complete.
ERROR:    [Errno 48] error while attempting to bind on address ('127.0.0.1', 8088): address already in use
INFO:     Waiting for application shutdown.
INFO:     Application shutdown complete.
INFO:     Started server process [53013]
INFO:     Waiting for application startup.
INFO:     Application startup complete.
ERROR:    [Errno 48] error while attempting to bind on address ('127.0.0.1', 8088): address already in use
INFO:     Waiting for application shutdown.
INFO:     Application shutdown complete.
INFO:     Started server process [53023]
INFO:     Waiting for application startup.
INFO:     Application startup complete.
ERROR:    [Errno 48] error while attempting to bind on address ('127.0.0.1', 8088): address already in use
INFO:     Waiting for application shutdown.
INFO:     Application shutdown complete.
INFO:     Started server process [53030]
INFO:     Waiting for application startup.
INFO:     Application startup complete.
ERROR:    [Errno 48] error while attempting to bind on address ('127.0.0.1', 8088): address already in use
INFO:     Waiting for application shutdown.
INFO:     Application shutdown complete.
INFO:     Started server process [53037]
INFO:     Waiting for application startup.
INFO:     Application startup complete.
ERROR:    [Errno 48] error while attempting to bind on address ('127.0.0.1', 8088): address already in use
INFO:     Waiting for application shutdown.
INFO:     Application shutdown complete.
INFO:     Started server process [53051]
INFO:     Waiting for application startup.
INFO:     Application startup complete.
ERROR:    [Errno 48] error while attempting to bind on address ('127.0.0.1', 8088): address already in use
INFO:     Waiting for application shutdown.
INFO:     Application shutdown complete.
INFO:     Started server process [53059]
INFO:     Waiting for application startup.
INFO:     Application startup complete.
ERROR:    [Errno 48] error while attempting to bind on address ('127.0.0.1', 8088): address already in use
INFO:     Waiting for application shutdown.
INFO:     Application shutdown complete.
INFO:     Started server process [53066]
INFO:     Waiting for application startup.
INFO:     Application startup complete.
ERROR:    [Errno 48] error while attempting to bind on address ('127.0.0.1', 8088): address already in use
INFO:     Waiting for application shutdown.
INFO:     Application shutdown complete.
INFO:     Started server process [53076]
INFO:     Waiting for application startup.
INFO:     Application startup complete.
ERROR:    [Errno 48] error while attempting to bind on address ('127.0.0.1', 8088): address already in use
INFO:     Waiting for application shutdown.
INFO:     Application shutdown complete.
INFO:     Started server process [53084]
INFO:     Waiting for application startup.
INFO:     Application startup complete.
ERROR:    [Errno 48] error while attempting to bind on address ('127.0.0.1', 8088): address already in use
INFO:     Waiting for application shutdown.
INFO:     Application shutdown complete.
INFO:     Started server process [53091]
INFO:     Waiting for application startup.
INFO:     Application startup complete.
ERROR:    [Errno 48] error while attempting to bind on address ('127.0.0.1', 8088): address already in use
INFO:     Waiting for application shutdown.
INFO:     Application shutdown complete.
INFO:     Started server process [53102]
INFO:     Waiting for application startup.
INFO:     Application startup complete.
ERROR:    [Errno 48] error while attempting to bind on address ('127.0.0.1', 8088): address already in use
INFO:     Waiting for application shutdown.
INFO:     Application shutdown complete.
INFO:     Started server process [53114]
INFO:     Waiting for application startup.
INFO:     Application startup complete.
ERROR:    [Errno 48] error while attempting to bind on address ('127.0.0.1', 8088): address already in use
INFO:     Waiting for application shutdown.
INFO:     Application shutdown complete.
INFO:     Started server process [53138]
INFO:     Waiting for application startup.
INFO:     Application startup complete.
ERROR:    [Errno 48] error while attempting to bind on address ('127.0.0.1', 8088): address already in use
INFO:     Waiting for application shutdown.
INFO:     Application shutdown complete.
INFO:     Started server process [53154]
INFO:     Waiting for application startup.
INFO:     Application startup complete.
ERROR:    [Errno 48] error while attempting to bind on address ('127.0.0.1', 8088): address already in use
INFO:     Waiting for application shutdown.
INFO:     Application shutdown complete.
INFO:     Started server process [53164]
INFO:     Waiting for application startup.
INFO:     Application startup complete.
ERROR:    [Errno 48] error while attempting to bind on address ('127.0.0.1', 8088): address already in use
INFO:     Waiting for application shutdown.
INFO:     Application shutdown complete.
INFO:     Started server process [53176]
INFO:     Waiting for application startup.
INFO:     Application startup complete.
ERROR:    [Errno 48] error while attempting to bind on address ('127.0.0.1', 8088): address already in use
INFO:     Waiting for application shutdown.
INFO:     Application shutdown complete.
INFO:     Started server process [53189]
INFO:     Waiting for application startup.
INFO:     Application startup complete.
ERROR:    [Errno 48] error while attempting to bind on address ('127.0.0.1', 8088): address already in use
INFO:     Waiting for application shutdown.
INFO:     Application shutdown complete.
INFO:     Started server process [53199]
INFO:     Waiting for application startup.
INFO:     Application startup complete.
ERROR:    [Errno 48] error while attempting to bind on address ('127.0.0.1', 8088): address already in use
INFO:     Waiting for application shutdown.
INFO:     Application shutdown complete.
INFO:     Started server process [53210]
INFO:     Waiting for application startup.
INFO:     Application startup complete.
ERROR:    [Errno 48] error while attempting to bind on address ('127.0.0.1', 8088): address already in use
INFO:     Waiting for application shutdown.
INFO:     Application shutdown complete.
INFO:     Started server process [53223]
INFO:     Waiting for application startup.
INFO:     Application startup complete.
ERROR:    [Errno 48] error while attempting to bind on address ('127.0.0.1', 8088): address already in use
INFO:     Waiting for application shutdown.
INFO:     Application shutdown complete.
INFO:     Started server process [53233]
INFO:     Waiting for application startup.
INFO:     Application startup complete.
ERROR:    [Errno 48] error while attempting to bind on address ('127.0.0.1', 8088): address already in use
INFO:     Waiting for application shutdown.
INFO:     Application shutdown complete.
INFO:     Started server process [53246]
INFO:     Waiting for application startup.
INFO:     Application startup complete.
ERROR:    [Errno 48] error while attempting to bind on address ('127.0.0.1', 8088): address already in use
INFO:     Waiting for application shutdown.
INFO:     Application shutdown complete.
INFO:     Started server process [53257]
INFO:     Waiting for application startup.
INFO:     Application startup complete.
ERROR:    [Errno 48] error while attempting to bind on address ('127.0.0.1', 8088): address already in use
INFO:     Waiting for application shutdown.
INFO:     Application shutdown complete.
INFO:     Started server process [53266]
INFO:     Waiting for application startup.
INFO:     Application startup complete.
ERROR:    [Errno 48] error while attempting to bind on address ('127.0.0.1', 8088): address already in use
INFO:     Waiting for application shutdown.
INFO:     Application shutdown complete.
INFO:     Started server process [53276]
INFO:     Waiting for application startup.
INFO:     Application startup complete.
ERROR:    [Errno 48] error while attempting to bind on address ('127.0.0.1', 8088): address already in use
INFO:     Waiting for application shutdown.
INFO:     Application shutdown complete.
INFO:     Started server process [53285]
INFO:     Waiting for application startup.
INFO:     Application startup complete.
ERROR:    [Errno 48] error while attempting to bind on address ('127.0.0.1', 8088): address already in use
INFO:     Waiting for application shutdown.
INFO:     Application shutdown complete.
INFO:     Started server process [53315]
INFO:     Waiting for application startup.
INFO:     Application startup complete.
ERROR:    [Errno 48] error while attempting to bind on address ('127.0.0.1', 8088): address already in use
INFO:     Waiting for application shutdown.
INFO:     Application shutdown complete.
INFO:     Started server process [53333]
INFO:     Waiting for application startup.
INFO:     Application startup complete.
ERROR:    [Errno 48] error while attempting to bind on address ('127.0.0.1', 8088): address already in use
INFO:     Waiting for application shutdown.
INFO:     Application shutdown complete.
INFO:     Started server process [53342]
INFO:     Waiting for application startup.
INFO:     Application startup complete.
ERROR:    [Errno 48] error while attempting to bind on address ('127.0.0.1', 8088): address already in use
INFO:     Waiting for application shutdown.
INFO:     Application shutdown complete.
INFO:     Started server process [53353]
INFO:     Waiting for application startup.
INFO:     Application startup complete.
ERROR:    [Errno 48] error while attempting to bind on address ('127.0.0.1', 8088): address already in use
INFO:     Waiting for application shutdown.
INFO:     Application shutdown complete.
INFO:     Started server process [53360]
INFO:     Waiting for application startup.
INFO:     Application startup complete.
ERROR:    [Errno 48] error while attempting to bind on address ('127.0.0.1', 8088): address already in use
INFO:     Waiting for application shutdown.
INFO:     Application shutdown complete.
INFO:     Started server process [53377]
INFO:     Waiting for application startup.
INFO:     Application startup complete.
ERROR:    [Errno 48] error while attempting to bind on address ('127.0.0.1', 8088): address already in use
INFO:     Waiting for application shutdown.
INFO:     Application shutdown complete.
INFO:     Started server process [53387]
INFO:     Waiting for application startup.
INFO:     Application startup complete.
ERROR:    [Errno 48] error while attempting to bind on address ('127.0.0.1', 8088): address already in use
INFO:     Waiting for application shutdown.
INFO:     Application shutdown complete.
INFO:     Started server process [53398]
INFO:     Waiting for application startup.
INFO:     Application startup complete.
ERROR:    [Errno 48] error while attempting to bind on address ('127.0.0.1', 8088): address already in use
INFO:     Waiting for application shutdown.
INFO:     Application shutdown complete.
INFO:     Started server process [53407]
INFO:     Waiting for application startup.
INFO:     Application startup complete.
ERROR:    [Errno 48] error while attempting to bind on address ('127.0.0.1', 8088): address already in use
INFO:     Waiting for application shutdown.
INFO:     Application shutdown complete.
INFO:     Started server process [53416]
INFO:     Waiting for application startup.
INFO:     Application startup complete.
ERROR:    [Errno 48] error while attempting to bind on address ('127.0.0.1', 8088): address already in use
INFO:     Waiting for application shutdown.
INFO:     Application shutdown complete.
INFO:     Started server process [53423]
INFO:     Waiting for application startup.
INFO:     Application startup complete.
ERROR:    [Errno 48] error while attempting to bind on address ('127.0.0.1', 8088): address already in use
INFO:     Waiting for application shutdown.
INFO:     Application shutdown complete.
INFO:     Started server process [53431]
INFO:     Waiting for application startup.
INFO:     Application startup complete.
ERROR:    [Errno 48] error while attempting to bind on address ('127.0.0.1', 8088): address already in use
INFO:     Waiting for application shutdown.
INFO:     Application shutdown complete.
INFO:     Started server process [53440]
INFO:     Waiting for application startup.
INFO:     Application startup complete.
ERROR:    [Errno 48] error while attempting to bind on address ('127.0.0.1', 8088): address already in use
INFO:     Waiting for application shutdown.
INFO:     Application shutdown complete.
INFO:     Started server process [53450]
INFO:     Waiting for application startup.
INFO:     Application startup complete.
ERROR:    [Errno 48] error while attempting to bind on address ('127.0.0.1', 8088): address already in use
INFO:     Waiting for application shutdown.
INFO:     Application shutdown complete.
INFO:     Started server process [53460]
INFO:     Waiting for application startup.
INFO:     Application startup complete.
ERROR:    [Errno 48] error while attempting to bind on address ('127.0.0.1', 8088): address already in use
INFO:     Waiting for application shutdown.
INFO:     Application shutdown complete.
INFO:     Started server process [53467]
INFO:     Waiting for application startup.
INFO:     Application startup complete.
ERROR:    [Errno 48] error while attempting to bind on address ('127.0.0.1', 8088): address already in use
INFO:     Waiting for application shutdown.
INFO:     Application shutdown complete.
INFO:     Started server process [53474]
INFO:     Waiting for application startup.
INFO:     Application startup complete.
ERROR:    [Errno 48] error while attempting to bind on address ('127.0.0.1', 8088): address already in use
INFO:     Waiting for application shutdown.
INFO:     Application shutdown complete.
INFO:     Started server process [53483]
INFO:     Waiting for application startup.
INFO:     Application startup complete.
ERROR:    [Errno 48] error while attempting to bind on address ('127.0.0.1', 8088): address already in use
INFO:     Waiting for application shutdown.
INFO:     Application shutdown complete.
INFO:     Started server process [53493]
INFO:     Waiting for application startup.
INFO:     Application startup complete.
ERROR:    [Errno 48] error while attempting to bind on address ('127.0.0.1', 8088): address already in use
INFO:     Waiting for application shutdown.
INFO:     Application shutdown complete.
INFO:     Started server process [53502]
INFO:     Waiting for application startup.
INFO:     Application startup complete.
ERROR:    [Errno 48] error while attempting to bind on address ('127.0.0.1', 8088): address already in use
INFO:     Waiting for application shutdown.
INFO:     Application shutdown complete.
INFO:     Started server process [53512]
INFO:     Waiting for application startup.
INFO:     Application startup complete.
ERROR:    [Errno 48] error while attempting to bind on address ('127.0.0.1', 8088): address already in use
INFO:     Waiting for application shutdown.
INFO:     Application shutdown complete.
INFO:     Started server process [53519]
INFO:     Waiting for application startup.
INFO:     Application startup complete.
ERROR:    [Errno 48] error while attempting to bind on address ('127.0.0.1', 8088): address already in use
INFO:     Waiting for application shutdown.
INFO:     Application shutdown complete.
INFO:     Started server process [53528]
INFO:     Waiting for application startup.
INFO:     Application startup complete.
ERROR:    [Errno 48] error while attempting to bind on address ('127.0.0.1', 8088): address already in use
INFO:     Waiting for application shutdown.
INFO:     Application shutdown complete.
INFO:     Started server process [53539]
INFO:     Waiting for application startup.
INFO:     Application startup complete.
ERROR:    [Errno 48] error while attempting to bind on address ('127.0.0.1', 8088): address already in use
INFO:     Waiting for application shutdown.
INFO:     Application shutdown complete.
INFO:     Started server process [53553]
INFO:     Waiting for application startup.
INFO:     Application startup complete.
ERROR:    [Errno 48] error while attempting to bind on address ('127.0.0.1', 8088): address already in use
INFO:     Waiting for application shutdown.
INFO:     Application shutdown complete.
INFO:     Started server process [53561]
INFO:     Waiting for application startup.
INFO:     Application startup complete.
ERROR:    [Errno 48] error while attempting to bind on address ('127.0.0.1', 8088): address already in use
INFO:     Waiting for application shutdown.
INFO:     Application shutdown complete.
INFO:     Started server process [53571]
INFO:     Waiting for application startup.
INFO:     Application startup complete.
ERROR:    [Errno 48] error while attempting to bind on address ('127.0.0.1', 8088): address already in use
INFO:     Waiting for application shutdown.
INFO:     Application shutdown complete.
INFO:     Started server process [53579]
INFO:     Waiting for application startup.
INFO:     Application startup complete.
ERROR:    [Errno 48] error while attempting to bind on address ('127.0.0.1', 8088): address already in use
INFO:     Waiting for application shutdown.
INFO:     Application shutdown complete.
INFO:     Started server process [53586]
INFO:     Waiting for application startup.
INFO:     Application startup complete.
ERROR:    [Errno 48] error while attempting to bind on address ('127.0.0.1', 8088): address already in use
INFO:     Waiting for application shutdown.
INFO:     Application shutdown complete.
INFO:     Started server process [53605]
INFO:     Waiting for application startup.
INFO:     Application startup complete.
ERROR:    [Errno 48] error while attempting to bind on address ('127.0.0.1', 8088): address already in use
INFO:     Waiting for application shutdown.
INFO:     Application shutdown complete.
INFO:     Started server process [53615]
INFO:     Waiting for application startup.
INFO:     Application startup complete.
ERROR:    [Errno 48] error while attempting to bind on address ('127.0.0.1', 8088): address already in use
INFO:     Waiting for application shutdown.
INFO:     Application shutdown complete.
INFO:     Started server process [53626]
INFO:     Waiting for application startup.
INFO:     Application startup complete.
ERROR:    [Errno 48] error while attempting to bind on address ('127.0.0.1', 8088): address already in use
INFO:     Waiting for application shutdown.
INFO:     Application shutdown complete.
INFO:     Started server process [53635]
INFO:     Waiting for application startup.
INFO:     Application startup complete.
ERROR:    [Errno 48] error while attempting to bind on address ('127.0.0.1', 8088): address already in use
INFO:     Waiting for application shutdown.
INFO:     Application shutdown complete.
INFO:     Started server process [53644]
INFO:     Waiting for application startup.
INFO:     Application startup complete.
ERROR:    [Errno 48] error while attempting to bind on address ('127.0.0.1', 8088): address already in use
INFO:     Waiting for application shutdown.
INFO:     Application shutdown complete.
INFO:     Started server process [53661]
INFO:     Waiting for application startup.
INFO:     Application startup complete.
ERROR:    [Errno 48] error while attempting to bind on address ('127.0.0.1', 8088): address already in use
INFO:     Waiting for application shutdown.
INFO:     Application shutdown complete.
INFO:     Started server process [53674]
INFO:     Waiting for application startup.
INFO:     Application startup complete.
ERROR:    [Errno 48] error while attempting to bind on address ('127.0.0.1', 8088): address already in use
INFO:     Waiting for application shutdown.
INFO:     Application shutdown complete.
INFO:     Started server process [53686]
INFO:     Waiting for application startup.
INFO:     Application startup complete.
ERROR:    [Errno 48] error while attempting to bind on address ('127.0.0.1', 8088): address already in use
INFO:     Waiting for application shutdown.
INFO:     Application shutdown complete.
INFO:     Started server process [53696]
INFO:     Waiting for application startup.
INFO:     Application startup complete.
ERROR:    [Errno 48] error while attempting to bind on address ('127.0.0.1', 8088): address already in use
INFO:     Waiting for application shutdown.
INFO:     Application shutdown complete.
INFO:     Started server process [53703]
INFO:     Waiting for application startup.
INFO:     Application startup complete.
ERROR:    [Errno 48] error while attempting to bind on address ('127.0.0.1', 8088): address already in use
INFO:     Waiting for application shutdown.
INFO:     Application shutdown complete.
INFO:     Started server process [53710]
INFO:     Waiting for application startup.
INFO:     Application startup complete.
ERROR:    [Errno 48] error while attempting to bind on address ('127.0.0.1', 8088): address already in use
INFO:     Waiting for application shutdown.
INFO:     Application shutdown complete.
INFO:     Started server process [53718]
INFO:     Waiting for application startup.
INFO:     Application startup complete.
ERROR:    [Errno 48] error while attempting to bind on address ('127.0.0.1', 8088): address already in use
INFO:     Waiting for application shutdown.
INFO:     Application shutdown complete.
INFO:     Started server process [53729]
INFO:     Waiting for application startup.
INFO:     Application startup complete.
ERROR:    [Errno 48] error while attempting to bind on address ('127.0.0.1', 8088): address already in use
INFO:     Waiting for application shutdown.
INFO:     Application shutdown complete.
INFO:     Started server process [53737]
INFO:     Waiting for application startup.
INFO:     Application startup complete.
ERROR:    [Errno 48] error while attempting to bind on address ('127.0.0.1', 8088): address already in use
INFO:     Waiting for application shutdown.
INFO:     Application shutdown complete.
INFO:     Started server process [53747]
INFO:     Waiting for application startup.
INFO:     Application startup complete.
ERROR:    [Errno 48] error while attempting to bind on address ('127.0.0.1', 8088): address already in use
INFO:     Waiting for application shutdown.
INFO:     Application shutdown complete.
INFO:     Started server process [53755]
INFO:     Waiting for application startup.
INFO:     Application startup complete.
ERROR:    [Errno 48] error while attempting to bind on address ('127.0.0.1', 8088): address already in use
INFO:     Waiting for application shutdown.
INFO:     Application shutdown complete.
INFO:     Started server process [53762]
INFO:     Waiting for application startup.
INFO:     Application startup complete.
ERROR:    [Errno 48] error while attempting to bind on address ('127.0.0.1', 8088): address already in use
INFO:     Waiting for application shutdown.
INFO:     Application shutdown complete.
INFO:     Started server process [53773]
INFO:     Waiting for application startup.
INFO:     Application startup complete.
ERROR:    [Errno 48] error while attempting to bind on address ('127.0.0.1', 8088): address already in use
INFO:     Waiting for application shutdown.
INFO:     Application shutdown complete.
INFO:     Started server process [53781]
INFO:     Waiting for application startup.
INFO:     Application startup complete.
ERROR:    [Errno 48] error while attempting to bind on address ('127.0.0.1', 8088): address already in use
INFO:     Waiting for application shutdown.
INFO:     Application shutdown complete.
INFO:     Started server process [53788]
INFO:     Waiting for application startup.
INFO:     Application startup complete.
ERROR:    [Errno 48] error while attempting to bind on address ('127.0.0.1', 8088): address already in use
INFO:     Waiting for application shutdown.
INFO:     Application shutdown complete.
INFO:     Started server process [53799]
INFO:     Waiting for application startup.
INFO:     Application startup complete.
ERROR:    [Errno 48] error while attempting to bind on address ('127.0.0.1', 8088): address already in use
INFO:     Waiting for application shutdown.
INFO:     Application shutdown complete.
INFO:     Started server process [53807]
INFO:     Waiting for application startup.
INFO:     Application startup complete.
ERROR:    [Errno 48] error while attempting to bind on address ('127.0.0.1', 8088): address already in use
INFO:     Waiting for application shutdown.
INFO:     Application shutdown complete.
INFO:     Started server process [53814]
INFO:     Waiting for application startup.
INFO:     Application startup complete.
ERROR:    [Errno 48] error while attempting to bind on address ('127.0.0.1', 8088): address already in use
INFO:     Waiting for application shutdown.
INFO:     Application shutdown complete.
INFO:     Started server process [53826]
INFO:     Waiting for application startup.
INFO:     Application startup complete.
ERROR:    [Errno 48] error while attempting to bind on address ('127.0.0.1', 8088): address already in use
INFO:     Waiting for application shutdown.
INFO:     Application shutdown complete.
INFO:     Started server process [53834]
INFO:     Waiting for application startup.
INFO:     Application startup complete.
ERROR:    [Errno 48] error while attempting to bind on address ('127.0.0.1', 8088): address already in use
INFO:     Waiting for application shutdown.
INFO:     Application shutdown complete.
INFO:     Started server process [53843]
INFO:     Waiting for application startup.
INFO:     Application startup complete.
ERROR:    [Errno 48] error while attempting to bind on address ('127.0.0.1', 8088): address already in use
INFO:     Waiting for application shutdown.
INFO:     Application shutdown complete.
INFO:     Started server process [53851]
INFO:     Waiting for application startup.
INFO:     Application startup complete.
ERROR:    [Errno 48] error while attempting to bind on address ('127.0.0.1', 8088): address already in use
INFO:     Waiting for application shutdown.
INFO:     Application shutdown complete.
INFO:     Started server process [53858]
INFO:     Waiting for application startup.
INFO:     Application startup complete.
ERROR:    [Errno 48] error while attempting to bind on address ('127.0.0.1', 8088): address already in use
INFO:     Waiting for application shutdown.
INFO:     Application shutdown complete.
INFO:     Started server process [53882]
INFO:     Waiting for application startup.
INFO:     Application startup complete.
ERROR:    [Errno 48] error while attempting to bind on address ('127.0.0.1', 8088): address already in use
INFO:     Waiting for application shutdown.
INFO:     Application shutdown complete.
INFO:     Started server process [53897]
INFO:     Waiting for application startup.
INFO:     Application startup complete.
ERROR:    [Errno 48] error while attempting to bind on address ('127.0.0.1', 8088): address already in use
INFO:     Waiting for application shutdown.
INFO:     Application shutdown complete.
INFO:     Started server process [53907]
INFO:     Waiting for application startup.
INFO:     Application startup complete.
ERROR:    [Errno 48] error while attempting to bind on address ('127.0.0.1', 8088): address already in use
INFO:     Waiting for application shutdown.
INFO:     Application shutdown complete.
INFO:     Started server process [53929]
INFO:     Waiting for application startup.
INFO:     Application startup complete.
ERROR:    [Errno 48] error while attempting to bind on address ('127.0.0.1', 8088): address already in use
INFO:     Waiting for application shutdown.
INFO:     Application shutdown complete.
INFO:     Started server process [53949]
INFO:     Waiting for application startup.
INFO:     Application startup complete.
ERROR:    [Errno 48] error while attempting to bind on address ('127.0.0.1', 8088): address already in use
INFO:     Waiting for application shutdown.
INFO:     Application shutdown complete.
INFO:     Started server process [53970]
INFO:     Waiting for application startup.
INFO:     Application startup complete.
ERROR:    [Errno 48] error while attempting to bind on address ('127.0.0.1', 8088): address already in use
INFO:     Waiting for application shutdown.
INFO:     Application shutdown complete.
INFO:     Started server process [53984]
INFO:     Waiting for application startup.
INFO:     Application startup complete.
ERROR:    [Errno 48] error while attempting to bind on address ('127.0.0.1', 8088): address already in use
INFO:     Waiting for application shutdown.
INFO:     Application shutdown complete.
INFO:     Started server process [53993]
INFO:     Waiting for application startup.
INFO:     Application startup complete.
ERROR:    [Errno 48] error while attempting to bind on address ('127.0.0.1', 8088): address already in use
INFO:     Waiting for application shutdown.
INFO:     Application shutdown complete.
INFO:     Started server process [54000]
INFO:     Waiting for application startup.
INFO:     Application startup complete.
ERROR:    [Errno 48] error while attempting to bind on address ('127.0.0.1', 8088): address already in use
INFO:     Waiting for application shutdown.
INFO:     Application shutdown complete.
INFO:     Started server process [54019]
INFO:     Waiting for application startup.
INFO:     Application startup complete.
ERROR:    [Errno 48] error while attempting to bind on address ('127.0.0.1', 8088): address already in use
INFO:     Waiting for application shutdown.
INFO:     Application shutdown complete.
INFO:     Started server process [54029]
INFO:     Waiting for application startup.
INFO:     Application startup complete.
ERROR:    [Errno 48] error while attempting to bind on address ('127.0.0.1', 8088): address already in use
INFO:     Waiting for application shutdown.
INFO:     Application shutdown complete.
INFO:     Started server process [54036]
INFO:     Waiting for application startup.
INFO:     Application startup complete.
ERROR:    [Errno 48] error while attempting to bind on address ('127.0.0.1', 8088): address already in use
INFO:     Waiting for application shutdown.
INFO:     Application shutdown complete.
INFO:     Started server process [54047]
INFO:     Waiting for application startup.
INFO:     Application startup complete.
ERROR:    [Errno 48] error while attempting to bind on address ('127.0.0.1', 8088): address already in use
INFO:     Waiting for application shutdown.
INFO:     Application shutdown complete.
INFO:     Started server process [54056]
INFO:     Waiting for application startup.
INFO:     Application startup complete.
ERROR:    [Errno 48] error while attempting to bind on address ('127.0.0.1', 8088): address already in use
INFO:     Waiting for application shutdown.
INFO:     Application shutdown complete.
INFO:     Started server process [54065]
INFO:     Waiting for application startup.
INFO:     Application startup complete.
ERROR:    [Errno 48] error while attempting to bind on address ('127.0.0.1', 8088): address already in use
INFO:     Waiting for application shutdown.
INFO:     Application shutdown complete.
INFO:     Started server process [54072]
INFO:     Waiting for application startup.
INFO:     Application startup complete.
ERROR:    [Errno 48] error while attempting to bind on address ('127.0.0.1', 8088): address already in use
INFO:     Waiting for application shutdown.
INFO:     Application shutdown complete.
INFO:     Started server process [54081]
INFO:     Waiting for application startup.
INFO:     Application startup complete.
ERROR:    [Errno 48] error while attempting to bind on address ('127.0.0.1', 8088): address already in use
INFO:     Waiting for application shutdown.
INFO:     Application shutdown complete.
INFO:     Started server process [54092]
INFO:     Waiting for application startup.
INFO:     Application startup complete.
ERROR:    [Errno 48] error while attempting to bind on address ('127.0.0.1', 8088): address already in use
INFO:     Waiting for application shutdown.
INFO:     Application shutdown complete.
INFO:     Started server process [54100]
INFO:     Waiting for application startup.
INFO:     Application startup complete.
ERROR:    [Errno 48] error while attempting to bind on address ('127.0.0.1', 8088): address already in use
INFO:     Waiting for application shutdown.
INFO:     Application shutdown complete.
INFO:     Started server process [54109]
INFO:     Waiting for application startup.
INFO:     Application startup complete.
ERROR:    [Errno 48] error while attempting to bind on address ('127.0.0.1', 8088): address already in use
INFO:     Waiting for application shutdown.
INFO:     Application shutdown complete.
INFO:     Started server process [54118]
INFO:     Waiting for application startup.
INFO:     Application startup complete.
ERROR:    [Errno 48] error while attempting to bind on address ('127.0.0.1', 8088): address already in use
INFO:     Waiting for application shutdown.
INFO:     Application shutdown complete.
INFO:     Started server process [54125]
INFO:     Waiting for application startup.
INFO:     Application startup complete.
ERROR:    [Errno 48] error while attempting to bind on address ('127.0.0.1', 8088): address already in use
INFO:     Waiting for application shutdown.
INFO:     Application shutdown complete.
INFO:     Started server process [54136]
INFO:     Waiting for application startup.
INFO:     Application startup complete.
ERROR:    [Errno 48] error while attempting to bind on address ('127.0.0.1', 8088): address already in use
INFO:     Waiting for application shutdown.
INFO:     Application shutdown complete.
INFO:     Started server process [54144]
INFO:     Waiting for application startup.
INFO:     Application startup complete.
ERROR:    [Errno 48] error while attempting to bind on address ('127.0.0.1', 8088): address already in use
INFO:     Waiting for application shutdown.
INFO:     Application shutdown complete.
INFO:     Started server process [54152]
INFO:     Waiting for application startup.
INFO:     Application startup complete.
ERROR:    [Errno 48] error while attempting to bind on address ('127.0.0.1', 8088): address already in use
INFO:     Waiting for application shutdown.
INFO:     Application shutdown complete.
INFO:     Started server process [54160]
INFO:     Waiting for application startup.
INFO:     Application startup complete.
ERROR:    [Errno 48] error while attempting to bind on address ('127.0.0.1', 8088): address already in use
INFO:     Waiting for application shutdown.
INFO:     Application shutdown complete.
INFO:     Started server process [54176]
INFO:     Waiting for application startup.
INFO:     Application startup complete.
ERROR:    [Errno 48] error while attempting to bind on address ('127.0.0.1', 8088): address already in use
INFO:     Waiting for application shutdown.
INFO:     Application shutdown complete.
INFO:     Started server process [54185]
INFO:     Waiting for application startup.
INFO:     Application startup complete.
ERROR:    [Errno 48] error while attempting to bind on address ('127.0.0.1', 8088): address already in use
INFO:     Waiting for application shutdown.
INFO:     Application shutdown complete.
INFO:     Started server process [54195]
INFO:     Waiting for application startup.
INFO:     Application startup complete.
ERROR:    [Errno 48] error while attempting to bind on address ('127.0.0.1', 8088): address already in use
INFO:     Waiting for application shutdown.
INFO:     Application shutdown complete.
INFO:     Started server process [54204]
INFO:     Waiting for application startup.
INFO:     Application startup complete.
ERROR:    [Errno 48] error while attempting to bind on address ('127.0.0.1', 8088): address already in use
INFO:     Waiting for application shutdown.
INFO:     Application shutdown complete.
INFO:     Started server process [54212]
INFO:     Waiting for application startup.
INFO:     Application startup complete.
ERROR:    [Errno 48] error while attempting to bind on address ('127.0.0.1', 8088): address already in use
INFO:     Waiting for application shutdown.
INFO:     Application shutdown complete.
INFO:     Started server process [54224]
INFO:     Waiting for application startup.
INFO:     Application startup complete.
ERROR:    [Errno 48] error while attempting to bind on address ('127.0.0.1', 8088): address already in use
INFO:     Waiting for application shutdown.
INFO:     Application shutdown complete.
INFO:     Started server process [54240]
INFO:     Waiting for application startup.
INFO:     Application startup complete.
ERROR:    [Errno 48] error while attempting to bind on address ('127.0.0.1', 8088): address already in use
INFO:     Waiting for application shutdown.
INFO:     Application shutdown complete.
INFO:     Started server process [54247]
INFO:     Waiting for application startup.
INFO:     Application startup complete.
ERROR:    [Errno 48] error while attempting to bind on address ('127.0.0.1', 8088): address already in use
INFO:     Waiting for application shutdown.
INFO:     Application shutdown complete.
INFO:     Started server process [54257]
INFO:     Waiting for application startup.
INFO:     Application startup complete.
ERROR:    [Errno 48] error while attempting to bind on address ('127.0.0.1', 8088): address already in use
INFO:     Waiting for application shutdown.
INFO:     Application shutdown complete.
INFO:     Started server process [54269]
INFO:     Waiting for application startup.
INFO:     Application startup complete.
ERROR:    [Errno 48] error while attempting to bind on address ('127.0.0.1', 8088): address already in use
INFO:     Waiting for application shutdown.
INFO:     Application shutdown complete.
INFO:     Started server process [54277]
INFO:     Waiting for application startup.
INFO:     Application startup complete.
ERROR:    [Errno 48] error while attempting to bind on address ('127.0.0.1', 8088): address already in use
INFO:     Waiting for application shutdown.
INFO:     Application shutdown complete.
INFO:     Started server process [54288]
INFO:     Waiting for application startup.
INFO:     Application startup complete.
ERROR:    [Errno 48] error while attempting to bind on address ('127.0.0.1', 8088): address already in use
INFO:     Waiting for application shutdown.
INFO:     Application shutdown complete.
INFO:     Started server process [54303]
INFO:     Waiting for application startup.
INFO:     Application startup complete.
ERROR:    [Errno 48] error while attempting to bind on address ('127.0.0.1', 8088): address already in use
INFO:     Waiting for application shutdown.
INFO:     Application shutdown complete.
INFO:     Started server process [54311]
INFO:     Waiting for application startup.
INFO:     Application startup complete.
ERROR:    [Errno 48] error while attempting to bind on address ('127.0.0.1', 8088): address already in use
INFO:     Waiting for application shutdown.
INFO:     Application shutdown complete.
INFO:     Started server process [54328]
INFO:     Waiting for application startup.
INFO:     Application startup complete.
ERROR:    [Errno 48] error while attempting to bind on address ('127.0.0.1', 8088): address already in use
INFO:     Waiting for application shutdown.
INFO:     Application shutdown complete.
INFO:     Started server process [54336]
INFO:     Waiting for application startup.
INFO:     Application startup complete.
ERROR:    [Errno 48] error while attempting to bind on address ('127.0.0.1', 8088): address already in use
INFO:     Waiting for application shutdown.
INFO:     Application shutdown complete.
INFO:     Started server process [54343]
INFO:     Waiting for application startup.
INFO:     Application startup complete.
ERROR:    [Errno 48] error while attempting to bind on address ('127.0.0.1', 8088): address already in use
INFO:     Waiting for application shutdown.
INFO:     Application shutdown complete.
INFO:     Started server process [54353]
INFO:     Waiting for application startup.
INFO:     Application startup complete.
ERROR:    [Errno 48] error while attempting to bind on address ('127.0.0.1', 8088): address already in use
INFO:     Waiting for application shutdown.
INFO:     Application shutdown complete.
INFO:     Started server process [54360]
INFO:     Waiting for application startup.
INFO:     Application startup complete.
ERROR:    [Errno 48] error while attempting to bind on address ('127.0.0.1', 8088): address already in use
INFO:     Waiting for application shutdown.
INFO:     Application shutdown complete.
INFO:     Started server process [54367]
INFO:     Waiting for application startup.
INFO:     Application startup complete.
ERROR:    [Errno 48] error while attempting to bind on address ('127.0.0.1', 8088): address already in use
INFO:     Waiting for application shutdown.
INFO:     Application shutdown complete.
INFO:     Started server process [54378]
INFO:     Waiting for application startup.
INFO:     Application startup complete.
ERROR:    [Errno 48] error while attempting to bind on address ('127.0.0.1', 8088): address already in use
INFO:     Waiting for application shutdown.
INFO:     Application shutdown complete.
INFO:     Started server process [54386]
INFO:     Waiting for application startup.
INFO:     Application startup complete.
ERROR:    [Errno 48] error while attempting to bind on address ('127.0.0.1', 8088): address already in use
INFO:     Waiting for application shutdown.
INFO:     Application shutdown complete.
INFO:     Started server process [54396]
INFO:     Waiting for application startup.
INFO:     Application startup complete.
ERROR:    [Errno 48] error while attempting to bind on address ('127.0.0.1', 8088): address already in use
INFO:     Waiting for application shutdown.
INFO:     Application shutdown complete.
INFO:     Started server process [54405]
INFO:     Waiting for application startup.
INFO:     Application startup complete.
ERROR:    [Errno 48] error while attempting to bind on address ('127.0.0.1', 8088): address already in use
INFO:     Waiting for application shutdown.
INFO:     Application shutdown complete.
INFO:     Started server process [54412]
INFO:     Waiting for application startup.
INFO:     Application startup complete.
ERROR:    [Errno 48] error while attempting to bind on address ('127.0.0.1', 8088): address already in use
INFO:     Waiting for application shutdown.
INFO:     Application shutdown complete.
INFO:     Started server process [54421]
INFO:     Waiting for application startup.
INFO:     Application startup complete.
ERROR:    [Errno 48] error while attempting to bind on address ('127.0.0.1', 8088): address already in use
INFO:     Waiting for application shutdown.
INFO:     Application shutdown complete.
INFO:     Started server process [54431]
INFO:     Waiting for application startup.
INFO:     Application startup complete.
ERROR:    [Errno 48] error while attempting to bind on address ('127.0.0.1', 8088): address already in use
INFO:     Waiting for application shutdown.
INFO:     Application shutdown complete.
INFO:     Started server process [54446]
INFO:     Waiting for application startup.
INFO:     Application startup complete.
ERROR:    [Errno 48] error while attempting to bind on address ('127.0.0.1', 8088): address already in use
INFO:     Waiting for application shutdown.
INFO:     Application shutdown complete.
INFO:     Started server process [54456]
INFO:     Waiting for application startup.
INFO:     Application startup complete.
ERROR:    [Errno 48] error while attempting to bind on address ('127.0.0.1', 8088): address already in use
INFO:     Waiting for application shutdown.
INFO:     Application shutdown complete.
INFO:     Started server process [54465]
INFO:     Waiting for application startup.
INFO:     Application startup complete.
ERROR:    [Errno 48] error while attempting to bind on address ('127.0.0.1', 8088): address already in use
INFO:     Waiting for application shutdown.
INFO:     Application shutdown complete.
INFO:     Started server process [54472]
INFO:     Waiting for application startup.
INFO:     Application startup complete.
ERROR:    [Errno 48] error while attempting to bind on address ('127.0.0.1', 8088): address already in use
INFO:     Waiting for application shutdown.
INFO:     Application shutdown complete.
INFO:     Started server process [54481]
INFO:     Waiting for application startup.
INFO:     Application startup complete.
ERROR:    [Errno 48] error while attempting to bind on address ('127.0.0.1', 8088): address already in use
INFO:     Waiting for application shutdown.
INFO:     Application shutdown complete.
INFO:     Started server process [54492]
INFO:     Waiting for application startup.
INFO:     Application startup complete.
ERROR:    [Errno 48] error while attempting to bind on address ('127.0.0.1', 8088): address already in use
INFO:     Waiting for application shutdown.
INFO:     Application shutdown complete.
INFO:     Started server process [54499]
INFO:     Waiting for application startup.
INFO:     Application startup complete.
ERROR:    [Errno 48] error while attempting to bind on address ('127.0.0.1', 8088): address already in use
INFO:     Waiting for application shutdown.
INFO:     Application shutdown complete.
INFO:     Started server process [54517]
INFO:     Waiting for application startup.
INFO:     Application startup complete.
ERROR:    [Errno 48] error while attempting to bind on address ('127.0.0.1', 8088): address already in use
INFO:     Waiting for application shutdown.
INFO:     Application shutdown complete.
INFO:     Started server process [54541]
INFO:     Waiting for application startup.
INFO:     Application startup complete.
ERROR:    [Errno 48] error while attempting to bind on address ('127.0.0.1', 8088): address already in use
INFO:     Waiting for application shutdown.
INFO:     Application shutdown complete.
INFO:     Started server process [54561]
INFO:     Waiting for application startup.
INFO:     Application startup complete.
ERROR:    [Errno 48] error while attempting to bind on address ('127.0.0.1', 8088): address already in use
INFO:     Waiting for application shutdown.
INFO:     Application shutdown complete.
INFO:     Started server process [54576]
INFO:     Waiting for application startup.
INFO:     Application startup complete.
ERROR:    [Errno 48] error while attempting to bind on address ('127.0.0.1', 8088): address already in use
INFO:     Waiting for application shutdown.
INFO:     Application shutdown complete.
INFO:     Started server process [54589]
INFO:     Waiting for application startup.
INFO:     Application startup complete.
ERROR:    [Errno 48] error while attempting to bind on address ('127.0.0.1', 8088): address already in use
INFO:     Waiting for application shutdown.
INFO:     Application shutdown complete.
INFO:     Started server process [54599]
INFO:     Waiting for application startup.
INFO:     Application startup complete.
ERROR:    [Errno 48] error while attempting to bind on address ('127.0.0.1', 8088): address already in use
INFO:     Waiting for application shutdown.
INFO:     Application shutdown complete.
INFO:     Started server process [54610]
INFO:     Waiting for application startup.
INFO:     Application startup complete.
ERROR:    [Errno 48] error while attempting to bind on address ('127.0.0.1', 8088): address already in use
INFO:     Waiting for application shutdown.
INFO:     Application shutdown complete.
INFO:     Started server process [54626]
INFO:     Waiting for application startup.
INFO:     Application startup complete.
ERROR:    [Errno 48] error while attempting to bind on address ('127.0.0.1', 8088): address already in use
INFO:     Waiting for application shutdown.
INFO:     Application shutdown complete.
INFO:     Started server process [54639]
INFO:     Waiting for application startup.
INFO:     Application startup complete.
ERROR:    [Errno 48] error while attempting to bind on address ('127.0.0.1', 8088): address already in use
INFO:     Waiting for application shutdown.
INFO:     Application shutdown complete.
INFO:     Started server process [54657]
INFO:     Waiting for application startup.
INFO:     Application startup complete.
ERROR:    [Errno 48] error while attempting to bind on address ('127.0.0.1', 8088): address already in use
INFO:     Waiting for application shutdown.
INFO:     Application shutdown complete.
INFO:     Started server process [54670]
INFO:     Waiting for application startup.
INFO:     Application startup complete.
ERROR:    [Errno 48] error while attempting to bind on address ('127.0.0.1', 8088): address already in use
INFO:     Waiting for application shutdown.
INFO:     Application shutdown complete.
INFO:     Started server process [54683]
INFO:     Waiting for application startup.
INFO:     Application startup complete.
ERROR:    [Errno 48] error while attempting to bind on address ('127.0.0.1', 8088): address already in use
INFO:     Waiting for application shutdown.
INFO:     Application shutdown complete.
INFO:     Started server process [54694]
INFO:     Waiting for application startup.
INFO:     Application startup complete.
ERROR:    [Errno 48] error while attempting to bind on address ('127.0.0.1', 8088): address already in use
INFO:     Waiting for application shutdown.
INFO:     Application shutdown complete.
INFO:     Started server process [54705]
INFO:     Waiting for application startup.
INFO:     Application startup complete.
ERROR:    [Errno 48] error while attempting to bind on address ('127.0.0.1', 8088): address already in use
INFO:     Waiting for application shutdown.
INFO:     Application shutdown complete.
INFO:     Started server process [54727]
INFO:     Waiting for application startup.
INFO:     Application startup complete.
ERROR:    [Errno 48] error while attempting to bind on address ('127.0.0.1', 8088): address already in use
INFO:     Waiting for application shutdown.
INFO:     Application shutdown complete.
INFO:     Started server process [54737]
INFO:     Waiting for application startup.
INFO:     Application startup complete.
ERROR:    [Errno 48] error while attempting to bind on address ('127.0.0.1', 8088): address already in use
INFO:     Waiting for application shutdown.
INFO:     Application shutdown complete.
INFO:     Started server process [54746]
INFO:     Waiting for application startup.
INFO:     Application startup complete.
ERROR:    [Errno 48] error while attempting to bind on address ('127.0.0.1', 8088): address already in use
INFO:     Waiting for application shutdown.
INFO:     Application shutdown complete.
INFO:     Started server process [54755]
INFO:     Waiting for application startup.
INFO:     Application startup complete.
ERROR:    [Errno 48] error while attempting to bind on address ('127.0.0.1', 8088): address already in use
INFO:     Waiting for application shutdown.
INFO:     Application shutdown complete.
INFO:     Started server process [54762]
INFO:     Waiting for application startup.
INFO:     Application startup complete.
ERROR:    [Errno 48] error while attempting to bind on address ('127.0.0.1', 8088): address already in use
INFO:     Waiting for application shutdown.
INFO:     Application shutdown complete.
INFO:     Started server process [54771]
INFO:     Waiting for application startup.
INFO:     Application startup complete.
ERROR:    [Errno 48] error while attempting to bind on address ('127.0.0.1', 8088): address already in use
INFO:     Waiting for application shutdown.
INFO:     Application shutdown complete.
INFO:     Started server process [54779]
INFO:     Waiting for application startup.
INFO:     Application startup complete.
ERROR:    [Errno 48] error while attempting to bind on address ('127.0.0.1', 8088): address already in use
INFO:     Waiting for application shutdown.
INFO:     Application shutdown complete.
INFO:     Started server process [54789]
INFO:     Waiting for application startup.
INFO:     Application startup complete.
ERROR:    [Errno 48] error while attempting to bind on address ('127.0.0.1', 8088): address already in use
INFO:     Waiting for application shutdown.
INFO:     Application shutdown complete.
INFO:     Started server process [54797]
INFO:     Waiting for application startup.
INFO:     Application startup complete.
ERROR:    [Errno 48] error while attempting to bind on address ('127.0.0.1', 8088): address already in use
INFO:     Waiting for application shutdown.
INFO:     Application shutdown complete.
INFO:     Started server process [54806]
INFO:     Waiting for application startup.
INFO:     Application startup complete.
ERROR:    [Errno 48] error while attempting to bind on address ('127.0.0.1', 8088): address already in use
INFO:     Waiting for application shutdown.
INFO:     Application shutdown complete.
INFO:     Started server process [54814]
INFO:     Waiting for application startup.
INFO:     Application startup complete.
ERROR:    [Errno 48] error while attempting to bind on address ('127.0.0.1', 8088): address already in use
INFO:     Waiting for application shutdown.
INFO:     Application shutdown complete.
INFO:     Started server process [54823]
INFO:     Waiting for application startup.
INFO:     Application startup complete.
ERROR:    [Errno 48] error while attempting to bind on address ('127.0.0.1', 8088): address already in use
INFO:     Waiting for application shutdown.
INFO:     Application shutdown complete.
INFO:     Started server process [54831]
INFO:     Waiting for application startup.
INFO:     Application startup complete.
ERROR:    [Errno 48] error while attempting to bind on address ('127.0.0.1', 8088): address already in use
INFO:     Waiting for application shutdown.
INFO:     Application shutdown complete.
INFO:     Started server process [54842]
INFO:     Waiting for application startup.
INFO:     Application startup complete.
ERROR:    [Errno 48] error while attempting to bind on address ('127.0.0.1', 8088): address already in use
INFO:     Waiting for application shutdown.
INFO:     Application shutdown complete.
INFO:     Started server process [54853]
INFO:     Waiting for application startup.
INFO:     Application startup complete.
ERROR:    [Errno 48] error while attempting to bind on address ('127.0.0.1', 8088): address already in use
INFO:     Waiting for application shutdown.
INFO:     Application shutdown complete.
INFO:     Started server process [54860]
INFO:     Waiting for application startup.
INFO:     Application startup complete.
ERROR:    [Errno 48] error while attempting to bind on address ('127.0.0.1', 8088): address already in use
INFO:     Waiting for application shutdown.
INFO:     Application shutdown complete.
INFO:     Started server process [54877]
INFO:     Waiting for application startup.
INFO:     Application startup complete.
ERROR:    [Errno 48] error while attempting to bind on address ('127.0.0.1', 8088): address already in use
INFO:     Waiting for application shutdown.
INFO:     Application shutdown complete.
INFO:     Started server process [54885]
INFO:     Waiting for application startup.
INFO:     Application startup complete.
ERROR:    [Errno 48] error while attempting to bind on address ('127.0.0.1', 8088): address already in use
INFO:     Waiting for application shutdown.
INFO:     Application shutdown complete.
INFO:     Started server process [54896]
INFO:     Waiting for application startup.
INFO:     Application startup complete.
ERROR:    [Errno 48] error while attempting to bind on address ('127.0.0.1', 8088): address already in use
INFO:     Waiting for application shutdown.
INFO:     Application shutdown complete.
INFO:     Started server process [54906]
INFO:     Waiting for application startup.
INFO:     Application startup complete.
ERROR:    [Errno 48] error while attempting to bind on address ('127.0.0.1', 8088): address already in use
INFO:     Waiting for application shutdown.
INFO:     Application shutdown complete.
INFO:     Started server process [54916]
INFO:     Waiting for application startup.
INFO:     Application startup complete.
ERROR:    [Errno 48] error while attempting to bind on address ('127.0.0.1', 8088): address already in use
INFO:     Waiting for application shutdown.
INFO:     Application shutdown complete.
INFO:     Started server process [54923]
INFO:     Waiting for application startup.
INFO:     Application startup complete.
ERROR:    [Errno 48] error while attempting to bind on address ('127.0.0.1', 8088): address already in use
INFO:     Waiting for application shutdown.
INFO:     Application shutdown complete.
INFO:     Started server process [54941]
INFO:     Waiting for application startup.
INFO:     Application startup complete.
ERROR:    [Errno 48] error while attempting to bind on address ('127.0.0.1', 8088): address already in use
INFO:     Waiting for application shutdown.
INFO:     Application shutdown complete.
INFO:     Started server process [54955]
INFO:     Waiting for application startup.
INFO:     Application startup complete.
ERROR:    [Errno 48] error while attempting to bind on address ('127.0.0.1', 8088): address already in use
INFO:     Waiting for application shutdown.
INFO:     Application shutdown complete.
INFO:     Started server process [54963]
INFO:     Waiting for application startup.
INFO:     Application startup complete.
ERROR:    [Errno 48] error while attempting to bind on address ('127.0.0.1', 8088): address already in use
INFO:     Waiting for application shutdown.
INFO:     Application shutdown complete.
INFO:     Started server process [54974]
INFO:     Waiting for application startup.
INFO:     Application startup complete.
ERROR:    [Errno 48] error while attempting to bind on address ('127.0.0.1', 8088): address already in use
INFO:     Waiting for application shutdown.
INFO:     Application shutdown complete.
INFO:     Started server process [54984]
INFO:     Waiting for application startup.
INFO:     Application startup complete.
ERROR:    [Errno 48] error while attempting to bind on address ('127.0.0.1', 8088): address already in use
INFO:     Waiting for application shutdown.
INFO:     Application shutdown complete.
INFO:     Started server process [54991]
INFO:     Waiting for application startup.
INFO:     Application startup complete.
ERROR:    [Errno 48] error while attempting to bind on address ('127.0.0.1', 8088): address already in use
INFO:     Waiting for application shutdown.
INFO:     Application shutdown complete.
INFO:     Started server process [54998]
INFO:     Waiting for application startup.
INFO:     Application startup complete.
ERROR:    [Errno 48] error while attempting to bind on address ('127.0.0.1', 8088): address already in use
INFO:     Waiting for application shutdown.
INFO:     Application shutdown complete.
INFO:     Started server process [55007]
INFO:     Waiting for application startup.
INFO:     Application startup complete.
ERROR:    [Errno 48] error while attempting to bind on address ('127.0.0.1', 8088): address already in use
INFO:     Waiting for application shutdown.
INFO:     Application shutdown complete.
INFO:     Started server process [55019]
INFO:     Waiting for application startup.
INFO:     Application startup complete.
ERROR:    [Errno 48] error while attempting to bind on address ('127.0.0.1', 8088): address already in use
INFO:     Waiting for application shutdown.
INFO:     Application shutdown complete.
INFO:     Started server process [55045]
INFO:     Waiting for application startup.
INFO:     Application startup complete.
ERROR:    [Errno 48] error while attempting to bind on address ('127.0.0.1', 8088): address already in use
INFO:     Waiting for application shutdown.
INFO:     Application shutdown complete.
INFO:     Started server process [55055]
INFO:     Waiting for application startup.
INFO:     Application startup complete.
ERROR:    [Errno 48] error while attempting to bind on address ('127.0.0.1', 8088): address already in use
INFO:     Waiting for application shutdown.
INFO:     Application shutdown complete.
INFO:     Started server process [55083]
INFO:     Waiting for application startup.
INFO:     Application startup complete.
ERROR:    [Errno 48] error while attempting to bind on address ('127.0.0.1', 8088): address already in use
INFO:     Waiting for application shutdown.
INFO:     Application shutdown complete.
INFO:     Started server process [55090]
INFO:     Waiting for application startup.
INFO:     Application startup complete.
ERROR:    [Errno 48] error while attempting to bind on address ('127.0.0.1', 8088): address already in use
INFO:     Waiting for application shutdown.
INFO:     Application shutdown complete.
INFO:     Started server process [55099]
INFO:     Waiting for application startup.
INFO:     Application startup complete.
ERROR:    [Errno 48] error while attempting to bind on address ('127.0.0.1', 8088): address already in use
INFO:     Waiting for application shutdown.
INFO:     Application shutdown complete.
INFO:     Started server process [55109]
INFO:     Waiting for application startup.
INFO:     Application startup complete.
ERROR:    [Errno 48] error while attempting to bind on address ('127.0.0.1', 8088): address already in use
INFO:     Waiting for application shutdown.
INFO:     Application shutdown complete.
INFO:     Started server process [55118]
INFO:     Waiting for application startup.
INFO:     Application startup complete.
ERROR:    [Errno 48] error while attempting to bind on address ('127.0.0.1', 8088): address already in use
INFO:     Waiting for application shutdown.
INFO:     Application shutdown complete.
INFO:     Started server process [55126]
INFO:     Waiting for application startup.
INFO:     Application startup complete.
ERROR:    [Errno 48] error while attempting to bind on address ('127.0.0.1', 8088): address already in use
INFO:     Waiting for application shutdown.
INFO:     Application shutdown complete.
INFO:     Started server process [55135]
INFO:     Waiting for application startup.
INFO:     Application startup complete.
ERROR:    [Errno 48] error while attempting to bind on address ('127.0.0.1', 8088): address already in use
INFO:     Waiting for application shutdown.
INFO:     Application shutdown complete.
INFO:     Started server process [55143]
INFO:     Waiting for application startup.
INFO:     Application startup complete.
ERROR:    [Errno 48] error while attempting to bind on address ('127.0.0.1', 8088): address already in use
INFO:     Waiting for application shutdown.
INFO:     Application shutdown complete.
INFO:     Started server process [55151]
INFO:     Waiting for application startup.
INFO:     Application startup complete.
ERROR:    [Errno 48] error while attempting to bind on address ('127.0.0.1', 8088): address already in use
INFO:     Waiting for application shutdown.
INFO:     Application shutdown complete.
INFO:     Started server process [55161]
INFO:     Waiting for application startup.
INFO:     Application startup complete.
ERROR:    [Errno 48] error while attempting to bind on address ('127.0.0.1', 8088): address already in use
INFO:     Waiting for application shutdown.
INFO:     Application shutdown complete.
INFO:     Started server process [55171]
INFO:     Waiting for application startup.
INFO:     Application startup complete.
ERROR:    [Errno 48] error while attempting to bind on address ('127.0.0.1', 8088): address already in use
INFO:     Waiting for application shutdown.
INFO:     Application shutdown complete.
INFO:     Started server process [55188]
INFO:     Waiting for application startup.
INFO:     Application startup complete.
ERROR:    [Errno 48] error while attempting to bind on address ('127.0.0.1', 8088): address already in use
INFO:     Waiting for application shutdown.
INFO:     Application shutdown complete.
INFO:     Started server process [55204]
INFO:     Waiting for application startup.
INFO:     Application startup complete.
ERROR:    [Errno 48] error while attempting to bind on address ('127.0.0.1', 8088): address already in use
INFO:     Waiting for application shutdown.
INFO:     Application shutdown complete.
INFO:     Started server process [55214]
INFO:     Waiting for application startup.
INFO:     Application startup complete.
ERROR:    [Errno 48] error while attempting to bind on address ('127.0.0.1', 8088): address already in use
INFO:     Waiting for application shutdown.
INFO:     Application shutdown complete.
INFO:     Started server process [55226]
INFO:     Waiting for application startup.
INFO:     Application startup complete.
ERROR:    [Errno 48] error while attempting to bind on address ('127.0.0.1', 8088): address already in use
INFO:     Waiting for application shutdown.
INFO:     Application shutdown complete.
INFO:     Started server process [55235]
INFO:     Waiting for application startup.
INFO:     Application startup complete.
ERROR:    [Errno 48] error while attempting to bind on address ('127.0.0.1', 8088): address already in use
INFO:     Waiting for application shutdown.
INFO:     Application shutdown complete.
INFO:     Started server process [55242]
INFO:     Waiting for application startup.
INFO:     Application startup complete.
ERROR:    [Errno 48] error while attempting to bind on address ('127.0.0.1', 8088): address already in use
INFO:     Waiting for application shutdown.
INFO:     Application shutdown complete.
INFO:     Started server process [55250]
INFO:     Waiting for application startup.
INFO:     Application startup complete.
ERROR:    [Errno 48] error while attempting to bind on address ('127.0.0.1', 8088): address already in use
INFO:     Waiting for application shutdown.
INFO:     Application shutdown complete.
INFO:     Started server process [55264]
INFO:     Waiting for application startup.
INFO:     Application startup complete.
ERROR:    [Errno 48] error while attempting to bind on address ('127.0.0.1', 8088): address already in use
INFO:     Waiting for application shutdown.
INFO:     Application shutdown complete.
INFO:     Started server process [55276]
INFO:     Waiting for application startup.
INFO:     Application startup complete.
ERROR:    [Errno 48] error while attempting to bind on address ('127.0.0.1', 8088): address already in use
INFO:     Waiting for application shutdown.
INFO:     Application shutdown complete.
INFO:     Started server process [55287]
INFO:     Waiting for application startup.
INFO:     Application startup complete.
ERROR:    [Errno 48] error while attempting to bind on address ('127.0.0.1', 8088): address already in use
INFO:     Waiting for application shutdown.
INFO:     Application shutdown complete.
INFO:     Started server process [55296]
INFO:     Waiting for application startup.
INFO:     Application startup complete.
ERROR:    [Errno 48] error while attempting to bind on address ('127.0.0.1', 8088): address already in use
INFO:     Waiting for application shutdown.
INFO:     Application shutdown complete.
INFO:     Started server process [55303]
INFO:     Waiting for application startup.
INFO:     Application startup complete.
ERROR:    [Errno 48] error while attempting to bind on address ('127.0.0.1', 8088): address already in use
INFO:     Waiting for application shutdown.
INFO:     Application shutdown complete.
INFO:     Started server process [55311]
INFO:     Waiting for application startup.
INFO:     Application startup complete.
ERROR:    [Errno 48] error while attempting to bind on address ('127.0.0.1', 8088): address already in use
INFO:     Waiting for application shutdown.
INFO:     Application shutdown complete.
INFO:     Started server process [55333]
INFO:     Waiting for application startup.
INFO:     Application startup complete.
ERROR:    [Errno 48] error while attempting to bind on address ('127.0.0.1', 8088): address already in use
INFO:     Waiting for application shutdown.
INFO:     Application shutdown complete.
INFO:     Started server process [55340]
INFO:     Waiting for application startup.
INFO:     Application startup complete.
ERROR:    [Errno 48] error while attempting to bind on address ('127.0.0.1', 8088): address already in use
INFO:     Waiting for application shutdown.
INFO:     Application shutdown complete.
INFO:     Started server process [55351]
INFO:     Waiting for application startup.
INFO:     Application startup complete.
ERROR:    [Errno 48] error while attempting to bind on address ('127.0.0.1', 8088): address already in use
INFO:     Waiting for application shutdown.
INFO:     Application shutdown complete.
INFO:     Started server process [55360]
INFO:     Waiting for application startup.
INFO:     Application startup complete.
ERROR:    [Errno 48] error while attempting to bind on address ('127.0.0.1', 8088): address already in use
INFO:     Waiting for application shutdown.
INFO:     Application shutdown complete.
INFO:     Started server process [55368]
INFO:     Waiting for application startup.
INFO:     Application startup complete.
ERROR:    [Errno 48] error while attempting to bind on address ('127.0.0.1', 8088): address already in use
INFO:     Waiting for application shutdown.
INFO:     Application shutdown complete.
INFO:     Started server process [55378]
INFO:     Waiting for application startup.
INFO:     Application startup complete.
ERROR:    [Errno 48] error while attempting to bind on address ('127.0.0.1', 8088): address already in use
INFO:     Waiting for application shutdown.
INFO:     Application shutdown complete.
INFO:     Started server process [55386]
INFO:     Waiting for application startup.
INFO:     Application startup complete.
ERROR:    [Errno 48] error while attempting to bind on address ('127.0.0.1', 8088): address already in use
INFO:     Waiting for application shutdown.
INFO:     Application shutdown complete.
INFO:     Started server process [55397]
INFO:     Waiting for application startup.
INFO:     Application startup complete.
ERROR:    [Errno 48] error while attempting to bind on address ('127.0.0.1', 8088): address already in use
INFO:     Waiting for application shutdown.
INFO:     Application shutdown complete.
INFO:     Started server process [55407]
INFO:     Waiting for application startup.
INFO:     Application startup complete.
ERROR:    [Errno 48] error while attempting to bind on address ('127.0.0.1', 8088): address already in use
INFO:     Waiting for application shutdown.
INFO:     Application shutdown complete.
INFO:     Started server process [55414]
INFO:     Waiting for application startup.
INFO:     Application startup complete.
ERROR:    [Errno 48] error while attempting to bind on address ('127.0.0.1', 8088): address already in use
INFO:     Waiting for application shutdown.
INFO:     Application shutdown complete.
INFO:     Started server process [55422]
INFO:     Waiting for application startup.
INFO:     Application startup complete.
ERROR:    [Errno 48] error while attempting to bind on address ('127.0.0.1', 8088): address already in use
INFO:     Waiting for application shutdown.
INFO:     Application shutdown complete.
INFO:     Started server process [55430]
INFO:     Waiting for application startup.
INFO:     Application startup complete.
ERROR:    [Errno 48] error while attempting to bind on address ('127.0.0.1', 8088): address already in use
INFO:     Waiting for application shutdown.
INFO:     Application shutdown complete.
INFO:     Started server process [55438]
INFO:     Waiting for application startup.
INFO:     Application startup complete.
ERROR:    [Errno 48] error while attempting to bind on address ('127.0.0.1', 8088): address already in use
INFO:     Waiting for application shutdown.
INFO:     Application shutdown complete.
INFO:     Started server process [55448]
INFO:     Waiting for application startup.
INFO:     Application startup complete.
ERROR:    [Errno 48] error while attempting to bind on address ('127.0.0.1', 8088): address already in use
INFO:     Waiting for application shutdown.
INFO:     Application shutdown complete.
INFO:     Started server process [55460]
INFO:     Waiting for application startup.
INFO:     Application startup complete.
ERROR:    [Errno 48] error while attempting to bind on address ('127.0.0.1', 8088): address already in use
INFO:     Waiting for application shutdown.
INFO:     Application shutdown complete.
INFO:     Started server process [55467]
INFO:     Waiting for application startup.
INFO:     Application startup complete.
ERROR:    [Errno 48] error while attempting to bind on address ('127.0.0.1', 8088): address already in use
INFO:     Waiting for application shutdown.
INFO:     Application shutdown complete.
INFO:     Started server process [55474]
INFO:     Waiting for application startup.
INFO:     Application startup complete.
ERROR:    [Errno 48] error while attempting to bind on address ('127.0.0.1', 8088): address already in use
INFO:     Waiting for application shutdown.
INFO:     Application shutdown complete.
INFO:     Started server process [55485]
INFO:     Waiting for application startup.
INFO:     Application startup complete.
ERROR:    [Errno 48] error while attempting to bind on address ('127.0.0.1', 8088): address already in use
INFO:     Waiting for application shutdown.
INFO:     Application shutdown complete.
INFO:     Started server process [55501]
INFO:     Waiting for application startup.
INFO:     Application startup complete.
ERROR:    [Errno 48] error while attempting to bind on address ('127.0.0.1', 8088): address already in use
INFO:     Waiting for application shutdown.
INFO:     Application shutdown complete.
INFO:     Started server process [55511]
INFO:     Waiting for application startup.
INFO:     Application startup complete.
ERROR:    [Errno 48] error while attempting to bind on address ('127.0.0.1', 8088): address already in use
INFO:     Waiting for application shutdown.
INFO:     Application shutdown complete.
INFO:     Started server process [55521]
INFO:     Waiting for application startup.
INFO:     Application startup complete.
ERROR:    [Errno 48] error while attempting to bind on address ('127.0.0.1', 8088): address already in use
INFO:     Waiting for application shutdown.
INFO:     Application shutdown complete.
INFO:     Started server process [55529]
INFO:     Waiting for application startup.
INFO:     Application startup complete.
ERROR:    [Errno 48] error while attempting to bind on address ('127.0.0.1', 8088): address already in use
INFO:     Waiting for application shutdown.
INFO:     Application shutdown complete.
INFO:     Started server process [55536]
INFO:     Waiting for application startup.
INFO:     Application startup complete.
ERROR:    [Errno 48] error while attempting to bind on address ('127.0.0.1', 8088): address already in use
INFO:     Waiting for application shutdown.
INFO:     Application shutdown complete.
INFO:     Started server process [55545]
INFO:     Waiting for application startup.
INFO:     Application startup complete.
ERROR:    [Errno 48] error while attempting to bind on address ('127.0.0.1', 8088): address already in use
INFO:     Waiting for application shutdown.
INFO:     Application shutdown complete.
INFO:     Started server process [55566]
INFO:     Waiting for application startup.
INFO:     Application startup complete.
ERROR:    [Errno 48] error while attempting to bind on address ('127.0.0.1', 8088): address already in use
INFO:     Waiting for application shutdown.
INFO:     Application shutdown complete.
INFO:     Started server process [55575]
INFO:     Waiting for application startup.
INFO:     Application startup complete.
ERROR:    [Errno 48] error while attempting to bind on address ('127.0.0.1', 8088): address already in use
INFO:     Waiting for application shutdown.
INFO:     Application shutdown complete.
INFO:     Started server process [55585]
INFO:     Waiting for application startup.
INFO:     Application startup complete.
ERROR:    [Errno 48] error while attempting to bind on address ('127.0.0.1', 8088): address already in use
INFO:     Waiting for application shutdown.
INFO:     Application shutdown complete.
INFO:     Started server process [55592]
INFO:     Waiting for application startup.
INFO:     Application startup complete.
ERROR:    [Errno 48] error while attempting to bind on address ('127.0.0.1', 8088): address already in use
INFO:     Waiting for application shutdown.
INFO:     Application shutdown complete.
INFO:     Started server process [55599]
INFO:     Waiting for application startup.
INFO:     Application startup complete.
ERROR:    [Errno 48] error while attempting to bind on address ('127.0.0.1', 8088): address already in use
INFO:     Waiting for application shutdown.
INFO:     Application shutdown complete.
INFO:     Started server process [55608]
INFO:     Waiting for application startup.
INFO:     Application startup complete.
ERROR:    [Errno 48] error while attempting to bind on address ('127.0.0.1', 8088): address already in use
INFO:     Waiting for application shutdown.
INFO:     Application shutdown complete.
INFO:     Started server process [55618]
INFO:     Waiting for application startup.
INFO:     Application startup complete.
ERROR:    [Errno 48] error while attempting to bind on address ('127.0.0.1', 8088): address already in use
INFO:     Waiting for application shutdown.
INFO:     Application shutdown complete.
INFO:     Started server process [55627]
INFO:     Waiting for application startup.
INFO:     Application startup complete.
ERROR:    [Errno 48] error while attempting to bind on address ('127.0.0.1', 8088): address already in use
INFO:     Waiting for application shutdown.
INFO:     Application shutdown complete.
INFO:     Started server process [55636]
INFO:     Waiting for application startup.
INFO:     Application startup complete.
ERROR:    [Errno 48] error while attempting to bind on address ('127.0.0.1', 8088): address already in use
INFO:     Waiting for application shutdown.
INFO:     Application shutdown complete.
INFO:     Started server process [55644]
INFO:     Waiting for application startup.
INFO:     Application startup complete.
ERROR:    [Errno 48] error while attempting to bind on address ('127.0.0.1', 8088): address already in use
INFO:     Waiting for application shutdown.
INFO:     Application shutdown complete.
INFO:     Started server process [55652]
INFO:     Waiting for application startup.
INFO:     Application startup complete.
ERROR:    [Errno 48] error while attempting to bind on address ('127.0.0.1', 8088): address already in use
INFO:     Waiting for application shutdown.
INFO:     Application shutdown complete.
INFO:     Started server process [55660]
INFO:     Waiting for application startup.
INFO:     Application startup complete.
ERROR:    [Errno 48] error while attempting to bind on address ('127.0.0.1', 8088): address already in use
INFO:     Waiting for application shutdown.
INFO:     Application shutdown complete.
INFO:     Started server process [55670]
INFO:     Waiting for application startup.
INFO:     Application startup complete.
ERROR:    [Errno 48] error while attempting to bind on address ('127.0.0.1', 8088): address already in use
INFO:     Waiting for application shutdown.
INFO:     Application shutdown complete.
INFO:     Started server process [55681]
INFO:     Waiting for application startup.
INFO:     Application startup complete.
ERROR:    [Errno 48] error while attempting to bind on address ('127.0.0.1', 8088): address already in use
INFO:     Waiting for application shutdown.
INFO:     Application shutdown complete.
INFO:     Started server process [55690]
INFO:     Waiting for application startup.
INFO:     Application startup complete.
ERROR:    [Errno 48] error while attempting to bind on address ('127.0.0.1', 8088): address already in use
INFO:     Waiting for application shutdown.
INFO:     Application shutdown complete.
INFO:     Started server process [55697]
INFO:     Waiting for application startup.
INFO:     Application startup complete.
ERROR:    [Errno 48] error while attempting to bind on address ('127.0.0.1', 8088): address already in use
INFO:     Waiting for application shutdown.
INFO:     Application shutdown complete.
INFO:     Started server process [55707]
INFO:     Waiting for application startup.
INFO:     Application startup complete.
ERROR:    [Errno 48] error while attempting to bind on address ('127.0.0.1', 8088): address already in use
INFO:     Waiting for application shutdown.
INFO:     Application shutdown complete.
INFO:     Started server process [55718]
INFO:     Waiting for application startup.
INFO:     Application startup complete.
ERROR:    [Errno 48] error while attempting to bind on address ('127.0.0.1', 8088): address already in use
INFO:     Waiting for application shutdown.
INFO:     Application shutdown complete.
INFO:     Started server process [55728]
INFO:     Waiting for application startup.
INFO:     Application startup complete.
ERROR:    [Errno 48] error while attempting to bind on address ('127.0.0.1', 8088): address already in use
INFO:     Waiting for application shutdown.
INFO:     Application shutdown complete.
INFO:     Started server process [55736]
INFO:     Waiting for application startup.
INFO:     Application startup complete.
ERROR:    [Errno 48] error while attempting to bind on address ('127.0.0.1', 8088): address already in use
INFO:     Waiting for application shutdown.
INFO:     Application shutdown complete.
INFO:     Started server process [55750]
INFO:     Waiting for application startup.
INFO:     Application startup complete.
ERROR:    [Errno 48] error while attempting to bind on address ('127.0.0.1', 8088): address already in use
INFO:     Waiting for application shutdown.
INFO:     Application shutdown complete.
INFO:     Started server process [55757]
INFO:     Waiting for application startup.
INFO:     Application startup complete.
ERROR:    [Errno 48] error while attempting to bind on address ('127.0.0.1', 8088): address already in use
INFO:     Waiting for application shutdown.
INFO:     Application shutdown complete.
INFO:     Started server process [55771]
INFO:     Waiting for application startup.
INFO:     Application startup complete.
ERROR:    [Errno 48] error while attempting to bind on address ('127.0.0.1', 8088): address already in use
INFO:     Waiting for application shutdown.
INFO:     Application shutdown complete.
INFO:     Started server process [55788]
INFO:     Waiting for application startup.
INFO:     Application startup complete.
ERROR:    [Errno 48] error while attempting to bind on address ('127.0.0.1', 8088): address already in use
INFO:     Waiting for application shutdown.
INFO:     Application shutdown complete.
INFO:     Started server process [55797]
INFO:     Waiting for application startup.
INFO:     Application startup complete.
ERROR:    [Errno 48] error while attempting to bind on address ('127.0.0.1', 8088): address already in use
INFO:     Waiting for application shutdown.
INFO:     Application shutdown complete.
INFO:     Started server process [55805]
INFO:     Waiting for application startup.
INFO:     Application startup complete.
ERROR:    [Errno 48] error while attempting to bind on address ('127.0.0.1', 8088): address already in use
INFO:     Waiting for application shutdown.
INFO:     Application shutdown complete.
INFO:     Started server process [55813]
INFO:     Waiting for application startup.
INFO:     Application startup complete.
ERROR:    [Errno 48] error while attempting to bind on address ('127.0.0.1', 8088): address already in use
INFO:     Waiting for application shutdown.
INFO:     Application shutdown complete.
INFO:     Started server process [55822]
INFO:     Waiting for application startup.
INFO:     Application startup complete.
ERROR:    [Errno 48] error while attempting to bind on address ('127.0.0.1', 8088): address already in use
INFO:     Waiting for application shutdown.
INFO:     Application shutdown complete.
INFO:     Started server process [55833]
INFO:     Waiting for application startup.
INFO:     Application startup complete.
ERROR:    [Errno 48] error while attempting to bind on address ('127.0.0.1', 8088): address already in use
INFO:     Waiting for application shutdown.
INFO:     Application shutdown complete.
INFO:     Started server process [55850]
INFO:     Waiting for application startup.
INFO:     Application startup complete.
ERROR:    [Errno 48] error while attempting to bind on address ('127.0.0.1', 8088): address already in use
INFO:     Waiting for application shutdown.
INFO:     Application shutdown complete.
INFO:     Started server process [55860]
INFO:     Waiting for application startup.
INFO:     Application startup complete.
ERROR:    [Errno 48] error while attempting to bind on address ('127.0.0.1', 8088): address already in use
INFO:     Waiting for application shutdown.
INFO:     Application shutdown complete.
INFO:     Started server process [55869]
INFO:     Waiting for application startup.
INFO:     Application startup complete.
ERROR:    [Errno 48] error while attempting to bind on address ('127.0.0.1', 8088): address already in use
INFO:     Waiting for application shutdown.
INFO:     Application shutdown complete.
INFO:     Started server process [55877]
INFO:     Waiting for application startup.
INFO:     Application startup complete.
ERROR:    [Errno 48] error while attempting to bind on address ('127.0.0.1', 8088): address already in use
INFO:     Waiting for application shutdown.
INFO:     Application shutdown complete.
INFO:     Started server process [55903]
INFO:     Waiting for application startup.
INFO:     Application startup complete.
ERROR:    [Errno 48] error while attempting to bind on address ('127.0.0.1', 8088): address already in use
INFO:     Waiting for application shutdown.
INFO:     Application shutdown complete.
INFO:     Started server process [55916]
INFO:     Waiting for application startup.
INFO:     Application startup complete.
ERROR:    [Errno 48] error while attempting to bind on address ('127.0.0.1', 8088): address already in use
INFO:     Waiting for application shutdown.
INFO:     Application shutdown complete.
INFO:     Started server process [55927]
INFO:     Waiting for application startup.
INFO:     Application startup complete.
ERROR:    [Errno 48] error while attempting to bind on address ('127.0.0.1', 8088): address already in use
INFO:     Waiting for application shutdown.
INFO:     Application shutdown complete.
INFO:     Started server process [55938]
INFO:     Waiting for application startup.
INFO:     Application startup complete.
ERROR:    [Errno 48] error while attempting to bind on address ('127.0.0.1', 8088): address already in use
INFO:     Waiting for application shutdown.
INFO:     Application shutdown complete.
INFO:     Started server process [55948]
INFO:     Waiting for application startup.
INFO:     Application startup complete.
ERROR:    [Errno 48] error while attempting to bind on address ('127.0.0.1', 8088): address already in use
INFO:     Waiting for application shutdown.
INFO:     Application shutdown complete.
INFO:     Started server process [55974]
INFO:     Waiting for application startup.
INFO:     Application startup complete.
ERROR:    [Errno 48] error while attempting to bind on address ('127.0.0.1', 8088): address already in use
INFO:     Waiting for application shutdown.
INFO:     Application shutdown complete.
INFO:     Started server process [55981]
INFO:     Waiting for application startup.
INFO:     Application startup complete.
ERROR:    [Errno 48] error while attempting to bind on address ('127.0.0.1', 8088): address already in use
INFO:     Waiting for application shutdown.
INFO:     Application shutdown complete.
INFO:     Started server process [55991]
INFO:     Waiting for application startup.
INFO:     Application startup complete.
ERROR:    [Errno 48] error while attempting to bind on address ('127.0.0.1', 8088): address already in use
INFO:     Waiting for application shutdown.
INFO:     Application shutdown complete.
INFO:     Started server process [56001]
INFO:     Waiting for application startup.
INFO:     Application startup complete.
ERROR:    [Errno 48] error while attempting to bind on address ('127.0.0.1', 8088): address already in use
INFO:     Waiting for application shutdown.
INFO:     Application shutdown complete.
INFO:     Started server process [56008]
INFO:     Waiting for application startup.
INFO:     Application startup complete.
ERROR:    [Errno 48] error while attempting to bind on address ('127.0.0.1', 8088): address already in use
INFO:     Waiting for application shutdown.
INFO:     Application shutdown complete.
INFO:     Started server process [56017]
INFO:     Waiting for application startup.
INFO:     Application startup complete.
ERROR:    [Errno 48] error while attempting to bind on address ('127.0.0.1', 8088): address already in use
INFO:     Waiting for application shutdown.
INFO:     Application shutdown complete.
INFO:     Started server process [56025]
INFO:     Waiting for application startup.
INFO:     Application startup complete.
ERROR:    [Errno 48] error while attempting to bind on address ('127.0.0.1', 8088): address already in use
INFO:     Waiting for application shutdown.
INFO:     Application shutdown complete.
INFO:     Started server process [56032]
INFO:     Waiting for application startup.
INFO:     Application startup complete.
ERROR:    [Errno 48] error while attempting to bind on address ('127.0.0.1', 8088): address already in use
INFO:     Waiting for application shutdown.
INFO:     Application shutdown complete.
INFO:     Started server process [56042]
INFO:     Waiting for application startup.
INFO:     Application startup complete.
ERROR:    [Errno 48] error while attempting to bind on address ('127.0.0.1', 8088): address already in use
INFO:     Waiting for application shutdown.
INFO:     Application shutdown complete.
INFO:     Started server process [56054]
INFO:     Waiting for application startup.
INFO:     Application startup complete.
ERROR:    [Errno 48] error while attempting to bind on address ('127.0.0.1', 8088): address already in use
INFO:     Waiting for application shutdown.
INFO:     Application shutdown complete.
INFO:     Started server process [56061]
INFO:     Waiting for application startup.
INFO:     Application startup complete.
ERROR:    [Errno 48] error while attempting to bind on address ('127.0.0.1', 8088): address already in use
INFO:     Waiting for application shutdown.
INFO:     Application shutdown complete.
INFO:     Started server process [56072]
INFO:     Waiting for application startup.
INFO:     Application startup complete.
ERROR:    [Errno 48] error while attempting to bind on address ('127.0.0.1', 8088): address already in use
INFO:     Waiting for application shutdown.
INFO:     Application shutdown complete.
INFO:     Started server process [56081]
INFO:     Waiting for application startup.
INFO:     Application startup complete.
ERROR:    [Errno 48] error while attempting to bind on address ('127.0.0.1', 8088): address already in use
INFO:     Waiting for application shutdown.
INFO:     Application shutdown complete.
INFO:     Started server process [56088]
INFO:     Waiting for application startup.
INFO:     Application startup complete.
ERROR:    [Errno 48] error while attempting to bind on address ('127.0.0.1', 8088): address already in use
INFO:     Waiting for application shutdown.
INFO:     Application shutdown complete.
INFO:     Started server process [56099]
INFO:     Waiting for application startup.
INFO:     Application startup complete.
ERROR:    [Errno 48] error while attempting to bind on address ('127.0.0.1', 8088): address already in use
INFO:     Waiting for application shutdown.
INFO:     Application shutdown complete.
INFO:     Started server process [56109]
INFO:     Waiting for application startup.
INFO:     Application startup complete.
ERROR:    [Errno 48] error while attempting to bind on address ('127.0.0.1', 8088): address already in use
INFO:     Waiting for application shutdown.
INFO:     Application shutdown complete.
INFO:     Started server process [56117]
INFO:     Waiting for application startup.
INFO:     Application startup complete.
ERROR:    [Errno 48] error while attempting to bind on address ('127.0.0.1', 8088): address already in use
INFO:     Waiting for application shutdown.
INFO:     Application shutdown complete.
INFO:     Started server process [56125]
INFO:     Waiting for application startup.
INFO:     Application startup complete.
ERROR:    [Errno 48] error while attempting to bind on address ('127.0.0.1', 8088): address already in use
INFO:     Waiting for application shutdown.
INFO:     Application shutdown complete.
INFO:     Started server process [56139]
INFO:     Waiting for application startup.
INFO:     Application startup complete.
ERROR:    [Errno 48] error while attempting to bind on address ('127.0.0.1', 8088): address already in use
INFO:     Waiting for application shutdown.
INFO:     Application shutdown complete.
INFO:     Started server process [56152]
INFO:     Waiting for application startup.
INFO:     Application startup complete.
ERROR:    [Errno 48] error while attempting to bind on address ('127.0.0.1', 8088): address already in use
INFO:     Waiting for application shutdown.
INFO:     Application shutdown complete.
INFO:     Started server process [56162]
INFO:     Waiting for application startup.
INFO:     Application startup complete.
ERROR:    [Errno 48] error while attempting to bind on address ('127.0.0.1', 8088): address already in use
INFO:     Waiting for application shutdown.
INFO:     Application shutdown complete.
INFO:     Started server process [56179]
INFO:     Waiting for application startup.
INFO:     Application startup complete.
ERROR:    [Errno 48] error while attempting to bind on address ('127.0.0.1', 8088): address already in use
INFO:     Waiting for application shutdown.
INFO:     Application shutdown complete.
INFO:     Started server process [56188]
INFO:     Waiting for application startup.
INFO:     Application startup complete.
ERROR:    [Errno 48] error while attempting to bind on address ('127.0.0.1', 8088): address already in use
INFO:     Waiting for application shutdown.
INFO:     Application shutdown complete.
INFO:     Started server process [56196]
INFO:     Waiting for application startup.
INFO:     Application startup complete.
ERROR:    [Errno 48] error while attempting to bind on address ('127.0.0.1', 8088): address already in use
INFO:     Waiting for application shutdown.
INFO:     Application shutdown complete.
INFO:     Started server process [56203]
INFO:     Waiting for application startup.
INFO:     Application startup complete.
ERROR:    [Errno 48] error while attempting to bind on address ('127.0.0.1', 8088): address already in use
INFO:     Waiting for application shutdown.
INFO:     Application shutdown complete.
INFO:     Started server process [56213]
INFO:     Waiting for application startup.
INFO:     Application startup complete.
ERROR:    [Errno 48] error while attempting to bind on address ('127.0.0.1', 8088): address already in use
INFO:     Waiting for application shutdown.
INFO:     Application shutdown complete.
INFO:     Started server process [56224]
INFO:     Waiting for application startup.
INFO:     Application startup complete.
ERROR:    [Errno 48] error while attempting to bind on address ('127.0.0.1', 8088): address already in use
INFO:     Waiting for application shutdown.
INFO:     Application shutdown complete.
INFO:     Started server process [56232]
INFO:     Waiting for application startup.
INFO:     Application startup complete.
ERROR:    [Errno 48] error while attempting to bind on address ('127.0.0.1', 8088): address already in use
INFO:     Waiting for application shutdown.
INFO:     Application shutdown complete.
INFO:     Started server process [56240]
INFO:     Waiting for application startup.
INFO:     Application startup complete.
ERROR:    [Errno 48] error while attempting to bind on address ('127.0.0.1', 8088): address already in use
INFO:     Waiting for application shutdown.
INFO:     Application shutdown complete.
INFO:     Started server process [56249]
INFO:     Waiting for application startup.
INFO:     Application startup complete.
ERROR:    [Errno 48] error while attempting to bind on address ('127.0.0.1', 8088): address already in use
INFO:     Waiting for application shutdown.
INFO:     Application shutdown complete.
INFO:     Started server process [56257]
INFO:     Waiting for application startup.
INFO:     Application startup complete.
ERROR:    [Errno 48] error while attempting to bind on address ('127.0.0.1', 8088): address already in use
INFO:     Waiting for application shutdown.
INFO:     Application shutdown complete.
INFO:     Started server process [56274]
INFO:     Waiting for application startup.
INFO:     Application startup complete.
ERROR:    [Errno 48] error while attempting to bind on address ('127.0.0.1', 8088): address already in use
INFO:     Waiting for application shutdown.
INFO:     Application shutdown complete.
INFO:     Started server process [56284]
INFO:     Waiting for application startup.
INFO:     Application startup complete.
ERROR:    [Errno 48] error while attempting to bind on address ('127.0.0.1', 8088): address already in use
INFO:     Waiting for application shutdown.
INFO:     Application shutdown complete.
INFO:     Started server process [56292]
INFO:     Waiting for application startup.
INFO:     Application startup complete.
ERROR:    [Errno 48] error while attempting to bind on address ('127.0.0.1', 8088): address already in use
INFO:     Waiting for application shutdown.
INFO:     Application shutdown complete.
INFO:     Started server process [56299]
INFO:     Waiting for application startup.
INFO:     Application startup complete.
ERROR:    [Errno 48] error while attempting to bind on address ('127.0.0.1', 8088): address already in use
INFO:     Waiting for application shutdown.
INFO:     Application shutdown complete.
INFO:     Started server process [56307]
INFO:     Waiting for application startup.
INFO:     Application startup complete.
ERROR:    [Errno 48] error while attempting to bind on address ('127.0.0.1', 8088): address already in use
INFO:     Waiting for application shutdown.
INFO:     Application shutdown complete.
INFO:     Started server process [56317]
INFO:     Waiting for application startup.
INFO:     Application startup complete.
ERROR:    [Errno 48] error while attempting to bind on address ('127.0.0.1', 8088): address already in use
INFO:     Waiting for application shutdown.
INFO:     Application shutdown complete.
INFO:     Started server process [56328]
INFO:     Waiting for application startup.
INFO:     Application startup complete.
ERROR:    [Errno 48] error while attempting to bind on address ('127.0.0.1', 8088): address already in use
INFO:     Waiting for application shutdown.
INFO:     Application shutdown complete.
INFO:     Started server process [56336]
INFO:     Waiting for application startup.
INFO:     Application startup complete.
ERROR:    [Errno 48] error while attempting to bind on address ('127.0.0.1', 8088): address already in use
INFO:     Waiting for application shutdown.
INFO:     Application shutdown complete.
INFO:     Started server process [56355]
INFO:     Waiting for application startup.
INFO:     Application startup complete.
ERROR:    [Errno 48] error while attempting to bind on address ('127.0.0.1', 8088): address already in use
INFO:     Waiting for application shutdown.
INFO:     Application shutdown complete.
INFO:     Started server process [56362]
INFO:     Waiting for application startup.
INFO:     Application startup complete.
ERROR:    [Errno 48] error while attempting to bind on address ('127.0.0.1', 8088): address already in use
INFO:     Waiting for application shutdown.
INFO:     Application shutdown complete.
INFO:     Started server process [56370]
INFO:     Waiting for application startup.
INFO:     Application startup complete.
ERROR:    [Errno 48] error while attempting to bind on address ('127.0.0.1', 8088): address already in use
INFO:     Waiting for application shutdown.
INFO:     Application shutdown complete.
INFO:     Started server process [56380]
INFO:     Waiting for application startup.
INFO:     Application startup complete.
ERROR:    [Errno 48] error while attempting to bind on address ('127.0.0.1', 8088): address already in use
INFO:     Waiting for application shutdown.
INFO:     Application shutdown complete.
INFO:     Started server process [56389]
INFO:     Waiting for application startup.
INFO:     Application startup complete.
ERROR:    [Errno 48] error while attempting to bind on address ('127.0.0.1', 8088): address already in use
INFO:     Waiting for application shutdown.
INFO:     Application shutdown complete.
INFO:     Started server process [56398]
INFO:     Waiting for application startup.
INFO:     Application startup complete.
ERROR:    [Errno 48] error while attempting to bind on address ('127.0.0.1', 8088): address already in use
INFO:     Waiting for application shutdown.
INFO:     Application shutdown complete.
INFO:     Started server process [56415]
INFO:     Waiting for application startup.
INFO:     Application startup complete.
ERROR:    [Errno 48] error while attempting to bind on address ('127.0.0.1', 8088): address already in use
INFO:     Waiting for application shutdown.
INFO:     Application shutdown complete.
INFO:     Started server process [56422]
INFO:     Waiting for application startup.
INFO:     Application startup complete.
ERROR:    [Errno 48] error while attempting to bind on address ('127.0.0.1', 8088): address already in use
INFO:     Waiting for application shutdown.
INFO:     Application shutdown complete.
INFO:     Started server process [56433]
INFO:     Waiting for application startup.
INFO:     Application startup complete.
ERROR:    [Errno 48] error while attempting to bind on address ('127.0.0.1', 8088): address already in use
INFO:     Waiting for application shutdown.
INFO:     Application shutdown complete.
INFO:     Started server process [56441]
INFO:     Waiting for application startup.
INFO:     Application startup complete.
ERROR:    [Errno 48] error while attempting to bind on address ('127.0.0.1', 8088): address already in use
INFO:     Waiting for application shutdown.
INFO:     Application shutdown complete.
INFO:     Started server process [56450]
INFO:     Waiting for application startup.
INFO:     Application startup complete.
ERROR:    [Errno 48] error while attempting to bind on address ('127.0.0.1', 8088): address already in use
INFO:     Waiting for application shutdown.
INFO:     Application shutdown complete.
INFO:     Started server process [56459]
INFO:     Waiting for application startup.
INFO:     Application startup complete.
ERROR:    [Errno 48] error while attempting to bind on address ('127.0.0.1', 8088): address already in use
INFO:     Waiting for application shutdown.
INFO:     Application shutdown complete.
INFO:     Started server process [56474]
INFO:     Waiting for application startup.
INFO:     Application startup complete.
ERROR:    [Errno 48] error while attempting to bind on address ('127.0.0.1', 8088): address already in use
INFO:     Waiting for application shutdown.
INFO:     Application shutdown complete.
INFO:     Started server process [56490]
INFO:     Waiting for application startup.
INFO:     Application startup complete.
ERROR:    [Errno 48] error while attempting to bind on address ('127.0.0.1', 8088): address already in use
INFO:     Waiting for application shutdown.
INFO:     Application shutdown complete.
INFO:     Started server process [56501]
INFO:     Waiting for application startup.
INFO:     Application startup complete.
ERROR:    [Errno 48] error while attempting to bind on address ('127.0.0.1', 8088): address already in use
INFO:     Waiting for application shutdown.
INFO:     Application shutdown complete.
INFO:     Started server process [56512]
INFO:     Waiting for application startup.
INFO:     Application startup complete.
ERROR:    [Errno 48] error while attempting to bind on address ('127.0.0.1', 8088): address already in use
INFO:     Waiting for application shutdown.
INFO:     Application shutdown complete.
INFO:     Started server process [56519]
INFO:     Waiting for application startup.
INFO:     Application startup complete.
ERROR:    [Errno 48] error while attempting to bind on address ('127.0.0.1', 8088): address already in use
INFO:     Waiting for application shutdown.
INFO:     Application shutdown complete.
INFO:     Started server process [56530]
INFO:     Waiting for application startup.
INFO:     Application startup complete.
ERROR:    [Errno 48] error while attempting to bind on address ('127.0.0.1', 8088): address already in use
INFO:     Waiting for application shutdown.
INFO:     Application shutdown complete.
INFO:     Started server process [56559]
INFO:     Waiting for application startup.
INFO:     Application startup complete.
ERROR:    [Errno 48] error while attempting to bind on address ('127.0.0.1', 8088): address already in use
INFO:     Waiting for application shutdown.
INFO:     Application shutdown complete.
INFO:     Started server process [56568]
INFO:     Waiting for application startup.
INFO:     Application startup complete.
ERROR:    [Errno 48] error while attempting to bind on address ('127.0.0.1', 8088): address already in use
INFO:     Waiting for application shutdown.
INFO:     Application shutdown complete.
INFO:     Started server process [56581]
INFO:     Waiting for application startup.
INFO:     Application startup complete.
ERROR:    [Errno 48] error while attempting to bind on address ('127.0.0.1', 8088): address already in use
INFO:     Waiting for application shutdown.
INFO:     Application shutdown complete.
INFO:     Started server process [56592]
INFO:     Waiting for application startup.
INFO:     Application startup complete.
ERROR:    [Errno 48] error while attempting to bind on address ('127.0.0.1', 8088): address already in use
INFO:     Waiting for application shutdown.
INFO:     Application shutdown complete.
INFO:     Started server process [56602]
INFO:     Waiting for application startup.
INFO:     Application startup complete.
ERROR:    [Errno 48] error while attempting to bind on address ('127.0.0.1', 8088): address already in use
INFO:     Waiting for application shutdown.
INFO:     Application shutdown complete.
INFO:     Started server process [56623]
INFO:     Waiting for application startup.
INFO:     Application startup complete.
ERROR:    [Errno 48] error while attempting to bind on address ('127.0.0.1', 8088): address already in use
INFO:     Waiting for application shutdown.
INFO:     Application shutdown complete.
INFO:     Started server process [56634]
INFO:     Waiting for application startup.
INFO:     Application startup complete.
ERROR:    [Errno 48] error while attempting to bind on address ('127.0.0.1', 8088): address already in use
INFO:     Waiting for application shutdown.
INFO:     Application shutdown complete.
INFO:     Started server process [56642]
INFO:     Waiting for application startup.
INFO:     Application startup complete.
ERROR:    [Errno 48] error while attempting to bind on address ('127.0.0.1', 8088): address already in use
INFO:     Waiting for application shutdown.
INFO:     Application shutdown complete.
INFO:     Started server process [56654]
INFO:     Waiting for application startup.
INFO:     Application startup complete.
ERROR:    [Errno 48] error while attempting to bind on address ('127.0.0.1', 8088): address already in use
INFO:     Waiting for application shutdown.
INFO:     Application shutdown complete.
INFO:     Started server process [56663]
INFO:     Waiting for application startup.
INFO:     Application startup complete.
ERROR:    [Errno 48] error while attempting to bind on address ('127.0.0.1', 8088): address already in use
INFO:     Waiting for application shutdown.
INFO:     Application shutdown complete.
INFO:     Started server process [56673]
INFO:     Waiting for application startup.
INFO:     Application startup complete.
ERROR:    [Errno 48] error while attempting to bind on address ('127.0.0.1', 8088): address already in use
INFO:     Waiting for application shutdown.
INFO:     Application shutdown complete.
INFO:     Started server process [56682]
INFO:     Waiting for application startup.
INFO:     Application startup complete.
ERROR:    [Errno 48] error while attempting to bind on address ('127.0.0.1', 8088): address already in use
INFO:     Waiting for application shutdown.
INFO:     Application shutdown complete.
INFO:     Started server process [56689]
INFO:     Waiting for application startup.
INFO:     Application startup complete.
ERROR:    [Errno 48] error while attempting to bind on address ('127.0.0.1', 8088): address already in use
INFO:     Waiting for application shutdown.
INFO:     Application shutdown complete.
INFO:     Started server process [56699]
INFO:     Waiting for application startup.
INFO:     Application startup complete.
ERROR:    [Errno 48] error while attempting to bind on address ('127.0.0.1', 8088): address already in use
INFO:     Waiting for application shutdown.
INFO:     Application shutdown complete.
INFO:     Started server process [56709]
INFO:     Waiting for application startup.
INFO:     Application startup complete.
ERROR:    [Errno 48] error while attempting to bind on address ('127.0.0.1', 8088): address already in use
INFO:     Waiting for application shutdown.
INFO:     Application shutdown complete.
INFO:     Started server process [56716]
INFO:     Waiting for application startup.
INFO:     Application startup complete.
ERROR:    [Errno 48] error while attempting to bind on address ('127.0.0.1', 8088): address already in use
INFO:     Waiting for application shutdown.
INFO:     Application shutdown complete.
INFO:     Started server process [56728]
INFO:     Waiting for application startup.
INFO:     Application startup complete.
ERROR:    [Errno 48] error while attempting to bind on address ('127.0.0.1', 8088): address already in use
INFO:     Waiting for application shutdown.
INFO:     Application shutdown complete.
INFO:     Started server process [56736]
INFO:     Waiting for application startup.
INFO:     Application startup complete.
ERROR:    [Errno 48] error while attempting to bind on address ('127.0.0.1', 8088): address already in use
INFO:     Waiting for application shutdown.
INFO:     Application shutdown complete.
INFO:     Started server process [56743]
INFO:     Waiting for application startup.
INFO:     Application startup complete.
ERROR:    [Errno 48] error while attempting to bind on address ('127.0.0.1', 8088): address already in use
INFO:     Waiting for application shutdown.
INFO:     Application shutdown complete.
INFO:     Started server process [56755]
INFO:     Waiting for application startup.
INFO:     Application startup complete.
ERROR:    [Errno 48] error while attempting to bind on address ('127.0.0.1', 8088): address already in use
INFO:     Waiting for application shutdown.
INFO:     Application shutdown complete.
INFO:     Started server process [56765]
INFO:     Waiting for application startup.
INFO:     Application startup complete.
ERROR:    [Errno 48] error while attempting to bind on address ('127.0.0.1', 8088): address already in use
INFO:     Waiting for application shutdown.
INFO:     Application shutdown complete.
INFO:     Started server process [56772]
INFO:     Waiting for application startup.
INFO:     Application startup complete.
ERROR:    [Errno 48] error while attempting to bind on address ('127.0.0.1', 8088): address already in use
INFO:     Waiting for application shutdown.
INFO:     Application shutdown complete.
INFO:     Started server process [56780]
INFO:     Waiting for application startup.
INFO:     Application startup complete.
ERROR:    [Errno 48] error while attempting to bind on address ('127.0.0.1', 8088): address already in use
INFO:     Waiting for application shutdown.
INFO:     Application shutdown complete.
INFO:     Started server process [56796]
INFO:     Waiting for application startup.
INFO:     Application startup complete.
ERROR:    [Errno 48] error while attempting to bind on address ('127.0.0.1', 8088): address already in use
INFO:     Waiting for application shutdown.
INFO:     Application shutdown complete.
INFO:     Started server process [56818]
INFO:     Waiting for application startup.
INFO:     Application startup complete.
ERROR:    [Errno 48] error while attempting to bind on address ('127.0.0.1', 8088): address already in use
INFO:     Waiting for application shutdown.
INFO:     Application shutdown complete.
INFO:     Started server process [56827]
INFO:     Waiting for application startup.
INFO:     Application startup complete.
ERROR:    [Errno 48] error while attempting to bind on address ('127.0.0.1', 8088): address already in use
INFO:     Waiting for application shutdown.
INFO:     Application shutdown complete.
INFO:     Started server process [56840]
INFO:     Waiting for application startup.
INFO:     Application startup complete.
ERROR:    [Errno 48] error while attempting to bind on address ('127.0.0.1', 8088): address already in use
INFO:     Waiting for application shutdown.
INFO:     Application shutdown complete.
INFO:     Started server process [56850]
INFO:     Waiting for application startup.
INFO:     Application startup complete.
ERROR:    [Errno 48] error while attempting to bind on address ('127.0.0.1', 8088): address already in use
INFO:     Waiting for application shutdown.
INFO:     Application shutdown complete.
INFO:     Started server process [56857]
INFO:     Waiting for application startup.
INFO:     Application startup complete.
ERROR:    [Errno 48] error while attempting to bind on address ('127.0.0.1', 8088): address already in use
INFO:     Waiting for application shutdown.
INFO:     Application shutdown complete.
INFO:     Started server process [56865]
INFO:     Waiting for application startup.
INFO:     Application startup complete.
ERROR:    [Errno 48] error while attempting to bind on address ('127.0.0.1', 8088): address already in use
INFO:     Waiting for application shutdown.
INFO:     Application shutdown complete.
INFO:     Started server process [56875]
INFO:     Waiting for application startup.
INFO:     Application startup complete.
ERROR:    [Errno 48] error while attempting to bind on address ('127.0.0.1', 8088): address already in use
INFO:     Waiting for application shutdown.
INFO:     Application shutdown complete.
INFO:     Started server process [56884]
INFO:     Waiting for application startup.
INFO:     Application startup complete.
ERROR:    [Errno 48] error while attempting to bind on address ('127.0.0.1', 8088): address already in use
INFO:     Waiting for application shutdown.
INFO:     Application shutdown complete.
INFO:     Started server process [56892]
INFO:     Waiting for application startup.
INFO:     Application startup complete.
ERROR:    [Errno 48] error while attempting to bind on address ('127.0.0.1', 8088): address already in use
INFO:     Waiting for application shutdown.
INFO:     Application shutdown complete.
INFO:     Started server process [56900]
INFO:     Waiting for application startup.
INFO:     Application startup complete.
ERROR:    [Errno 48] error while attempting to bind on address ('127.0.0.1', 8088): address already in use
INFO:     Waiting for application shutdown.
INFO:     Application shutdown complete.
INFO:     Started server process [56907]
INFO:     Waiting for application startup.
INFO:     Application startup complete.
ERROR:    [Errno 48] error while attempting to bind on address ('127.0.0.1', 8088): address already in use
INFO:     Waiting for application shutdown.
INFO:     Application shutdown complete.
INFO:     Started server process [56918]
INFO:     Waiting for application startup.
INFO:     Application startup complete.
ERROR:    [Errno 48] error while attempting to bind on address ('127.0.0.1', 8088): address already in use
INFO:     Waiting for application shutdown.
INFO:     Application shutdown complete.
INFO:     Started server process [56929]
INFO:     Waiting for application startup.
INFO:     Application startup complete.
ERROR:    [Errno 48] error while attempting to bind on address ('127.0.0.1', 8088): address already in use
INFO:     Waiting for application shutdown.
INFO:     Application shutdown complete.
INFO:     Started server process [56939]
INFO:     Waiting for application startup.
INFO:     Application startup complete.
ERROR:    [Errno 48] error while attempting to bind on address ('127.0.0.1', 8088): address already in use
INFO:     Waiting for application shutdown.
INFO:     Application shutdown complete.
INFO:     Started server process [56947]
INFO:     Waiting for application startup.
INFO:     Application startup complete.
ERROR:    [Errno 48] error while attempting to bind on address ('127.0.0.1', 8088): address already in use
INFO:     Waiting for application shutdown.
INFO:     Application shutdown complete.
INFO:     Started server process [56966]
INFO:     Waiting for application startup.
INFO:     Application startup complete.
ERROR:    [Errno 48] error while attempting to bind on address ('127.0.0.1', 8088): address already in use
INFO:     Waiting for application shutdown.
INFO:     Application shutdown complete.
INFO:     Started server process [56973]
INFO:     Waiting for application startup.
INFO:     Application startup complete.
ERROR:    [Errno 48] error while attempting to bind on address ('127.0.0.1', 8088): address already in use
INFO:     Waiting for application shutdown.
INFO:     Application shutdown complete.
INFO:     Started server process [56987]
INFO:     Waiting for application startup.
INFO:     Application startup complete.
ERROR:    [Errno 48] error while attempting to bind on address ('127.0.0.1', 8088): address already in use
INFO:     Waiting for application shutdown.
INFO:     Application shutdown complete.
INFO:     Started server process [56997]
INFO:     Waiting for application startup.
INFO:     Application startup complete.
ERROR:    [Errno 48] error while attempting to bind on address ('127.0.0.1', 8088): address already in use
INFO:     Waiting for application shutdown.
INFO:     Application shutdown complete.
INFO:     Started server process [57006]
INFO:     Waiting for application startup.
INFO:     Application startup complete.
ERROR:    [Errno 48] error while attempting to bind on address ('127.0.0.1', 8088): address already in use
INFO:     Waiting for application shutdown.
INFO:     Application shutdown complete.
INFO:     Started server process [57019]
INFO:     Waiting for application startup.
INFO:     Application startup complete.
ERROR:    [Errno 48] error while attempting to bind on address ('127.0.0.1', 8088): address already in use
INFO:     Waiting for application shutdown.
INFO:     Application shutdown complete.
INFO:     Started server process [57026]
INFO:     Waiting for application startup.
INFO:     Application startup complete.
ERROR:    [Errno 48] error while attempting to bind on address ('127.0.0.1', 8088): address already in use
INFO:     Waiting for application shutdown.
INFO:     Application shutdown complete.
INFO:     Started server process [57035]
INFO:     Waiting for application startup.
INFO:     Application startup complete.
ERROR:    [Errno 48] error while attempting to bind on address ('127.0.0.1', 8088): address already in use
INFO:     Waiting for application shutdown.
INFO:     Application shutdown complete.
INFO:     Started server process [57047]
INFO:     Waiting for application startup.
INFO:     Application startup complete.
ERROR:    [Errno 48] error while attempting to bind on address ('127.0.0.1', 8088): address already in use
INFO:     Waiting for application shutdown.
INFO:     Application shutdown complete.
INFO:     Started server process [57059]
INFO:     Waiting for application startup.
INFO:     Application startup complete.
ERROR:    [Errno 48] error while attempting to bind on address ('127.0.0.1', 8088): address already in use
INFO:     Waiting for application shutdown.
INFO:     Application shutdown complete.
INFO:     Started server process [57066]
INFO:     Waiting for application startup.
INFO:     Application startup complete.
ERROR:    [Errno 48] error while attempting to bind on address ('127.0.0.1', 8088): address already in use
INFO:     Waiting for application shutdown.
INFO:     Application shutdown complete.
INFO:     Started server process [57075]
INFO:     Waiting for application startup.
INFO:     Application startup complete.
ERROR:    [Errno 48] error while attempting to bind on address ('127.0.0.1', 8088): address already in use
INFO:     Waiting for application shutdown.
INFO:     Application shutdown complete.
INFO:     Started server process [57082]
INFO:     Waiting for application startup.
INFO:     Application startup complete.
ERROR:    [Errno 48] error while attempting to bind on address ('127.0.0.1', 8088): address already in use
INFO:     Waiting for application shutdown.
INFO:     Application shutdown complete.
INFO:     Started server process [57089]
INFO:     Waiting for application startup.
INFO:     Application startup complete.
ERROR:    [Errno 48] error while attempting to bind on address ('127.0.0.1', 8088): address already in use
INFO:     Waiting for application shutdown.
INFO:     Application shutdown complete.
INFO:     Started server process [57108]
INFO:     Waiting for application startup.
INFO:     Application startup complete.
ERROR:    [Errno 48] error while attempting to bind on address ('127.0.0.1', 8088): address already in use
INFO:     Waiting for application shutdown.
INFO:     Application shutdown complete.
INFO:     Started server process [57117]
INFO:     Waiting for application startup.
INFO:     Application startup complete.
ERROR:    [Errno 48] error while attempting to bind on address ('127.0.0.1', 8088): address already in use
INFO:     Waiting for application shutdown.
INFO:     Application shutdown complete.
INFO:     Started server process [57134]
INFO:     Waiting for application startup.
INFO:     Application startup complete.
ERROR:    [Errno 48] error while attempting to bind on address ('127.0.0.1', 8088): address already in use
INFO:     Waiting for application shutdown.
INFO:     Application shutdown complete.
INFO:     Started server process [57146]
INFO:     Waiting for application startup.
INFO:     Application startup complete.
ERROR:    [Errno 48] error while attempting to bind on address ('127.0.0.1', 8088): address already in use
INFO:     Waiting for application shutdown.
INFO:     Application shutdown complete.
INFO:     Started server process [57153]
INFO:     Waiting for application startup.
INFO:     Application startup complete.
ERROR:    [Errno 48] error while attempting to bind on address ('127.0.0.1', 8088): address already in use
INFO:     Waiting for application shutdown.
INFO:     Application shutdown complete.
INFO:     Started server process [57163]
INFO:     Waiting for application startup.
INFO:     Application startup complete.
ERROR:    [Errno 48] error while attempting to bind on address ('127.0.0.1', 8088): address already in use
INFO:     Waiting for application shutdown.
INFO:     Application shutdown complete.
INFO:     Started server process [57172]
INFO:     Waiting for application startup.
INFO:     Application startup complete.
ERROR:    [Errno 48] error while attempting to bind on address ('127.0.0.1', 8088): address already in use
INFO:     Waiting for application shutdown.
INFO:     Application shutdown complete.
INFO:     Started server process [57182]
INFO:     Waiting for application startup.
INFO:     Application startup complete.
ERROR:    [Errno 48] error while attempting to bind on address ('127.0.0.1', 8088): address already in use
INFO:     Waiting for application shutdown.
INFO:     Application shutdown complete.
INFO:     Started server process [57190]
INFO:     Waiting for application startup.
INFO:     Application startup complete.
ERROR:    [Errno 48] error while attempting to bind on address ('127.0.0.1', 8088): address already in use
INFO:     Waiting for application shutdown.
INFO:     Application shutdown complete.
INFO:     Started server process [57211]
INFO:     Waiting for application startup.
INFO:     Application startup complete.
ERROR:    [Errno 48] error while attempting to bind on address ('127.0.0.1', 8088): address already in use
INFO:     Waiting for application shutdown.
INFO:     Application shutdown complete.
INFO:     Started server process [57230]
INFO:     Waiting for application startup.
INFO:     Application startup complete.
ERROR:    [Errno 48] error while attempting to bind on address ('127.0.0.1', 8088): address already in use
INFO:     Waiting for application shutdown.
INFO:     Application shutdown complete.
INFO:     Started server process [57242]
INFO:     Waiting for application startup.
INFO:     Application startup complete.
ERROR:    [Errno 48] error while attempting to bind on address ('127.0.0.1', 8088): address already in use
INFO:     Waiting for application shutdown.
INFO:     Application shutdown complete.
INFO:     Started server process [57254]
INFO:     Waiting for application startup.
INFO:     Application startup complete.
ERROR:    [Errno 48] error while attempting to bind on address ('127.0.0.1', 8088): address already in use
INFO:     Waiting for application shutdown.
INFO:     Application shutdown complete.
INFO:     Started server process [57262]
INFO:     Waiting for application startup.
INFO:     Application startup complete.
ERROR:    [Errno 48] error while attempting to bind on address ('127.0.0.1', 8088): address already in use
INFO:     Waiting for application shutdown.
INFO:     Application shutdown complete.
INFO:     Started server process [57275]
INFO:     Waiting for application startup.
INFO:     Application startup complete.
ERROR:    [Errno 48] error while attempting to bind on address ('127.0.0.1', 8088): address already in use
INFO:     Waiting for application shutdown.
INFO:     Application shutdown complete.
INFO:     Started server process [57287]
INFO:     Waiting for application startup.
INFO:     Application startup complete.
ERROR:    [Errno 48] error while attempting to bind on address ('127.0.0.1', 8088): address already in use
INFO:     Waiting for application shutdown.
INFO:     Application shutdown complete.
INFO:     Started server process [57298]
INFO:     Waiting for application startup.
INFO:     Application startup complete.
ERROR:    [Errno 48] error while attempting to bind on address ('127.0.0.1', 8088): address already in use
INFO:     Waiting for application shutdown.
INFO:     Application shutdown complete.
INFO:     Started server process [57309]
INFO:     Waiting for application startup.
INFO:     Application startup complete.
ERROR:    [Errno 48] error while attempting to bind on address ('127.0.0.1', 8088): address already in use
INFO:     Waiting for application shutdown.
INFO:     Application shutdown complete.
INFO:     Started server process [57321]
INFO:     Waiting for application startup.
INFO:     Application startup complete.
ERROR:    [Errno 48] error while attempting to bind on address ('127.0.0.1', 8088): address already in use
INFO:     Waiting for application shutdown.
INFO:     Application shutdown complete.
INFO:     Started server process [57346]
INFO:     Waiting for application startup.
INFO:     Application startup complete.
ERROR:    [Errno 48] error while attempting to bind on address ('127.0.0.1', 8088): address already in use
INFO:     Waiting for application shutdown.
INFO:     Application shutdown complete.
INFO:     Started server process [57354]
INFO:     Waiting for application startup.
INFO:     Application startup complete.
ERROR:    [Errno 48] error while attempting to bind on address ('127.0.0.1', 8088): address already in use
INFO:     Waiting for application shutdown.
INFO:     Application shutdown complete.
INFO:     Started server process [57362]
INFO:     Waiting for application startup.
INFO:     Application startup complete.
ERROR:    [Errno 48] error while attempting to bind on address ('127.0.0.1', 8088): address already in use
INFO:     Waiting for application shutdown.
INFO:     Application shutdown complete.
INFO:     Started server process [57371]
INFO:     Waiting for application startup.
INFO:     Application startup complete.
ERROR:    [Errno 48] error while attempting to bind on address ('127.0.0.1', 8088): address already in use
INFO:     Waiting for application shutdown.
INFO:     Application shutdown complete.
INFO:     Started server process [57379]
INFO:     Waiting for application startup.
INFO:     Application startup complete.
ERROR:    [Errno 48] error while attempting to bind on address ('127.0.0.1', 8088): address already in use
INFO:     Waiting for application shutdown.
INFO:     Application shutdown complete.
INFO:     Started server process [57390]
INFO:     Waiting for application startup.
INFO:     Application startup complete.
ERROR:    [Errno 48] error while attempting to bind on address ('127.0.0.1', 8088): address already in use
INFO:     Waiting for application shutdown.
INFO:     Application shutdown complete.
INFO:     Started server process [57398]
INFO:     Waiting for application startup.
INFO:     Application startup complete.
ERROR:    [Errno 48] error while attempting to bind on address ('127.0.0.1', 8088): address already in use
INFO:     Waiting for application shutdown.
INFO:     Application shutdown complete.
INFO:     Started server process [57406]
INFO:     Waiting for application startup.
INFO:     Application startup complete.
ERROR:    [Errno 48] error while attempting to bind on address ('127.0.0.1', 8088): address already in use
INFO:     Waiting for application shutdown.
INFO:     Application shutdown complete.
INFO:     Started server process [57413]
INFO:     Waiting for application startup.
INFO:     Application startup complete.
ERROR:    [Errno 48] error while attempting to bind on address ('127.0.0.1', 8088): address already in use
INFO:     Waiting for application shutdown.
INFO:     Application shutdown complete.
INFO:     Started server process [57422]
INFO:     Waiting for application startup.
INFO:     Application startup complete.
ERROR:    [Errno 48] error while attempting to bind on address ('127.0.0.1', 8088): address already in use
INFO:     Waiting for application shutdown.
INFO:     Application shutdown complete.
INFO:     Started server process [57434]
INFO:     Waiting for application startup.
INFO:     Application startup complete.
ERROR:    [Errno 48] error while attempting to bind on address ('127.0.0.1', 8088): address already in use
INFO:     Waiting for application shutdown.
INFO:     Application shutdown complete.
INFO:     Started server process [57441]
INFO:     Waiting for application startup.
INFO:     Application startup complete.
ERROR:    [Errno 48] error while attempting to bind on address ('127.0.0.1', 8088): address already in use
INFO:     Waiting for application shutdown.
INFO:     Application shutdown complete.
INFO:     Started server process [57458]
INFO:     Waiting for application startup.
INFO:     Application startup complete.
ERROR:    [Errno 48] error while attempting to bind on address ('127.0.0.1', 8088): address already in use
INFO:     Waiting for application shutdown.
INFO:     Application shutdown complete.
INFO:     Started server process [57475]
INFO:     Waiting for application startup.
INFO:     Application startup complete.
ERROR:    [Errno 48] error while attempting to bind on address ('127.0.0.1', 8088): address already in use
INFO:     Waiting for application shutdown.
INFO:     Application shutdown complete.
INFO:     Started server process [57482]
INFO:     Waiting for application startup.
INFO:     Application startup complete.
ERROR:    [Errno 48] error while attempting to bind on address ('127.0.0.1', 8088): address already in use
INFO:     Waiting for application shutdown.
INFO:     Application shutdown complete.
INFO:     Started server process [57493]
INFO:     Waiting for application startup.
INFO:     Application startup complete.
ERROR:    [Errno 48] error while attempting to bind on address ('127.0.0.1', 8088): address already in use
INFO:     Waiting for application shutdown.
INFO:     Application shutdown complete.
INFO:     Started server process [57504]
INFO:     Waiting for application startup.
INFO:     Application startup complete.
ERROR:    [Errno 48] error while attempting to bind on address ('127.0.0.1', 8088): address already in use
INFO:     Waiting for application shutdown.
INFO:     Application shutdown complete.
INFO:     Started server process [57511]
INFO:     Waiting for application startup.
INFO:     Application startup complete.
ERROR:    [Errno 48] error while attempting to bind on address ('127.0.0.1', 8088): address already in use
INFO:     Waiting for application shutdown.
INFO:     Application shutdown complete.
INFO:     Started server process [57519]
INFO:     Waiting for application startup.
INFO:     Application startup complete.
ERROR:    [Errno 48] error while attempting to bind on address ('127.0.0.1', 8088): address already in use
INFO:     Waiting for application shutdown.
INFO:     Application shutdown complete.
INFO:     Started server process [57527]
INFO:     Waiting for application startup.
INFO:     Application startup complete.
ERROR:    [Errno 48] error while attempting to bind on address ('127.0.0.1', 8088): address already in use
INFO:     Waiting for application shutdown.
INFO:     Application shutdown complete.
INFO:     Started server process [57536]
INFO:     Waiting for application startup.
INFO:     Application startup complete.
ERROR:    [Errno 48] error while attempting to bind on address ('127.0.0.1', 8088): address already in use
INFO:     Waiting for application shutdown.
INFO:     Application shutdown complete.
INFO:     Started server process [57543]
INFO:     Waiting for application startup.
INFO:     Application startup complete.
ERROR:    [Errno 48] error while attempting to bind on address ('127.0.0.1', 8088): address already in use
INFO:     Waiting for application shutdown.
INFO:     Application shutdown complete.
INFO:     Started server process [57556]
INFO:     Waiting for application startup.
INFO:     Application startup complete.
ERROR:    [Errno 48] error while attempting to bind on address ('127.0.0.1', 8088): address already in use
INFO:     Waiting for application shutdown.
INFO:     Application shutdown complete.
INFO:     Started server process [57574]
INFO:     Waiting for application startup.
INFO:     Application startup complete.
ERROR:    [Errno 48] error while attempting to bind on address ('127.0.0.1', 8088): address already in use
INFO:     Waiting for application shutdown.
INFO:     Application shutdown complete.
INFO:     Started server process [57583]
INFO:     Waiting for application startup.
INFO:     Application startup complete.
ERROR:    [Errno 48] error while attempting to bind on address ('127.0.0.1', 8088): address already in use
INFO:     Waiting for application shutdown.
INFO:     Application shutdown complete.
INFO:     Started server process [57593]
INFO:     Waiting for application startup.
INFO:     Application startup complete.
ERROR:    [Errno 48] error while attempting to bind on address ('127.0.0.1', 8088): address already in use
INFO:     Waiting for application shutdown.
INFO:     Application shutdown complete.
INFO:     Started server process [57602]
INFO:     Waiting for application startup.
INFO:     Application startup complete.
ERROR:    [Errno 48] error while attempting to bind on address ('127.0.0.1', 8088): address already in use
INFO:     Waiting for application shutdown.
INFO:     Application shutdown complete.
INFO:     Started server process [57613]
INFO:     Waiting for application startup.
INFO:     Application startup complete.
ERROR:    [Errno 48] error while attempting to bind on address ('127.0.0.1', 8088): address already in use
INFO:     Waiting for application shutdown.
INFO:     Application shutdown complete.
INFO:     Started server process [57622]
INFO:     Waiting for application startup.
INFO:     Application startup complete.
ERROR:    [Errno 48] error while attempting to bind on address ('127.0.0.1', 8088): address already in use
INFO:     Waiting for application shutdown.
INFO:     Application shutdown complete.
INFO:     Started server process [57630]
INFO:     Waiting for application startup.
INFO:     Application startup complete.
ERROR:    [Errno 48] error while attempting to bind on address ('127.0.0.1', 8088): address already in use
INFO:     Waiting for application shutdown.
INFO:     Application shutdown complete.
INFO:     Started server process [57638]
INFO:     Waiting for application startup.
INFO:     Application startup complete.
ERROR:    [Errno 48] error while attempting to bind on address ('127.0.0.1', 8088): address already in use
INFO:     Waiting for application shutdown.
INFO:     Application shutdown complete.
INFO:     Started server process [57649]
INFO:     Waiting for application startup.
INFO:     Application startup complete.
ERROR:    [Errno 48] error while attempting to bind on address ('127.0.0.1', 8088): address already in use
INFO:     Waiting for application shutdown.
INFO:     Application shutdown complete.
INFO:     Started server process [57658]
INFO:     Waiting for application startup.
INFO:     Application startup complete.
ERROR:    [Errno 48] error while attempting to bind on address ('127.0.0.1', 8088): address already in use
INFO:     Waiting for application shutdown.
INFO:     Application shutdown complete.
INFO:     Started server process [57667]
INFO:     Waiting for application startup.
INFO:     Application startup complete.
ERROR:    [Errno 48] error while attempting to bind on address ('127.0.0.1', 8088): address already in use
INFO:     Waiting for application shutdown.
INFO:     Application shutdown complete.
INFO:     Started server process [57676]
INFO:     Waiting for application startup.
INFO:     Application startup complete.
ERROR:    [Errno 48] error while attempting to bind on address ('127.0.0.1', 8088): address already in use
INFO:     Waiting for application shutdown.
INFO:     Application shutdown complete.
INFO:     Started server process [57691]
INFO:     Waiting for application startup.
INFO:     Application startup complete.
ERROR:    [Errno 48] error while attempting to bind on address ('127.0.0.1', 8088): address already in use
INFO:     Waiting for application shutdown.
INFO:     Application shutdown complete.
INFO:     Started server process [57699]
INFO:     Waiting for application startup.
INFO:     Application startup complete.
ERROR:    [Errno 48] error while attempting to bind on address ('127.0.0.1', 8088): address already in use
INFO:     Waiting for application shutdown.
INFO:     Application shutdown complete.
INFO:     Started server process [57710]
INFO:     Waiting for application startup.
INFO:     Application startup complete.
ERROR:    [Errno 48] error while attempting to bind on address ('127.0.0.1', 8088): address already in use
INFO:     Waiting for application shutdown.
INFO:     Application shutdown complete.
INFO:     Started server process [57720]
INFO:     Waiting for application startup.
INFO:     Application startup complete.
ERROR:    [Errno 48] error while attempting to bind on address ('127.0.0.1', 8088): address already in use
INFO:     Waiting for application shutdown.
INFO:     Application shutdown complete.
INFO:     Started server process [57727]
INFO:     Waiting for application startup.
INFO:     Application startup complete.
ERROR:    [Errno 48] error while attempting to bind on address ('127.0.0.1', 8088): address already in use
INFO:     Waiting for application shutdown.
INFO:     Application shutdown complete.
INFO:     Started server process [57738]
INFO:     Waiting for application startup.
INFO:     Application startup complete.
ERROR:    [Errno 48] error while attempting to bind on address ('127.0.0.1', 8088): address already in use
INFO:     Waiting for application shutdown.
INFO:     Application shutdown complete.
INFO:     Started server process [57754]
INFO:     Waiting for application startup.
INFO:     Application startup complete.
ERROR:    [Errno 48] error while attempting to bind on address ('127.0.0.1', 8088): address already in use
INFO:     Waiting for application shutdown.
INFO:     Application shutdown complete.
INFO:     Started server process [57761]
INFO:     Waiting for application startup.
INFO:     Application startup complete.
ERROR:    [Errno 48] error while attempting to bind on address ('127.0.0.1', 8088): address already in use
INFO:     Waiting for application shutdown.
INFO:     Application shutdown complete.
INFO:     Started server process [57781]
INFO:     Waiting for application startup.
INFO:     Application startup complete.
ERROR:    [Errno 48] error while attempting to bind on address ('127.0.0.1', 8088): address already in use
INFO:     Waiting for application shutdown.
INFO:     Application shutdown complete.
INFO:     Started server process [57792]
INFO:     Waiting for application startup.
INFO:     Application startup complete.
ERROR:    [Errno 48] error while attempting to bind on address ('127.0.0.1', 8088): address already in use
INFO:     Waiting for application shutdown.
INFO:     Application shutdown complete.
INFO:     Started server process [57800]
INFO:     Waiting for application startup.
INFO:     Application startup complete.
ERROR:    [Errno 48] error while attempting to bind on address ('127.0.0.1', 8088): address already in use
INFO:     Waiting for application shutdown.
INFO:     Application shutdown complete.
INFO:     Started server process [57809]
INFO:     Waiting for application startup.
INFO:     Application startup complete.
ERROR:    [Errno 48] error while attempting to bind on address ('127.0.0.1', 8088): address already in use
INFO:     Waiting for application shutdown.
INFO:     Application shutdown complete.
INFO:     Started server process [57817]
INFO:     Waiting for application startup.
INFO:     Application startup complete.
ERROR:    [Errno 48] error while attempting to bind on address ('127.0.0.1', 8088): address already in use
INFO:     Waiting for application shutdown.
INFO:     Application shutdown complete.
INFO:     Started server process [57827]
INFO:     Waiting for application startup.
INFO:     Application startup complete.
ERROR:    [Errno 48] error while attempting to bind on address ('127.0.0.1', 8088): address already in use
INFO:     Waiting for application shutdown.
INFO:     Application shutdown complete.
INFO:     Started server process [57836]
INFO:     Waiting for application startup.
INFO:     Application startup complete.
ERROR:    [Errno 48] error while attempting to bind on address ('127.0.0.1', 8088): address already in use
INFO:     Waiting for application shutdown.
INFO:     Application shutdown complete.
INFO:     Started server process [57846]
INFO:     Waiting for application startup.
INFO:     Application startup complete.
ERROR:    [Errno 48] error while attempting to bind on address ('127.0.0.1', 8088): address already in use
INFO:     Waiting for application shutdown.
INFO:     Application shutdown complete.
INFO:     Started server process [57856]
INFO:     Waiting for application startup.
INFO:     Application startup complete.
ERROR:    [Errno 48] error while attempting to bind on address ('127.0.0.1', 8088): address already in use
INFO:     Waiting for application shutdown.
INFO:     Application shutdown complete.
INFO:     Started server process [57879]
INFO:     Waiting for application startup.
INFO:     Application startup complete.
ERROR:    [Errno 48] error while attempting to bind on address ('127.0.0.1', 8088): address already in use
INFO:     Waiting for application shutdown.
INFO:     Application shutdown complete.
INFO:     Started server process [57886]
INFO:     Waiting for application startup.
INFO:     Application startup complete.
ERROR:    [Errno 48] error while attempting to bind on address ('127.0.0.1', 8088): address already in use
INFO:     Waiting for application shutdown.
INFO:     Application shutdown complete.
INFO:     Started server process [57897]
INFO:     Waiting for application startup.
INFO:     Application startup complete.
ERROR:    [Errno 48] error while attempting to bind on address ('127.0.0.1', 8088): address already in use
INFO:     Waiting for application shutdown.
INFO:     Application shutdown complete.
INFO:     Started server process [57907]
INFO:     Waiting for application startup.
INFO:     Application startup complete.
ERROR:    [Errno 48] error while attempting to bind on address ('127.0.0.1', 8088): address already in use
INFO:     Waiting for application shutdown.
INFO:     Application shutdown complete.
INFO:     Started server process [57914]
INFO:     Waiting for application startup.
INFO:     Application startup complete.
ERROR:    [Errno 48] error while attempting to bind on address ('127.0.0.1', 8088): address already in use
INFO:     Waiting for application shutdown.
INFO:     Application shutdown complete.
INFO:     Started server process [57946]
INFO:     Waiting for application startup.
INFO:     Application startup complete.
ERROR:    [Errno 48] error while attempting to bind on address ('127.0.0.1', 8088): address already in use
INFO:     Waiting for application shutdown.
INFO:     Application shutdown complete.
INFO:     Started server process [57955]
INFO:     Waiting for application startup.
INFO:     Application startup complete.
ERROR:    [Errno 48] error while attempting to bind on address ('127.0.0.1', 8088): address already in use
INFO:     Waiting for application shutdown.
INFO:     Application shutdown complete.
INFO:     Started server process [57962]
INFO:     Waiting for application startup.
INFO:     Application startup complete.
ERROR:    [Errno 48] error while attempting to bind on address ('127.0.0.1', 8088): address already in use
INFO:     Waiting for application shutdown.
INFO:     Application shutdown complete.
INFO:     Started server process [57973]
INFO:     Waiting for application startup.
INFO:     Application startup complete.
ERROR:    [Errno 48] error while attempting to bind on address ('127.0.0.1', 8088): address already in use
INFO:     Waiting for application shutdown.
INFO:     Application shutdown complete.
INFO:     Started server process [57983]
INFO:     Waiting for application startup.
INFO:     Application startup complete.
ERROR:    [Errno 48] error while attempting to bind on address ('127.0.0.1', 8088): address already in use
INFO:     Waiting for application shutdown.
INFO:     Application shutdown complete.
INFO:     Started server process [57991]
INFO:     Waiting for application startup.
INFO:     Application startup complete.
ERROR:    [Errno 48] error while attempting to bind on address ('127.0.0.1', 8088): address already in use
INFO:     Waiting for application shutdown.
INFO:     Application shutdown complete.
INFO:     Started server process [57999]
INFO:     Waiting for application startup.
INFO:     Application startup complete.
ERROR:    [Errno 48] error while attempting to bind on address ('127.0.0.1', 8088): address already in use
INFO:     Waiting for application shutdown.
INFO:     Application shutdown complete.
INFO:     Started server process [58007]
INFO:     Waiting for application startup.
INFO:     Application startup complete.
ERROR:    [Errno 48] error while attempting to bind on address ('127.0.0.1', 8088): address already in use
INFO:     Waiting for application shutdown.
INFO:     Application shutdown complete.
INFO:     Started server process [58016]
INFO:     Waiting for application startup.
INFO:     Application startup complete.
ERROR:    [Errno 48] error while attempting to bind on address ('127.0.0.1', 8088): address already in use
INFO:     Waiting for application shutdown.
INFO:     Application shutdown complete.
INFO:     Started server process [58027]
INFO:     Waiting for application startup.
INFO:     Application startup complete.
ERROR:    [Errno 48] error while attempting to bind on address ('127.0.0.1', 8088): address already in use
INFO:     Waiting for application shutdown.
INFO:     Application shutdown complete.
INFO:     Started server process [58035]
INFO:     Waiting for application startup.
INFO:     Application startup complete.
ERROR:    [Errno 48] error while attempting to bind on address ('127.0.0.1', 8088): address already in use
INFO:     Waiting for application shutdown.
INFO:     Application shutdown complete.
INFO:     Started server process [58043]
INFO:     Waiting for application startup.
INFO:     Application startup complete.
ERROR:    [Errno 48] error while attempting to bind on address ('127.0.0.1', 8088): address already in use
INFO:     Waiting for application shutdown.
INFO:     Application shutdown complete.
INFO:     Started server process [58051]
INFO:     Waiting for application startup.
INFO:     Application startup complete.
ERROR:    [Errno 48] error while attempting to bind on address ('127.0.0.1', 8088): address already in use
INFO:     Waiting for application shutdown.
INFO:     Application shutdown complete.
INFO:     Started server process [58068]
INFO:     Waiting for application startup.
INFO:     Application startup complete.
ERROR:    [Errno 48] error while attempting to bind on address ('127.0.0.1', 8088): address already in use
INFO:     Waiting for application shutdown.
INFO:     Application shutdown complete.
INFO:     Started server process [58076]
INFO:     Waiting for application startup.
INFO:     Application startup complete.
ERROR:    [Errno 48] error while attempting to bind on address ('127.0.0.1', 8088): address already in use
INFO:     Waiting for application shutdown.
INFO:     Application shutdown complete.
INFO:     Started server process [58088]
INFO:     Waiting for application startup.
INFO:     Application startup complete.
ERROR:    [Errno 48] error while attempting to bind on address ('127.0.0.1', 8088): address already in use
INFO:     Waiting for application shutdown.
INFO:     Application shutdown complete.
INFO:     Started server process [58104]
INFO:     Waiting for application startup.
INFO:     Application startup complete.
ERROR:    [Errno 48] error while attempting to bind on address ('127.0.0.1', 8088): address already in use
INFO:     Waiting for application shutdown.
INFO:     Application shutdown complete.
INFO:     Started server process [58113]
INFO:     Waiting for application startup.
INFO:     Application startup complete.
ERROR:    [Errno 48] error while attempting to bind on address ('127.0.0.1', 8088): address already in use
INFO:     Waiting for application shutdown.
INFO:     Application shutdown complete.
INFO:     Started server process [58132]
INFO:     Waiting for application startup.
INFO:     Application startup complete.
ERROR:    [Errno 48] error while attempting to bind on address ('127.0.0.1', 8088): address already in use
INFO:     Waiting for application shutdown.
INFO:     Application shutdown complete.
INFO:     Started server process [58141]
INFO:     Waiting for application startup.
INFO:     Application startup complete.
ERROR:    [Errno 48] error while attempting to bind on address ('127.0.0.1', 8088): address already in use
INFO:     Waiting for application shutdown.
INFO:     Application shutdown complete.
INFO:     Started server process [58148]
INFO:     Waiting for application startup.
INFO:     Application startup complete.
ERROR:    [Errno 48] error while attempting to bind on address ('127.0.0.1', 8088): address already in use
INFO:     Waiting for application shutdown.
INFO:     Application shutdown complete.
INFO:     Started server process [58159]
INFO:     Waiting for application startup.
INFO:     Application startup complete.
ERROR:    [Errno 48] error while attempting to bind on address ('127.0.0.1', 8088): address already in use
INFO:     Waiting for application shutdown.
INFO:     Application shutdown complete.
INFO:     Started server process [58174]
INFO:     Waiting for application startup.
INFO:     Application startup complete.
ERROR:    [Errno 48] error while attempting to bind on address ('127.0.0.1', 8088): address already in use
INFO:     Waiting for application shutdown.
INFO:     Application shutdown complete.
INFO:     Started server process [58185]
INFO:     Waiting for application startup.
INFO:     Application startup complete.
ERROR:    [Errno 48] error while attempting to bind on address ('127.0.0.1', 8088): address already in use
INFO:     Waiting for application shutdown.
INFO:     Application shutdown complete.
INFO:     Started server process [58193]
INFO:     Waiting for application startup.
INFO:     Application startup complete.
ERROR:    [Errno 48] error while attempting to bind on address ('127.0.0.1', 8088): address already in use
INFO:     Waiting for application shutdown.
INFO:     Application shutdown complete.
INFO:     Started server process [58202]
INFO:     Waiting for application startup.
INFO:     Application startup complete.
ERROR:    [Errno 48] error while attempting to bind on address ('127.0.0.1', 8088): address already in use
INFO:     Waiting for application shutdown.
INFO:     Application shutdown complete.
INFO:     Started server process [58211]
INFO:     Waiting for application startup.
INFO:     Application startup complete.
ERROR:    [Errno 48] error while attempting to bind on address ('127.0.0.1', 8088): address already in use
INFO:     Waiting for application shutdown.
INFO:     Application shutdown complete.
INFO:     Started server process [58220]
INFO:     Waiting for application startup.
INFO:     Application startup complete.
ERROR:    [Errno 48] error while attempting to bind on address ('127.0.0.1', 8088): address already in use
INFO:     Waiting for application shutdown.
INFO:     Application shutdown complete.
INFO:     Started server process [58229]
INFO:     Waiting for application startup.
INFO:     Application startup complete.
ERROR:    [Errno 48] error while attempting to bind on address ('127.0.0.1', 8088): address already in use
INFO:     Waiting for application shutdown.
INFO:     Application shutdown complete.
INFO:     Started server process [58236]
INFO:     Waiting for application startup.
INFO:     Application startup complete.
ERROR:    [Errno 48] error while attempting to bind on address ('127.0.0.1', 8088): address already in use
INFO:     Waiting for application shutdown.
INFO:     Application shutdown complete.
INFO:     Started server process [58250]
INFO:     Waiting for application startup.
INFO:     Application startup complete.
ERROR:    [Errno 48] error while attempting to bind on address ('127.0.0.1', 8088): address already in use
INFO:     Waiting for application shutdown.
INFO:     Application shutdown complete.
INFO:     Started server process [58258]
INFO:     Waiting for application startup.
INFO:     Application startup complete.
ERROR:    [Errno 48] error while attempting to bind on address ('127.0.0.1', 8088): address already in use
INFO:     Waiting for application shutdown.
INFO:     Application shutdown complete.
INFO:     Started server process [58268]
INFO:     Waiting for application startup.
INFO:     Application startup complete.
ERROR:    [Errno 48] error while attempting to bind on address ('127.0.0.1', 8088): address already in use
INFO:     Waiting for application shutdown.
INFO:     Application shutdown complete.
INFO:     Started server process [58275]
INFO:     Waiting for application startup.
INFO:     Application startup complete.
ERROR:    [Errno 48] error while attempting to bind on address ('127.0.0.1', 8088): address already in use
INFO:     Waiting for application shutdown.
INFO:     Application shutdown complete.
INFO:     Started server process [58284]
INFO:     Waiting for application startup.
INFO:     Application startup complete.
ERROR:    [Errno 48] error while attempting to bind on address ('127.0.0.1', 8088): address already in use
INFO:     Waiting for application shutdown.
INFO:     Application shutdown complete.
INFO:     Started server process [58291]
INFO:     Waiting for application startup.
INFO:     Application startup complete.
ERROR:    [Errno 48] error while attempting to bind on address ('127.0.0.1', 8088): address already in use
INFO:     Waiting for application shutdown.
INFO:     Application shutdown complete.
INFO:     Started server process [58301]
INFO:     Waiting for application startup.
INFO:     Application startup complete.
ERROR:    [Errno 48] error while attempting to bind on address ('127.0.0.1', 8088): address already in use
INFO:     Waiting for application shutdown.
INFO:     Application shutdown complete.
INFO:     Started server process [58309]
INFO:     Waiting for application startup.
INFO:     Application startup complete.
ERROR:    [Errno 48] error while attempting to bind on address ('127.0.0.1', 8088): address already in use
INFO:     Waiting for application shutdown.
INFO:     Application shutdown complete.
INFO:     Started server process [58319]
INFO:     Waiting for application startup.
INFO:     Application startup complete.
ERROR:    [Errno 48] error while attempting to bind on address ('127.0.0.1', 8088): address already in use
INFO:     Waiting for application shutdown.
INFO:     Application shutdown complete.
INFO:     Started server process [58327]
INFO:     Waiting for application startup.
INFO:     Application startup complete.
ERROR:    [Errno 48] error while attempting to bind on address ('127.0.0.1', 8088): address already in use
INFO:     Waiting for application shutdown.
INFO:     Application shutdown complete.
INFO:     Started server process [58335]
INFO:     Waiting for application startup.
INFO:     Application startup complete.
ERROR:    [Errno 48] error while attempting to bind on address ('127.0.0.1', 8088): address already in use
INFO:     Waiting for application shutdown.
INFO:     Application shutdown complete.
INFO:     Started server process [58345]
INFO:     Waiting for application startup.
INFO:     Application startup complete.
ERROR:    [Errno 48] error while attempting to bind on address ('127.0.0.1', 8088): address already in use
INFO:     Waiting for application shutdown.
INFO:     Application shutdown complete.
INFO:     Started server process [58353]
INFO:     Waiting for application startup.
INFO:     Application startup complete.
ERROR:    [Errno 48] error while attempting to bind on address ('127.0.0.1', 8088): address already in use
INFO:     Waiting for application shutdown.
INFO:     Application shutdown complete.
INFO:     Started server process [58361]
INFO:     Waiting for application startup.
INFO:     Application startup complete.
ERROR:    [Errno 48] error while attempting to bind on address ('127.0.0.1', 8088): address already in use
INFO:     Waiting for application shutdown.
INFO:     Application shutdown complete.
INFO:     Started server process [58371]
INFO:     Waiting for application startup.
INFO:     Application startup complete.
ERROR:    [Errno 48] error while attempting to bind on address ('127.0.0.1', 8088): address already in use
INFO:     Waiting for application shutdown.
INFO:     Application shutdown complete.
INFO:     Started server process [58380]
INFO:     Waiting for application startup.
INFO:     Application startup complete.
ERROR:    [Errno 48] error while attempting to bind on address ('127.0.0.1', 8088): address already in use
INFO:     Waiting for application shutdown.
INFO:     Application shutdown complete.
INFO:     Started server process [58387]
INFO:     Waiting for application startup.
INFO:     Application startup complete.
ERROR:    [Errno 48] error while attempting to bind on address ('127.0.0.1', 8088): address already in use
INFO:     Waiting for application shutdown.
INFO:     Application shutdown complete.
INFO:     Started server process [58396]
INFO:     Waiting for application startup.
INFO:     Application startup complete.
ERROR:    [Errno 48] error while attempting to bind on address ('127.0.0.1', 8088): address already in use
INFO:     Waiting for application shutdown.
INFO:     Application shutdown complete.
INFO:     Started server process [58404]
INFO:     Waiting for application startup.
INFO:     Application startup complete.
ERROR:    [Errno 48] error while attempting to bind on address ('127.0.0.1', 8088): address already in use
INFO:     Waiting for application shutdown.
INFO:     Application shutdown complete.
INFO:     Started server process [58414]
INFO:     Waiting for application startup.
INFO:     Application startup complete.
ERROR:    [Errno 48] error while attempting to bind on address ('127.0.0.1', 8088): address already in use
INFO:     Waiting for application shutdown.
INFO:     Application shutdown complete.
INFO:     Started server process [58433]
INFO:     Waiting for application startup.
INFO:     Application startup complete.
ERROR:    [Errno 48] error while attempting to bind on address ('127.0.0.1', 8088): address already in use
INFO:     Waiting for application shutdown.
INFO:     Application shutdown complete.
INFO:     Started server process [58445]
INFO:     Waiting for application startup.
INFO:     Application startup complete.
ERROR:    [Errno 48] error while attempting to bind on address ('127.0.0.1', 8088): address already in use
INFO:     Waiting for application shutdown.
INFO:     Application shutdown complete.
INFO:     Started server process [58467]
INFO:     Waiting for application startup.
INFO:     Application startup complete.
ERROR:    [Errno 48] error while attempting to bind on address ('127.0.0.1', 8088): address already in use
INFO:     Waiting for application shutdown.
INFO:     Application shutdown complete.
INFO:     Started server process [58478]
INFO:     Waiting for application startup.
INFO:     Application startup complete.
ERROR:    [Errno 48] error while attempting to bind on address ('127.0.0.1', 8088): address already in use
INFO:     Waiting for application shutdown.
INFO:     Application shutdown complete.
INFO:     Started server process [58486]
INFO:     Waiting for application startup.
INFO:     Application startup complete.
ERROR:    [Errno 48] error while attempting to bind on address ('127.0.0.1', 8088): address already in use
INFO:     Waiting for application shutdown.
INFO:     Application shutdown complete.
INFO:     Started server process [58497]
INFO:     Waiting for application startup.
INFO:     Application startup complete.
ERROR:    [Errno 48] error while attempting to bind on address ('127.0.0.1', 8088): address already in use
INFO:     Waiting for application shutdown.
INFO:     Application shutdown complete.
INFO:     Started server process [58504]
INFO:     Waiting for application startup.
INFO:     Application startup complete.
ERROR:    [Errno 48] error while attempting to bind on address ('127.0.0.1', 8088): address already in use
INFO:     Waiting for application shutdown.
INFO:     Application shutdown complete.
INFO:     Started server process [58527]
INFO:     Waiting for application startup.
INFO:     Application startup complete.
ERROR:    [Errno 48] error while attempting to bind on address ('127.0.0.1', 8088): address already in use
INFO:     Waiting for application shutdown.
INFO:     Application shutdown complete.
INFO:     Started server process [58545]
INFO:     Waiting for application startup.
INFO:     Application startup complete.
ERROR:    [Errno 48] error while attempting to bind on address ('127.0.0.1', 8088): address already in use
INFO:     Waiting for application shutdown.
INFO:     Application shutdown complete.
INFO:     Started server process [58555]
INFO:     Waiting for application startup.
INFO:     Application startup complete.
ERROR:    [Errno 48] error while attempting to bind on address ('127.0.0.1', 8088): address already in use
INFO:     Waiting for application shutdown.
INFO:     Application shutdown complete.
INFO:     Started server process [58570]
INFO:     Waiting for application startup.
INFO:     Application startup complete.
ERROR:    [Errno 48] error while attempting to bind on address ('127.0.0.1', 8088): address already in use
INFO:     Waiting for application shutdown.
INFO:     Application shutdown complete.
INFO:     Started server process [58580]
INFO:     Waiting for application startup.
INFO:     Application startup complete.
ERROR:    [Errno 48] error while attempting to bind on address ('127.0.0.1', 8088): address already in use
INFO:     Waiting for application shutdown.
INFO:     Application shutdown complete.
INFO:     Started server process [58589]
INFO:     Waiting for application startup.
INFO:     Application startup complete.
ERROR:    [Errno 48] error while attempting to bind on address ('127.0.0.1', 8088): address already in use
INFO:     Waiting for application shutdown.
INFO:     Application shutdown complete.
INFO:     Started server process [58597]
INFO:     Waiting for application startup.
INFO:     Application startup complete.
ERROR:    [Errno 48] error while attempting to bind on address ('127.0.0.1', 8088): address already in use
INFO:     Waiting for application shutdown.
INFO:     Application shutdown complete.
INFO:     Started server process [58606]
INFO:     Waiting for application startup.
INFO:     Application startup complete.
ERROR:    [Errno 48] error while attempting to bind on address ('127.0.0.1', 8088): address already in use
INFO:     Waiting for application shutdown.
INFO:     Application shutdown complete.
INFO:     Started server process [58613]
INFO:     Waiting for application startup.
INFO:     Application startup complete.
ERROR:    [Errno 48] error while attempting to bind on address ('127.0.0.1', 8088): address already in use
INFO:     Waiting for application shutdown.
INFO:     Application shutdown complete.
INFO:     Started server process [58624]
INFO:     Waiting for application startup.
INFO:     Application startup complete.
ERROR:    [Errno 48] error while attempting to bind on address ('127.0.0.1', 8088): address already in use
INFO:     Waiting for application shutdown.
INFO:     Application shutdown complete.
INFO:     Started server process [58649]
INFO:     Waiting for application startup.
INFO:     Application startup complete.
ERROR:    [Errno 48] error while attempting to bind on address ('127.0.0.1', 8088): address already in use
INFO:     Waiting for application shutdown.
INFO:     Application shutdown complete.
INFO:     Started server process [58677]
INFO:     Waiting for application startup.
INFO:     Application startup complete.
ERROR:    [Errno 48] error while attempting to bind on address ('127.0.0.1', 8088): address already in use
INFO:     Waiting for application shutdown.
INFO:     Application shutdown complete.
INFO:     Started server process [58689]
INFO:     Waiting for application startup.
INFO:     Application startup complete.
ERROR:    [Errno 48] error while attempting to bind on address ('127.0.0.1', 8088): address already in use
INFO:     Waiting for application shutdown.
INFO:     Application shutdown complete.
INFO:     Started server process [58697]
INFO:     Waiting for application startup.
INFO:     Application startup complete.
ERROR:    [Errno 48] error while attempting to bind on address ('127.0.0.1', 8088): address already in use
INFO:     Waiting for application shutdown.
INFO:     Application shutdown complete.
INFO:     Started server process [58704]
INFO:     Waiting for application startup.
INFO:     Application startup complete.
ERROR:    [Errno 48] error while attempting to bind on address ('127.0.0.1', 8088): address already in use
INFO:     Waiting for application shutdown.
INFO:     Application shutdown complete.
INFO:     Started server process [58716]
INFO:     Waiting for application startup.
INFO:     Application startup complete.
ERROR:    [Errno 48] error while attempting to bind on address ('127.0.0.1', 8088): address already in use
INFO:     Waiting for application shutdown.
INFO:     Application shutdown complete.
INFO:     Started server process [58724]
INFO:     Waiting for application startup.
INFO:     Application startup complete.
ERROR:    [Errno 48] error while attempting to bind on address ('127.0.0.1', 8088): address already in use
INFO:     Waiting for application shutdown.
INFO:     Application shutdown complete.
INFO:     Started server process [58732]
INFO:     Waiting for application startup.
INFO:     Application startup complete.
ERROR:    [Errno 48] error while attempting to bind on address ('127.0.0.1', 8088): address already in use
INFO:     Waiting for application shutdown.
INFO:     Application shutdown complete.
INFO:     Started server process [58742]
INFO:     Waiting for application startup.
INFO:     Application startup complete.
ERROR:    [Errno 48] error while attempting to bind on address ('127.0.0.1', 8088): address already in use
INFO:     Waiting for application shutdown.
INFO:     Application shutdown complete.
INFO:     Started server process [58749]
INFO:     Waiting for application startup.
INFO:     Application startup complete.
ERROR:    [Errno 48] error while attempting to bind on address ('127.0.0.1', 8088): address already in use
INFO:     Waiting for application shutdown.
INFO:     Application shutdown complete.
INFO:     Started server process [58758]
INFO:     Waiting for application startup.
INFO:     Application startup complete.
ERROR:    [Errno 48] error while attempting to bind on address ('127.0.0.1', 8088): address already in use
INFO:     Waiting for application shutdown.
INFO:     Application shutdown complete.
INFO:     Started server process [58769]
INFO:     Waiting for application startup.
INFO:     Application startup complete.
ERROR:    [Errno 48] error while attempting to bind on address ('127.0.0.1', 8088): address already in use
INFO:     Waiting for application shutdown.
INFO:     Application shutdown complete.
INFO:     Started server process [58791]
INFO:     Waiting for application startup.
INFO:     Application startup complete.
ERROR:    [Errno 48] error while attempting to bind on address ('127.0.0.1', 8088): address already in use
INFO:     Waiting for application shutdown.
INFO:     Application shutdown complete.
INFO:     Started server process [58802]
INFO:     Waiting for application startup.
INFO:     Application startup complete.
ERROR:    [Errno 48] error while attempting to bind on address ('127.0.0.1', 8088): address already in use
INFO:     Waiting for application shutdown.
INFO:     Application shutdown complete.
INFO:     Started server process [58821]
INFO:     Waiting for application startup.
INFO:     Application startup complete.
ERROR:    [Errno 48] error while attempting to bind on address ('127.0.0.1', 8088): address already in use
INFO:     Waiting for application shutdown.
INFO:     Application shutdown complete.
INFO:     Started server process [58829]
INFO:     Waiting for application startup.
INFO:     Application startup complete.
ERROR:    [Errno 48] error while attempting to bind on address ('127.0.0.1', 8088): address already in use
INFO:     Waiting for application shutdown.
INFO:     Application shutdown complete.
INFO:     Started server process [58839]
INFO:     Waiting for application startup.
INFO:     Application startup complete.
ERROR:    [Errno 48] error while attempting to bind on address ('127.0.0.1', 8088): address already in use
INFO:     Waiting for application shutdown.
INFO:     Application shutdown complete.
INFO:     Started server process [58847]
INFO:     Waiting for application startup.
INFO:     Application startup complete.
ERROR:    [Errno 48] error while attempting to bind on address ('127.0.0.1', 8088): address already in use
INFO:     Waiting for application shutdown.
INFO:     Application shutdown complete.
INFO:     Started server process [58855]
INFO:     Waiting for application startup.
INFO:     Application startup complete.
ERROR:    [Errno 48] error while attempting to bind on address ('127.0.0.1', 8088): address already in use
INFO:     Waiting for application shutdown.
INFO:     Application shutdown complete.
INFO:     Started server process [58865]
INFO:     Waiting for application startup.
INFO:     Application startup complete.
ERROR:    [Errno 48] error while attempting to bind on address ('127.0.0.1', 8088): address already in use
INFO:     Waiting for application shutdown.
INFO:     Application shutdown complete.
INFO:     Started server process [58876]
INFO:     Waiting for application startup.
INFO:     Application startup complete.
ERROR:    [Errno 48] error while attempting to bind on address ('127.0.0.1', 8088): address already in use
INFO:     Waiting for application shutdown.
INFO:     Application shutdown complete.
INFO:     Started server process [58884]
INFO:     Waiting for application startup.
INFO:     Application startup complete.
ERROR:    [Errno 48] error while attempting to bind on address ('127.0.0.1', 8088): address already in use
INFO:     Waiting for application shutdown.
INFO:     Application shutdown complete.
INFO:     Started server process [58894]
INFO:     Waiting for application startup.
INFO:     Application startup complete.
ERROR:    [Errno 48] error while attempting to bind on address ('127.0.0.1', 8088): address already in use
INFO:     Waiting for application shutdown.
INFO:     Application shutdown complete.
INFO:     Started server process [58902]
INFO:     Waiting for application startup.
INFO:     Application startup complete.
ERROR:    [Errno 48] error while attempting to bind on address ('127.0.0.1', 8088): address already in use
INFO:     Waiting for application shutdown.
INFO:     Application shutdown complete.
INFO:     Started server process [58910]
INFO:     Waiting for application startup.
INFO:     Application startup complete.
ERROR:    [Errno 48] error while attempting to bind on address ('127.0.0.1', 8088): address already in use
INFO:     Waiting for application shutdown.
INFO:     Application shutdown complete.
INFO:     Started server process [58917]
INFO:     Waiting for application startup.
INFO:     Application startup complete.
ERROR:    [Errno 48] error while attempting to bind on address ('127.0.0.1', 8088): address already in use
INFO:     Waiting for application shutdown.
INFO:     Application shutdown complete.
INFO:     Started server process [58927]
INFO:     Waiting for application startup.
INFO:     Application startup complete.
ERROR:    [Errno 48] error while attempting to bind on address ('127.0.0.1', 8088): address already in use
INFO:     Waiting for application shutdown.
INFO:     Application shutdown complete.
INFO:     Started server process [58936]
INFO:     Waiting for application startup.
INFO:     Application startup complete.
ERROR:    [Errno 48] error while attempting to bind on address ('127.0.0.1', 8088): address already in use
INFO:     Waiting for application shutdown.
INFO:     Application shutdown complete.
INFO:     Started server process [58944]
INFO:     Waiting for application startup.
INFO:     Application startup complete.
ERROR:    [Errno 48] error while attempting to bind on address ('127.0.0.1', 8088): address already in use
INFO:     Waiting for application shutdown.
INFO:     Application shutdown complete.
INFO:     Started server process [58953]
INFO:     Waiting for application startup.
INFO:     Application startup complete.
ERROR:    [Errno 48] error while attempting to bind on address ('127.0.0.1', 8088): address already in use
INFO:     Waiting for application shutdown.
INFO:     Application shutdown complete.
INFO:     Started server process [58961]
INFO:     Waiting for application startup.
INFO:     Application startup complete.
ERROR:    [Errno 48] error while attempting to bind on address ('127.0.0.1', 8088): address already in use
INFO:     Waiting for application shutdown.
INFO:     Application shutdown complete.
INFO:     Started server process [58968]
INFO:     Waiting for application startup.
INFO:     Application startup complete.
ERROR:    [Errno 48] error while attempting to bind on address ('127.0.0.1', 8088): address already in use
INFO:     Waiting for application shutdown.
INFO:     Application shutdown complete.
INFO:     Started server process [58980]
INFO:     Waiting for application startup.
INFO:     Application startup complete.
ERROR:    [Errno 48] error while attempting to bind on address ('127.0.0.1', 8088): address already in use
INFO:     Waiting for application shutdown.
INFO:     Application shutdown complete.
INFO:     Started server process [58990]
INFO:     Waiting for application startup.
INFO:     Application startup complete.
ERROR:    [Errno 48] error while attempting to bind on address ('127.0.0.1', 8088): address already in use
INFO:     Waiting for application shutdown.
INFO:     Application shutdown complete.
INFO:     Started server process [59000]
INFO:     Waiting for application startup.
INFO:     Application startup complete.
ERROR:    [Errno 48] error while attempting to bind on address ('127.0.0.1', 8088): address already in use
INFO:     Waiting for application shutdown.
INFO:     Application shutdown complete.
INFO:     Started server process [59009]
INFO:     Waiting for application startup.
INFO:     Application startup complete.
ERROR:    [Errno 48] error while attempting to bind on address ('127.0.0.1', 8088): address already in use
INFO:     Waiting for application shutdown.
INFO:     Application shutdown complete.
INFO:     Started server process [59016]
INFO:     Waiting for application startup.
INFO:     Application startup complete.
ERROR:    [Errno 48] error while attempting to bind on address ('127.0.0.1', 8088): address already in use
INFO:     Waiting for application shutdown.
INFO:     Application shutdown complete.
INFO:     Started server process [59024]
INFO:     Waiting for application startup.
INFO:     Application startup complete.
ERROR:    [Errno 48] error while attempting to bind on address ('127.0.0.1', 8088): address already in use
INFO:     Waiting for application shutdown.
INFO:     Application shutdown complete.
INFO:     Started server process [59034]
INFO:     Waiting for application startup.
INFO:     Application startup complete.
ERROR:    [Errno 48] error while attempting to bind on address ('127.0.0.1', 8088): address already in use
INFO:     Waiting for application shutdown.
INFO:     Application shutdown complete.
INFO:     Started server process [59044]
INFO:     Waiting for application startup.
INFO:     Application startup complete.
ERROR:    [Errno 48] error while attempting to bind on address ('127.0.0.1', 8088): address already in use
INFO:     Waiting for application shutdown.
INFO:     Application shutdown complete.
INFO:     Started server process [59051]
INFO:     Waiting for application startup.
INFO:     Application startup complete.
ERROR:    [Errno 48] error while attempting to bind on address ('127.0.0.1', 8088): address already in use
INFO:     Waiting for application shutdown.
INFO:     Application shutdown complete.
INFO:     Started server process [59072]
INFO:     Waiting for application startup.
INFO:     Application startup complete.
ERROR:    [Errno 48] error while attempting to bind on address ('127.0.0.1', 8088): address already in use
INFO:     Waiting for application shutdown.
INFO:     Application shutdown complete.
INFO:     Started server process [59079]
INFO:     Waiting for application startup.
INFO:     Application startup complete.
ERROR:    [Errno 48] error while attempting to bind on address ('127.0.0.1', 8088): address already in use
INFO:     Waiting for application shutdown.
INFO:     Application shutdown complete.
INFO:     Started server process [59095]
INFO:     Waiting for application startup.
INFO:     Application startup complete.
ERROR:    [Errno 48] error while attempting to bind on address ('127.0.0.1', 8088): address already in use
INFO:     Waiting for application shutdown.
INFO:     Application shutdown complete.
INFO:     Started server process [59106]
INFO:     Waiting for application startup.
INFO:     Application startup complete.
ERROR:    [Errno 48] error while attempting to bind on address ('127.0.0.1', 8088): address already in use
INFO:     Waiting for application shutdown.
INFO:     Application shutdown complete.
INFO:     Started server process [59116]
INFO:     Waiting for application startup.
INFO:     Application startup complete.
ERROR:    [Errno 48] error while attempting to bind on address ('127.0.0.1', 8088): address already in use
INFO:     Waiting for application shutdown.
INFO:     Application shutdown complete.
INFO:     Started server process [59125]
INFO:     Waiting for application startup.
INFO:     Application startup complete.
ERROR:    [Errno 48] error while attempting to bind on address ('127.0.0.1', 8088): address already in use
INFO:     Waiting for application shutdown.
INFO:     Application shutdown complete.
INFO:     Started server process [59133]
INFO:     Waiting for application startup.
INFO:     Application startup complete.
ERROR:    [Errno 48] error while attempting to bind on address ('127.0.0.1', 8088): address already in use
INFO:     Waiting for application shutdown.
INFO:     Application shutdown complete.
INFO:     Started server process [59141]
INFO:     Waiting for application startup.
INFO:     Application startup complete.
ERROR:    [Errno 48] error while attempting to bind on address ('127.0.0.1', 8088): address already in use
INFO:     Waiting for application shutdown.
INFO:     Application shutdown complete.
INFO:     Started server process [59160]
INFO:     Waiting for application startup.
INFO:     Application startup complete.
ERROR:    [Errno 48] error while attempting to bind on address ('127.0.0.1', 8088): address already in use
INFO:     Waiting for application shutdown.
INFO:     Application shutdown complete.
INFO:     Started server process [59180]
INFO:     Waiting for application startup.
INFO:     Application startup complete.
ERROR:    [Errno 48] error while attempting to bind on address ('127.0.0.1', 8088): address already in use
INFO:     Waiting for application shutdown.
INFO:     Application shutdown complete.
INFO:     Started server process [59187]
INFO:     Waiting for application startup.
INFO:     Application startup complete.
ERROR:    [Errno 48] error while attempting to bind on address ('127.0.0.1', 8088): address already in use
INFO:     Waiting for application shutdown.
INFO:     Application shutdown complete.
INFO:     Started server process [59195]
INFO:     Waiting for application startup.
INFO:     Application startup complete.
ERROR:    [Errno 48] error while attempting to bind on address ('127.0.0.1', 8088): address already in use
INFO:     Waiting for application shutdown.
INFO:     Application shutdown complete.
INFO:     Started server process [59203]
INFO:     Waiting for application startup.
INFO:     Application startup complete.
ERROR:    [Errno 48] error while attempting to bind on address ('127.0.0.1', 8088): address already in use
INFO:     Waiting for application shutdown.
INFO:     Application shutdown complete.
INFO:     Started server process [59211]
INFO:     Waiting for application startup.
INFO:     Application startup complete.
ERROR:    [Errno 48] error while attempting to bind on address ('127.0.0.1', 8088): address already in use
INFO:     Waiting for application shutdown.
INFO:     Application shutdown complete.
INFO:     Started server process [59220]
INFO:     Waiting for application startup.
INFO:     Application startup complete.
ERROR:    [Errno 48] error while attempting to bind on address ('127.0.0.1', 8088): address already in use
INFO:     Waiting for application shutdown.
INFO:     Application shutdown complete.
INFO:     Started server process [59232]
INFO:     Waiting for application startup.
INFO:     Application startup complete.
ERROR:    [Errno 48] error while attempting to bind on address ('127.0.0.1', 8088): address already in use
INFO:     Waiting for application shutdown.
INFO:     Application shutdown complete.
INFO:     Started server process [59240]
INFO:     Waiting for application startup.
INFO:     Application startup complete.
ERROR:    [Errno 48] error while attempting to bind on address ('127.0.0.1', 8088): address already in use
INFO:     Waiting for application shutdown.
INFO:     Application shutdown complete.
INFO:     Started server process [59248]
INFO:     Waiting for application startup.
INFO:     Application startup complete.
ERROR:    [Errno 48] error while attempting to bind on address ('127.0.0.1', 8088): address already in use
INFO:     Waiting for application shutdown.
INFO:     Application shutdown complete.
INFO:     Started server process [59257]
INFO:     Waiting for application startup.
INFO:     Application startup complete.
ERROR:    [Errno 48] error while attempting to bind on address ('127.0.0.1', 8088): address already in use
INFO:     Waiting for application shutdown.
INFO:     Application shutdown complete.
INFO:     Started server process [59265]
INFO:     Waiting for application startup.
INFO:     Application startup complete.
ERROR:    [Errno 48] error while attempting to bind on address ('127.0.0.1', 8088): address already in use
INFO:     Waiting for application shutdown.
INFO:     Application shutdown complete.
INFO:     Started server process [59275]
INFO:     Waiting for application startup.
INFO:     Application startup complete.
ERROR:    [Errno 48] error while attempting to bind on address ('127.0.0.1', 8088): address already in use
INFO:     Waiting for application shutdown.
INFO:     Application shutdown complete.
INFO:     Started server process [59285]
INFO:     Waiting for application startup.
INFO:     Application startup complete.
ERROR:    [Errno 48] error while attempting to bind on address ('127.0.0.1', 8088): address already in use
INFO:     Waiting for application shutdown.
INFO:     Application shutdown complete.
INFO:     Started server process [59294]
INFO:     Waiting for application startup.
INFO:     Application startup complete.
ERROR:    [Errno 48] error while attempting to bind on address ('127.0.0.1', 8088): address already in use
INFO:     Waiting for application shutdown.
INFO:     Application shutdown complete.
INFO:     Started server process [59302]
INFO:     Waiting for application startup.
INFO:     Application startup complete.
ERROR:    [Errno 48] error while attempting to bind on address ('127.0.0.1', 8088): address already in use
INFO:     Waiting for application shutdown.
INFO:     Application shutdown complete.
INFO:     Started server process [59310]
INFO:     Waiting for application startup.
INFO:     Application startup complete.
ERROR:    [Errno 48] error while attempting to bind on address ('127.0.0.1', 8088): address already in use
INFO:     Waiting for application shutdown.
INFO:     Application shutdown complete.
INFO:     Started server process [59317]
INFO:     Waiting for application startup.
INFO:     Application startup complete.
ERROR:    [Errno 48] error while attempting to bind on address ('127.0.0.1', 8088): address already in use
INFO:     Waiting for application shutdown.
INFO:     Application shutdown complete.
INFO:     Started server process [59330]
INFO:     Waiting for application startup.
INFO:     Application startup complete.
ERROR:    [Errno 48] error while attempting to bind on address ('127.0.0.1', 8088): address already in use
INFO:     Waiting for application shutdown.
INFO:     Application shutdown complete.
INFO:     Started server process [59338]
INFO:     Waiting for application startup.
INFO:     Application startup complete.
ERROR:    [Errno 48] error while attempting to bind on address ('127.0.0.1', 8088): address already in use
INFO:     Waiting for application shutdown.
INFO:     Application shutdown complete.
INFO:     Started server process [59356]
INFO:     Waiting for application startup.
INFO:     Application startup complete.
ERROR:    [Errno 48] error while attempting to bind on address ('127.0.0.1', 8088): address already in use
INFO:     Waiting for application shutdown.
INFO:     Application shutdown complete.
INFO:     Started server process [59363]
INFO:     Waiting for application startup.
INFO:     Application startup complete.
ERROR:    [Errno 48] error while attempting to bind on address ('127.0.0.1', 8088): address already in use
INFO:     Waiting for application shutdown.
INFO:     Application shutdown complete.
INFO:     Started server process [59381]
INFO:     Waiting for application startup.
INFO:     Application startup complete.
ERROR:    [Errno 48] error while attempting to bind on address ('127.0.0.1', 8088): address already in use
INFO:     Waiting for application shutdown.
INFO:     Application shutdown complete.
INFO:     Started server process [59400]
INFO:     Waiting for application startup.
INFO:     Application startup complete.
ERROR:    [Errno 48] error while attempting to bind on address ('127.0.0.1', 8088): address already in use
INFO:     Waiting for application shutdown.
INFO:     Application shutdown complete.
INFO:     Started server process [59409]
INFO:     Waiting for application startup.
INFO:     Application startup complete.
ERROR:    [Errno 48] error while attempting to bind on address ('127.0.0.1', 8088): address already in use
INFO:     Waiting for application shutdown.
INFO:     Application shutdown complete.
INFO:     Started server process [59418]
INFO:     Waiting for application startup.
INFO:     Application startup complete.
ERROR:    [Errno 48] error while attempting to bind on address ('127.0.0.1', 8088): address already in use
INFO:     Waiting for application shutdown.
INFO:     Application shutdown complete.
INFO:     Started server process [59426]
INFO:     Waiting for application startup.
INFO:     Application startup complete.
ERROR:    [Errno 48] error while attempting to bind on address ('127.0.0.1', 8088): address already in use
INFO:     Waiting for application shutdown.
INFO:     Application shutdown complete.
INFO:     Started server process [59437]
INFO:     Waiting for application startup.
INFO:     Application startup complete.
ERROR:    [Errno 48] error while attempting to bind on address ('127.0.0.1', 8088): address already in use
INFO:     Waiting for application shutdown.
INFO:     Application shutdown complete.
INFO:     Started server process [59444]
INFO:     Waiting for application startup.
INFO:     Application startup complete.
ERROR:    [Errno 48] error while attempting to bind on address ('127.0.0.1', 8088): address already in use
INFO:     Waiting for application shutdown.
INFO:     Application shutdown complete.
INFO:     Started server process [59454]
INFO:     Waiting for application startup.
INFO:     Application startup complete.
ERROR:    [Errno 48] error while attempting to bind on address ('127.0.0.1', 8088): address already in use
INFO:     Waiting for application shutdown.
INFO:     Application shutdown complete.
INFO:     Started server process [59464]
INFO:     Waiting for application startup.
INFO:     Application startup complete.
ERROR:    [Errno 48] error while attempting to bind on address ('127.0.0.1', 8088): address already in use
INFO:     Waiting for application shutdown.
INFO:     Application shutdown complete.
INFO:     Started server process [59473]
INFO:     Waiting for application startup.
INFO:     Application startup complete.
ERROR:    [Errno 48] error while attempting to bind on address ('127.0.0.1', 8088): address already in use
INFO:     Waiting for application shutdown.
INFO:     Application shutdown complete.
INFO:     Started server process [59480]
INFO:     Waiting for application startup.
INFO:     Application startup complete.
ERROR:    [Errno 48] error while attempting to bind on address ('127.0.0.1', 8088): address already in use
INFO:     Waiting for application shutdown.
INFO:     Application shutdown complete.
INFO:     Started server process [59489]
INFO:     Waiting for application startup.
INFO:     Application startup complete.
ERROR:    [Errno 48] error while attempting to bind on address ('127.0.0.1', 8088): address already in use
INFO:     Waiting for application shutdown.
INFO:     Application shutdown complete.
INFO:     Started server process [59498]
INFO:     Waiting for application startup.
INFO:     Application startup complete.
ERROR:    [Errno 48] error while attempting to bind on address ('127.0.0.1', 8088): address already in use
INFO:     Waiting for application shutdown.
INFO:     Application shutdown complete.
INFO:     Started server process [59508]
INFO:     Waiting for application startup.
INFO:     Application startup complete.
ERROR:    [Errno 48] error while attempting to bind on address ('127.0.0.1', 8088): address already in use
INFO:     Waiting for application shutdown.
INFO:     Application shutdown complete.
INFO:     Started server process [59516]
INFO:     Waiting for application startup.
INFO:     Application startup complete.
ERROR:    [Errno 48] error while attempting to bind on address ('127.0.0.1', 8088): address already in use
INFO:     Waiting for application shutdown.
INFO:     Application shutdown complete.
INFO:     Started server process [59526]
INFO:     Waiting for application startup.
INFO:     Application startup complete.
ERROR:    [Errno 48] error while attempting to bind on address ('127.0.0.1', 8088): address already in use
INFO:     Waiting for application shutdown.
INFO:     Application shutdown complete.
INFO:     Started server process [59533]
INFO:     Waiting for application startup.
INFO:     Application startup complete.
ERROR:    [Errno 48] error while attempting to bind on address ('127.0.0.1', 8088): address already in use
INFO:     Waiting for application shutdown.
INFO:     Application shutdown complete.
INFO:     Started server process [59542]
INFO:     Waiting for application startup.
INFO:     Application startup complete.
ERROR:    [Errno 48] error while attempting to bind on address ('127.0.0.1', 8088): address already in use
INFO:     Waiting for application shutdown.
INFO:     Application shutdown complete.
INFO:     Started server process [59553]
INFO:     Waiting for application startup.
INFO:     Application startup complete.
ERROR:    [Errno 48] error while attempting to bind on address ('127.0.0.1', 8088): address already in use
INFO:     Waiting for application shutdown.
INFO:     Application shutdown complete.
INFO:     Started server process [59562]
INFO:     Waiting for application startup.
INFO:     Application startup complete.
ERROR:    [Errno 48] error while attempting to bind on address ('127.0.0.1', 8088): address already in use
INFO:     Waiting for application shutdown.
INFO:     Application shutdown complete.
INFO:     Started server process [59570]
INFO:     Waiting for application startup.
INFO:     Application startup complete.
ERROR:    [Errno 48] error while attempting to bind on address ('127.0.0.1', 8088): address already in use
INFO:     Waiting for application shutdown.
INFO:     Application shutdown complete.
INFO:     Started server process [59578]
INFO:     Waiting for application startup.
INFO:     Application startup complete.
ERROR:    [Errno 48] error while attempting to bind on address ('127.0.0.1', 8088): address already in use
INFO:     Waiting for application shutdown.
INFO:     Application shutdown complete.
INFO:     Started server process [59585]
INFO:     Waiting for application startup.
INFO:     Application startup complete.
ERROR:    [Errno 48] error while attempting to bind on address ('127.0.0.1', 8088): address already in use
INFO:     Waiting for application shutdown.
INFO:     Application shutdown complete.
INFO:     Started server process [59593]
INFO:     Waiting for application startup.
INFO:     Application startup complete.
ERROR:    [Errno 48] error while attempting to bind on address ('127.0.0.1', 8088): address already in use
INFO:     Waiting for application shutdown.
INFO:     Application shutdown complete.
INFO:     Started server process [59606]
INFO:     Waiting for application startup.
INFO:     Application startup complete.
ERROR:    [Errno 48] error while attempting to bind on address ('127.0.0.1', 8088): address already in use
INFO:     Waiting for application shutdown.
INFO:     Application shutdown complete.
INFO:     Started server process [59613]
INFO:     Waiting for application startup.
INFO:     Application startup complete.
ERROR:    [Errno 48] error while attempting to bind on address ('127.0.0.1', 8088): address already in use
INFO:     Waiting for application shutdown.
INFO:     Application shutdown complete.
INFO:     Started server process [59624]
INFO:     Waiting for application startup.
INFO:     Application startup complete.
ERROR:    [Errno 48] error while attempting to bind on address ('127.0.0.1', 8088): address already in use
INFO:     Waiting for application shutdown.
INFO:     Application shutdown complete.
INFO:     Started server process [59632]
INFO:     Waiting for application startup.
INFO:     Application startup complete.
ERROR:    [Errno 48] error while attempting to bind on address ('127.0.0.1', 8088): address already in use
INFO:     Waiting for application shutdown.
INFO:     Application shutdown complete.
INFO:     Started server process [59639]
INFO:     Waiting for application startup.
INFO:     Application startup complete.
ERROR:    [Errno 48] error while attempting to bind on address ('127.0.0.1', 8088): address already in use
INFO:     Waiting for application shutdown.
INFO:     Application shutdown complete.
INFO:     Started server process [59655]
INFO:     Waiting for application startup.
INFO:     Application startup complete.
ERROR:    [Errno 48] error while attempting to bind on address ('127.0.0.1', 8088): address already in use
INFO:     Waiting for application shutdown.
INFO:     Application shutdown complete.
INFO:     Started server process [59674]
INFO:     Waiting for application startup.
INFO:     Application startup complete.
ERROR:    [Errno 48] error while attempting to bind on address ('127.0.0.1', 8088): address already in use
INFO:     Waiting for application shutdown.
INFO:     Application shutdown complete.
INFO:     Started server process [59681]
INFO:     Waiting for application startup.
INFO:     Application startup complete.
ERROR:    [Errno 48] error while attempting to bind on address ('127.0.0.1', 8088): address already in use
INFO:     Waiting for application shutdown.
INFO:     Application shutdown complete.
INFO:     Started server process [59695]
INFO:     Waiting for application startup.
INFO:     Application startup complete.
ERROR:    [Errno 48] error while attempting to bind on address ('127.0.0.1', 8088): address already in use
INFO:     Waiting for application shutdown.
INFO:     Application shutdown complete.
INFO:     Started server process [59702]
INFO:     Waiting for application startup.
INFO:     Application startup complete.
ERROR:    [Errno 48] error while attempting to bind on address ('127.0.0.1', 8088): address already in use
INFO:     Waiting for application shutdown.
INFO:     Application shutdown complete.
INFO:     Started server process [59710]
INFO:     Waiting for application startup.
INFO:     Application startup complete.
ERROR:    [Errno 48] error while attempting to bind on address ('127.0.0.1', 8088): address already in use
INFO:     Waiting for application shutdown.
INFO:     Application shutdown complete.
INFO:     Started server process [59732]
INFO:     Waiting for application startup.
INFO:     Application startup complete.
ERROR:    [Errno 48] error while attempting to bind on address ('127.0.0.1', 8088): address already in use
INFO:     Waiting for application shutdown.
INFO:     Application shutdown complete.
INFO:     Started server process [59753]
INFO:     Waiting for application startup.
INFO:     Application startup complete.
ERROR:    [Errno 48] error while attempting to bind on address ('127.0.0.1', 8088): address already in use
INFO:     Waiting for application shutdown.
INFO:     Application shutdown complete.
INFO:     Started server process [59760]
INFO:     Waiting for application startup.
INFO:     Application startup complete.
ERROR:    [Errno 48] error while attempting to bind on address ('127.0.0.1', 8088): address already in use
INFO:     Waiting for application shutdown.
INFO:     Application shutdown complete.
INFO:     Started server process [59769]
INFO:     Waiting for application startup.
INFO:     Application startup complete.
ERROR:    [Errno 48] error while attempting to bind on address ('127.0.0.1', 8088): address already in use
INFO:     Waiting for application shutdown.
INFO:     Application shutdown complete.
INFO:     Started server process [59776]
INFO:     Waiting for application startup.
INFO:     Application startup complete.
ERROR:    [Errno 48] error while attempting to bind on address ('127.0.0.1', 8088): address already in use
INFO:     Waiting for application shutdown.
INFO:     Application shutdown complete.
INFO:     Started server process [59785]
INFO:     Waiting for application startup.
INFO:     Application startup complete.
ERROR:    [Errno 48] error while attempting to bind on address ('127.0.0.1', 8088): address already in use
INFO:     Waiting for application shutdown.
INFO:     Application shutdown complete.
INFO:     Started server process [59796]
INFO:     Waiting for application startup.
INFO:     Application startup complete.
ERROR:    [Errno 48] error while attempting to bind on address ('127.0.0.1', 8088): address already in use
INFO:     Waiting for application shutdown.
INFO:     Application shutdown complete.
INFO:     Started server process [59803]
INFO:     Waiting for application startup.
INFO:     Application startup complete.
ERROR:    [Errno 48] error while attempting to bind on address ('127.0.0.1', 8088): address already in use
INFO:     Waiting for application shutdown.
INFO:     Application shutdown complete.
INFO:     Started server process [59812]
INFO:     Waiting for application startup.
INFO:     Application startup complete.
ERROR:    [Errno 48] error while attempting to bind on address ('127.0.0.1', 8088): address already in use
INFO:     Waiting for application shutdown.
INFO:     Application shutdown complete.
INFO:     Started server process [59821]
INFO:     Waiting for application startup.
INFO:     Application startup complete.
ERROR:    [Errno 48] error while attempting to bind on address ('127.0.0.1', 8088): address already in use
INFO:     Waiting for application shutdown.
INFO:     Application shutdown complete.
INFO:     Started server process [59835]
INFO:     Waiting for application startup.
INFO:     Application startup complete.
ERROR:    [Errno 48] error while attempting to bind on address ('127.0.0.1', 8088): address already in use
INFO:     Waiting for application shutdown.
INFO:     Application shutdown complete.
INFO:     Started server process [59845]
INFO:     Waiting for application startup.
INFO:     Application startup complete.
ERROR:    [Errno 48] error while attempting to bind on address ('127.0.0.1', 8088): address already in use
INFO:     Waiting for application shutdown.
INFO:     Application shutdown complete.
INFO:     Started server process [59856]
INFO:     Waiting for application startup.
INFO:     Application startup complete.
ERROR:    [Errno 48] error while attempting to bind on address ('127.0.0.1', 8088): address already in use
INFO:     Waiting for application shutdown.
INFO:     Application shutdown complete.
INFO:     Started server process [59863]
INFO:     Waiting for application startup.
INFO:     Application startup complete.
ERROR:    [Errno 48] error while attempting to bind on address ('127.0.0.1', 8088): address already in use
INFO:     Waiting for application shutdown.
INFO:     Application shutdown complete.
INFO:     Started server process [59871]
INFO:     Waiting for application startup.
INFO:     Application startup complete.
ERROR:    [Errno 48] error while attempting to bind on address ('127.0.0.1', 8088): address already in use
INFO:     Waiting for application shutdown.
INFO:     Application shutdown complete.
INFO:     Started server process [59879]
INFO:     Waiting for application startup.
INFO:     Application startup complete.
ERROR:    [Errno 48] error while attempting to bind on address ('127.0.0.1', 8088): address already in use
INFO:     Waiting for application shutdown.
INFO:     Application shutdown complete.
INFO:     Started server process [59887]
INFO:     Waiting for application startup.
INFO:     Application startup complete.
ERROR:    [Errno 48] error while attempting to bind on address ('127.0.0.1', 8088): address already in use
INFO:     Waiting for application shutdown.
INFO:     Application shutdown complete.
INFO:     Started server process [59900]
INFO:     Waiting for application startup.
INFO:     Application startup complete.
ERROR:    [Errno 48] error while attempting to bind on address ('127.0.0.1', 8088): address already in use
INFO:     Waiting for application shutdown.
INFO:     Application shutdown complete.
INFO:     Started server process [59910]
INFO:     Waiting for application startup.
INFO:     Application startup complete.
ERROR:    [Errno 48] error while attempting to bind on address ('127.0.0.1', 8088): address already in use
INFO:     Waiting for application shutdown.
INFO:     Application shutdown complete.
INFO:     Started server process [59926]
INFO:     Waiting for application startup.
INFO:     Application startup complete.
ERROR:    [Errno 48] error while attempting to bind on address ('127.0.0.1', 8088): address already in use
INFO:     Waiting for application shutdown.
INFO:     Application shutdown complete.
INFO:     Started server process [59934]
INFO:     Waiting for application startup.
INFO:     Application startup complete.
ERROR:    [Errno 48] error while attempting to bind on address ('127.0.0.1', 8088): address already in use
INFO:     Waiting for application shutdown.
INFO:     Application shutdown complete.
INFO:     Started server process [59942]
INFO:     Waiting for application startup.
INFO:     Application startup complete.
ERROR:    [Errno 48] error while attempting to bind on address ('127.0.0.1', 8088): address already in use
INFO:     Waiting for application shutdown.
INFO:     Application shutdown complete.
INFO:     Started server process [59951]
INFO:     Waiting for application startup.
INFO:     Application startup complete.
ERROR:    [Errno 48] error while attempting to bind on address ('127.0.0.1', 8088): address already in use
INFO:     Waiting for application shutdown.
INFO:     Application shutdown complete.
INFO:     Started server process [59968]
INFO:     Waiting for application startup.
INFO:     Application startup complete.
ERROR:    [Errno 48] error while attempting to bind on address ('127.0.0.1', 8088): address already in use
INFO:     Waiting for application shutdown.
INFO:     Application shutdown complete.
INFO:     Started server process [59977]
INFO:     Waiting for application startup.
INFO:     Application startup complete.
ERROR:    [Errno 48] error while attempting to bind on address ('127.0.0.1', 8088): address already in use
INFO:     Waiting for application shutdown.
INFO:     Application shutdown complete.
INFO:     Started server process [60002]
INFO:     Waiting for application startup.
INFO:     Application startup complete.
ERROR:    [Errno 48] error while attempting to bind on address ('127.0.0.1', 8088): address already in use
INFO:     Waiting for application shutdown.
INFO:     Application shutdown complete.
INFO:     Started server process [60015]
INFO:     Waiting for application startup.
INFO:     Application startup complete.
ERROR:    [Errno 48] error while attempting to bind on address ('127.0.0.1', 8088): address already in use
INFO:     Waiting for application shutdown.
INFO:     Application shutdown complete.
INFO:     Started server process [60023]
INFO:     Waiting for application startup.
INFO:     Application startup complete.
ERROR:    [Errno 48] error while attempting to bind on address ('127.0.0.1', 8088): address already in use
INFO:     Waiting for application shutdown.
INFO:     Application shutdown complete.
INFO:     Started server process [60032]
INFO:     Waiting for application startup.
INFO:     Application startup complete.
ERROR:    [Errno 48] error while attempting to bind on address ('127.0.0.1', 8088): address already in use
INFO:     Waiting for application shutdown.
INFO:     Application shutdown complete.
INFO:     Started server process [60041]
INFO:     Waiting for application startup.
INFO:     Application startup complete.
ERROR:    [Errno 48] error while attempting to bind on address ('127.0.0.1', 8088): address already in use
INFO:     Waiting for application shutdown.
INFO:     Application shutdown complete.
INFO:     Started server process [60050]
INFO:     Waiting for application startup.
INFO:     Application startup complete.
ERROR:    [Errno 48] error while attempting to bind on address ('127.0.0.1', 8088): address already in use
INFO:     Waiting for application shutdown.
INFO:     Application shutdown complete.
INFO:     Started server process [60058]
INFO:     Waiting for application startup.
INFO:     Application startup complete.
ERROR:    [Errno 48] error while attempting to bind on address ('127.0.0.1', 8088): address already in use
INFO:     Waiting for application shutdown.
INFO:     Application shutdown complete.
INFO:     Started server process [60066]
INFO:     Waiting for application startup.
INFO:     Application startup complete.
ERROR:    [Errno 48] error while attempting to bind on address ('127.0.0.1', 8088): address already in use
INFO:     Waiting for application shutdown.
INFO:     Application shutdown complete.
INFO:     Started server process [60075]
INFO:     Waiting for application startup.
INFO:     Application startup complete.
ERROR:    [Errno 48] error while attempting to bind on address ('127.0.0.1', 8088): address already in use
INFO:     Waiting for application shutdown.
INFO:     Application shutdown complete.
INFO:     Started server process [60084]
INFO:     Waiting for application startup.
INFO:     Application startup complete.
ERROR:    [Errno 48] error while attempting to bind on address ('127.0.0.1', 8088): address already in use
INFO:     Waiting for application shutdown.
INFO:     Application shutdown complete.
INFO:     Started server process [60093]
INFO:     Waiting for application startup.
INFO:     Application startup complete.
ERROR:    [Errno 48] error while attempting to bind on address ('127.0.0.1', 8088): address already in use
INFO:     Waiting for application shutdown.
INFO:     Application shutdown complete.
INFO:     Started server process [60102]
INFO:     Waiting for application startup.
INFO:     Application startup complete.
ERROR:    [Errno 48] error while attempting to bind on address ('127.0.0.1', 8088): address already in use
INFO:     Waiting for application shutdown.
INFO:     Application shutdown complete.
INFO:     Started server process [60110]
INFO:     Waiting for application startup.
INFO:     Application startup complete.
ERROR:    [Errno 48] error while attempting to bind on address ('127.0.0.1', 8088): address already in use
INFO:     Waiting for application shutdown.
INFO:     Application shutdown complete.
INFO:     Started server process [60119]
INFO:     Waiting for application startup.
INFO:     Application startup complete.
ERROR:    [Errno 48] error while attempting to bind on address ('127.0.0.1', 8088): address already in use
INFO:     Waiting for application shutdown.
INFO:     Application shutdown complete.
INFO:     Started server process [60129]
INFO:     Waiting for application startup.
INFO:     Application startup complete.
ERROR:    [Errno 48] error while attempting to bind on address ('127.0.0.1', 8088): address already in use
INFO:     Waiting for application shutdown.
INFO:     Application shutdown complete.
INFO:     Started server process [60138]
INFO:     Waiting for application startup.
INFO:     Application startup complete.
ERROR:    [Errno 48] error while attempting to bind on address ('127.0.0.1', 8088): address already in use
INFO:     Waiting for application shutdown.
INFO:     Application shutdown complete.
INFO:     Started server process [60147]
INFO:     Waiting for application startup.
INFO:     Application startup complete.
ERROR:    [Errno 48] error while attempting to bind on address ('127.0.0.1', 8088): address already in use
INFO:     Waiting for application shutdown.
INFO:     Application shutdown complete.
INFO:     Started server process [60156]
INFO:     Waiting for application startup.
INFO:     Application startup complete.
ERROR:    [Errno 48] error while attempting to bind on address ('127.0.0.1', 8088): address already in use
INFO:     Waiting for application shutdown.
INFO:     Application shutdown complete.
INFO:     Started server process [60163]
INFO:     Waiting for application startup.
INFO:     Application startup complete.
ERROR:    [Errno 48] error while attempting to bind on address ('127.0.0.1', 8088): address already in use
INFO:     Waiting for application shutdown.
INFO:     Application shutdown complete.
INFO:     Started server process [60172]
INFO:     Waiting for application startup.
INFO:     Application startup complete.
ERROR:    [Errno 48] error while attempting to bind on address ('127.0.0.1', 8088): address already in use
INFO:     Waiting for application shutdown.
INFO:     Application shutdown complete.
INFO:     Started server process [60180]
INFO:     Waiting for application startup.
INFO:     Application startup complete.
ERROR:    [Errno 48] error while attempting to bind on address ('127.0.0.1', 8088): address already in use
INFO:     Waiting for application shutdown.
INFO:     Application shutdown complete.
INFO:     Started server process [60191]
INFO:     Waiting for application startup.
INFO:     Application startup complete.
ERROR:    [Errno 48] error while attempting to bind on address ('127.0.0.1', 8088): address already in use
INFO:     Waiting for application shutdown.
INFO:     Application shutdown complete.
INFO:     Started server process [60199]
INFO:     Waiting for application startup.
INFO:     Application startup complete.
ERROR:    [Errno 48] error while attempting to bind on address ('127.0.0.1', 8088): address already in use
INFO:     Waiting for application shutdown.
INFO:     Application shutdown complete.
INFO:     Started server process [60211]
INFO:     Waiting for application startup.
INFO:     Application startup complete.
ERROR:    [Errno 48] error while attempting to bind on address ('127.0.0.1', 8088): address already in use
INFO:     Waiting for application shutdown.
INFO:     Application shutdown complete.
INFO:     Started server process [60218]
INFO:     Waiting for application startup.
INFO:     Application startup complete.
ERROR:    [Errno 48] error while attempting to bind on address ('127.0.0.1', 8088): address already in use
INFO:     Waiting for application shutdown.
INFO:     Application shutdown complete.
INFO:     Started server process [60228]
INFO:     Waiting for application startup.
INFO:     Application startup complete.
ERROR:    [Errno 48] error while attempting to bind on address ('127.0.0.1', 8088): address already in use
INFO:     Waiting for application shutdown.
INFO:     Application shutdown complete.
INFO:     Started server process [60236]
INFO:     Waiting for application startup.
INFO:     Application startup complete.
ERROR:    [Errno 48] error while attempting to bind on address ('127.0.0.1', 8088): address already in use
INFO:     Waiting for application shutdown.
INFO:     Application shutdown complete.
INFO:     Started server process [60245]
INFO:     Waiting for application startup.
INFO:     Application startup complete.
ERROR:    [Errno 48] error while attempting to bind on address ('127.0.0.1', 8088): address already in use
INFO:     Waiting for application shutdown.
INFO:     Application shutdown complete.
INFO:     Started server process [60260]
INFO:     Waiting for application startup.
INFO:     Application startup complete.
ERROR:    [Errno 48] error while attempting to bind on address ('127.0.0.1', 8088): address already in use
INFO:     Waiting for application shutdown.
INFO:     Application shutdown complete.
INFO:     Started server process [60279]
INFO:     Waiting for application startup.
INFO:     Application startup complete.
ERROR:    [Errno 48] error while attempting to bind on address ('127.0.0.1', 8088): address already in use
INFO:     Waiting for application shutdown.
INFO:     Application shutdown complete.
INFO:     Started server process [60286]
INFO:     Waiting for application startup.
INFO:     Application startup complete.
ERROR:    [Errno 48] error while attempting to bind on address ('127.0.0.1', 8088): address already in use
INFO:     Waiting for application shutdown.
INFO:     Application shutdown complete.
INFO:     Started server process [60299]
INFO:     Waiting for application startup.
INFO:     Application startup complete.
ERROR:    [Errno 48] error while attempting to bind on address ('127.0.0.1', 8088): address already in use
INFO:     Waiting for application shutdown.
INFO:     Application shutdown complete.
INFO:     Started server process [60310]
INFO:     Waiting for application startup.
INFO:     Application startup complete.
ERROR:    [Errno 48] error while attempting to bind on address ('127.0.0.1', 8088): address already in use
INFO:     Waiting for application shutdown.
INFO:     Application shutdown complete.
INFO:     Started server process [60343]
INFO:     Waiting for application startup.
INFO:     Application startup complete.
ERROR:    [Errno 48] error while attempting to bind on address ('127.0.0.1', 8088): address already in use
INFO:     Waiting for application shutdown.
INFO:     Application shutdown complete.
INFO:     Started server process [60352]
INFO:     Waiting for application startup.
INFO:     Application startup complete.
ERROR:    [Errno 48] error while attempting to bind on address ('127.0.0.1', 8088): address already in use
INFO:     Waiting for application shutdown.
INFO:     Application shutdown complete.
INFO:     Started server process [60360]
INFO:     Waiting for application startup.
INFO:     Application startup complete.
ERROR:    [Errno 48] error while attempting to bind on address ('127.0.0.1', 8088): address already in use
INFO:     Waiting for application shutdown.
INFO:     Application shutdown complete.
INFO:     Started server process [60367]
INFO:     Waiting for application startup.
INFO:     Application startup complete.
ERROR:    [Errno 48] error while attempting to bind on address ('127.0.0.1', 8088): address already in use
INFO:     Waiting for application shutdown.
INFO:     Application shutdown complete.
INFO:     Started server process [60377]
INFO:     Waiting for application startup.
INFO:     Application startup complete.
ERROR:    [Errno 48] error while attempting to bind on address ('127.0.0.1', 8088): address already in use
INFO:     Waiting for application shutdown.
INFO:     Application shutdown complete.
INFO:     Started server process [60389]
INFO:     Waiting for application startup.
INFO:     Application startup complete.
ERROR:    [Errno 48] error while attempting to bind on address ('127.0.0.1', 8088): address already in use
INFO:     Waiting for application shutdown.
INFO:     Application shutdown complete.
INFO:     Started server process [60400]
INFO:     Waiting for application startup.
INFO:     Application startup complete.
ERROR:    [Errno 48] error while attempting to bind on address ('127.0.0.1', 8088): address already in use
INFO:     Waiting for application shutdown.
INFO:     Application shutdown complete.
INFO:     Started server process [60415]
INFO:     Waiting for application startup.
INFO:     Application startup complete.
ERROR:    [Errno 48] error while attempting to bind on address ('127.0.0.1', 8088): address already in use
INFO:     Waiting for application shutdown.
INFO:     Application shutdown complete.
INFO:     Started server process [60423]
INFO:     Waiting for application startup.
INFO:     Application startup complete.
ERROR:    [Errno 48] error while attempting to bind on address ('127.0.0.1', 8088): address already in use
INFO:     Waiting for application shutdown.
INFO:     Application shutdown complete.
INFO:     Started server process [60433]
INFO:     Waiting for application startup.
INFO:     Application startup complete.
ERROR:    [Errno 48] error while attempting to bind on address ('127.0.0.1', 8088): address already in use
INFO:     Waiting for application shutdown.
INFO:     Application shutdown complete.
INFO:     Started server process [60443]
INFO:     Waiting for application startup.
INFO:     Application startup complete.
ERROR:    [Errno 48] error while attempting to bind on address ('127.0.0.1', 8088): address already in use
INFO:     Waiting for application shutdown.
INFO:     Application shutdown complete.
INFO:     Started server process [60454]
INFO:     Waiting for application startup.
INFO:     Application startup complete.
ERROR:    [Errno 48] error while attempting to bind on address ('127.0.0.1', 8088): address already in use
INFO:     Waiting for application shutdown.
INFO:     Application shutdown complete.
INFO:     Started server process [60461]
INFO:     Waiting for application startup.
INFO:     Application startup complete.
ERROR:    [Errno 48] error while attempting to bind on address ('127.0.0.1', 8088): address already in use
INFO:     Waiting for application shutdown.
INFO:     Application shutdown complete.
INFO:     Started server process [60470]
INFO:     Waiting for application startup.
INFO:     Application startup complete.
ERROR:    [Errno 48] error while attempting to bind on address ('127.0.0.1', 8088): address already in use
INFO:     Waiting for application shutdown.
INFO:     Application shutdown complete.
INFO:     Started server process [60477]
INFO:     Waiting for application startup.
INFO:     Application startup complete.
ERROR:    [Errno 48] error while attempting to bind on address ('127.0.0.1', 8088): address already in use
INFO:     Waiting for application shutdown.
INFO:     Application shutdown complete.
INFO:     Started server process [60486]
INFO:     Waiting for application startup.
INFO:     Application startup complete.
ERROR:    [Errno 48] error while attempting to bind on address ('127.0.0.1', 8088): address already in use
INFO:     Waiting for application shutdown.
INFO:     Application shutdown complete.
INFO:     Started server process [60500]
INFO:     Waiting for application startup.
INFO:     Application startup complete.
ERROR:    [Errno 48] error while attempting to bind on address ('127.0.0.1', 8088): address already in use
INFO:     Waiting for application shutdown.
INFO:     Application shutdown complete.
INFO:     Started server process [60507]
INFO:     Waiting for application startup.
INFO:     Application startup complete.
ERROR:    [Errno 48] error while attempting to bind on address ('127.0.0.1', 8088): address already in use
INFO:     Waiting for application shutdown.
INFO:     Application shutdown complete.
INFO:     Started server process [60525]
INFO:     Waiting for application startup.
INFO:     Application startup complete.
ERROR:    [Errno 48] error while attempting to bind on address ('127.0.0.1', 8088): address already in use
INFO:     Waiting for application shutdown.
INFO:     Application shutdown complete.
INFO:     Started server process [60533]
INFO:     Waiting for application startup.
INFO:     Application startup complete.
ERROR:    [Errno 48] error while attempting to bind on address ('127.0.0.1', 8088): address already in use
INFO:     Waiting for application shutdown.
INFO:     Application shutdown complete.
INFO:     Started server process [60542]
INFO:     Waiting for application startup.
INFO:     Application startup complete.
ERROR:    [Errno 48] error while attempting to bind on address ('127.0.0.1', 8088): address already in use
INFO:     Waiting for application shutdown.
INFO:     Application shutdown complete.
INFO:     Started server process [60552]
INFO:     Waiting for application startup.
INFO:     Application startup complete.
ERROR:    [Errno 48] error while attempting to bind on address ('127.0.0.1', 8088): address already in use
INFO:     Waiting for application shutdown.
INFO:     Application shutdown complete.
INFO:     Started server process [60564]
INFO:     Waiting for application startup.
INFO:     Application startup complete.
ERROR:    [Errno 48] error while attempting to bind on address ('127.0.0.1', 8088): address already in use
INFO:     Waiting for application shutdown.
INFO:     Application shutdown complete.
INFO:     Started server process [60571]
INFO:     Waiting for application startup.
INFO:     Application startup complete.
ERROR:    [Errno 48] error while attempting to bind on address ('127.0.0.1', 8088): address already in use
INFO:     Waiting for application shutdown.
INFO:     Application shutdown complete.
INFO:     Started server process [60579]
INFO:     Waiting for application startup.
INFO:     Application startup complete.
ERROR:    [Errno 48] error while attempting to bind on address ('127.0.0.1', 8088): address already in use
INFO:     Waiting for application shutdown.
INFO:     Application shutdown complete.
INFO:     Started server process [60597]
INFO:     Waiting for application startup.
INFO:     Application startup complete.
ERROR:    [Errno 48] error while attempting to bind on address ('127.0.0.1', 8088): address already in use
INFO:     Waiting for application shutdown.
INFO:     Application shutdown complete.
INFO:     Started server process [60606]
INFO:     Waiting for application startup.
INFO:     Application startup complete.
ERROR:    [Errno 48] error while attempting to bind on address ('127.0.0.1', 8088): address already in use
INFO:     Waiting for application shutdown.
INFO:     Application shutdown complete.
INFO:     Started server process [60624]
INFO:     Waiting for application startup.
INFO:     Application startup complete.
ERROR:    [Errno 48] error while attempting to bind on address ('127.0.0.1', 8088): address already in use
INFO:     Waiting for application shutdown.
INFO:     Application shutdown complete.
INFO:     Started server process [60634]
INFO:     Waiting for application startup.
INFO:     Application startup complete.
ERROR:    [Errno 48] error while attempting to bind on address ('127.0.0.1', 8088): address already in use
INFO:     Waiting for application shutdown.
INFO:     Application shutdown complete.
INFO:     Started server process [60642]
INFO:     Waiting for application startup.
INFO:     Application startup complete.
ERROR:    [Errno 48] error while attempting to bind on address ('127.0.0.1', 8088): address already in use
INFO:     Waiting for application shutdown.
INFO:     Application shutdown complete.
INFO:     Started server process [60650]
INFO:     Waiting for application startup.
INFO:     Application startup complete.
ERROR:    [Errno 48] error while attempting to bind on address ('127.0.0.1', 8088): address already in use
INFO:     Waiting for application shutdown.
INFO:     Application shutdown complete.
INFO:     Started server process [60659]
INFO:     Waiting for application startup.
INFO:     Application startup complete.
ERROR:    [Errno 48] error while attempting to bind on address ('127.0.0.1', 8088): address already in use
INFO:     Waiting for application shutdown.
INFO:     Application shutdown complete.
INFO:     Started server process [60668]
INFO:     Waiting for application startup.
INFO:     Application startup complete.
ERROR:    [Errno 48] error while attempting to bind on address ('127.0.0.1', 8088): address already in use
INFO:     Waiting for application shutdown.
INFO:     Application shutdown complete.
INFO:     Started server process [60678]
INFO:     Waiting for application startup.
INFO:     Application startup complete.
ERROR:    [Errno 48] error while attempting to bind on address ('127.0.0.1', 8088): address already in use
INFO:     Waiting for application shutdown.
INFO:     Application shutdown complete.
INFO:     Started server process [60686]
INFO:     Waiting for application startup.
INFO:     Application startup complete.
ERROR:    [Errno 48] error while attempting to bind on address ('127.0.0.1', 8088): address already in use
INFO:     Waiting for application shutdown.
INFO:     Application shutdown complete.
INFO:     Started server process [60694]
INFO:     Waiting for application startup.
INFO:     Application startup complete.
ERROR:    [Errno 48] error while attempting to bind on address ('127.0.0.1', 8088): address already in use
INFO:     Waiting for application shutdown.
INFO:     Application shutdown complete.
INFO:     Started server process [60702]
INFO:     Waiting for application startup.
INFO:     Application startup complete.
ERROR:    [Errno 48] error while attempting to bind on address ('127.0.0.1', 8088): address already in use
INFO:     Waiting for application shutdown.
INFO:     Application shutdown complete.
INFO:     Started server process [60712]
INFO:     Waiting for application startup.
INFO:     Application startup complete.
ERROR:    [Errno 48] error while attempting to bind on address ('127.0.0.1', 8088): address already in use
INFO:     Waiting for application shutdown.
INFO:     Application shutdown complete.
INFO:     Started server process [60719]
INFO:     Waiting for application startup.
INFO:     Application startup complete.
ERROR:    [Errno 48] error while attempting to bind on address ('127.0.0.1', 8088): address already in use
INFO:     Waiting for application shutdown.
INFO:     Application shutdown complete.
INFO:     Started server process [60729]
INFO:     Waiting for application startup.
INFO:     Application startup complete.
ERROR:    [Errno 48] error while attempting to bind on address ('127.0.0.1', 8088): address already in use
INFO:     Waiting for application shutdown.
INFO:     Application shutdown complete.
INFO:     Started server process [60738]
INFO:     Waiting for application startup.
INFO:     Application startup complete.
ERROR:    [Errno 48] error while attempting to bind on address ('127.0.0.1', 8088): address already in use
INFO:     Waiting for application shutdown.
INFO:     Application shutdown complete.
INFO:     Started server process [60746]
INFO:     Waiting for application startup.
INFO:     Application startup complete.
ERROR:    [Errno 48] error while attempting to bind on address ('127.0.0.1', 8088): address already in use
INFO:     Waiting for application shutdown.
INFO:     Application shutdown complete.
INFO:     Started server process [60758]
INFO:     Waiting for application startup.
INFO:     Application startup complete.
ERROR:    [Errno 48] error while attempting to bind on address ('127.0.0.1', 8088): address already in use
INFO:     Waiting for application shutdown.
INFO:     Application shutdown complete.
INFO:     Started server process [60768]
INFO:     Waiting for application startup.
INFO:     Application startup complete.
ERROR:    [Errno 48] error while attempting to bind on address ('127.0.0.1', 8088): address already in use
INFO:     Waiting for application shutdown.
INFO:     Application shutdown complete.
INFO:     Started server process [60777]
INFO:     Waiting for application startup.
INFO:     Application startup complete.
ERROR:    [Errno 48] error while attempting to bind on address ('127.0.0.1', 8088): address already in use
INFO:     Waiting for application shutdown.
INFO:     Application shutdown complete.
INFO:     Started server process [60788]
INFO:     Waiting for application startup.
INFO:     Application startup complete.
ERROR:    [Errno 48] error while attempting to bind on address ('127.0.0.1', 8088): address already in use
INFO:     Waiting for application shutdown.
INFO:     Application shutdown complete.
INFO:     Started server process [60796]
INFO:     Waiting for application startup.
INFO:     Application startup complete.
ERROR:    [Errno 48] error while attempting to bind on address ('127.0.0.1', 8088): address already in use
INFO:     Waiting for application shutdown.
INFO:     Application shutdown complete.
INFO:     Started server process [60807]
INFO:     Waiting for application startup.
INFO:     Application startup complete.
ERROR:    [Errno 48] error while attempting to bind on address ('127.0.0.1', 8088): address already in use
INFO:     Waiting for application shutdown.
INFO:     Application shutdown complete.
INFO:     Started server process [60815]
INFO:     Waiting for application startup.
INFO:     Application startup complete.
ERROR:    [Errno 48] error while attempting to bind on address ('127.0.0.1', 8088): address already in use
INFO:     Waiting for application shutdown.
INFO:     Application shutdown complete.
INFO:     Started server process [60825]
INFO:     Waiting for application startup.
INFO:     Application startup complete.
ERROR:    [Errno 48] error while attempting to bind on address ('127.0.0.1', 8088): address already in use
INFO:     Waiting for application shutdown.
INFO:     Application shutdown complete.
INFO:     Started server process [60835]
INFO:     Waiting for application startup.
INFO:     Application startup complete.
ERROR:    [Errno 48] error while attempting to bind on address ('127.0.0.1', 8088): address already in use
INFO:     Waiting for application shutdown.
INFO:     Application shutdown complete.
INFO:     Started server process [60843]
INFO:     Waiting for application startup.
INFO:     Application startup complete.
ERROR:    [Errno 48] error while attempting to bind on address ('127.0.0.1', 8088): address already in use
INFO:     Waiting for application shutdown.
INFO:     Application shutdown complete.
INFO:     Started server process [60853]
INFO:     Waiting for application startup.
INFO:     Application startup complete.
ERROR:    [Errno 48] error while attempting to bind on address ('127.0.0.1', 8088): address already in use
INFO:     Waiting for application shutdown.
INFO:     Application shutdown complete.
INFO:     Started server process [60860]
INFO:     Waiting for application startup.
INFO:     Application startup complete.
ERROR:    [Errno 48] error while attempting to bind on address ('127.0.0.1', 8088): address already in use
INFO:     Waiting for application shutdown.
INFO:     Application shutdown complete.
INFO:     Started server process [60869]
INFO:     Waiting for application startup.
INFO:     Application startup complete.
ERROR:    [Errno 48] error while attempting to bind on address ('127.0.0.1', 8088): address already in use
INFO:     Waiting for application shutdown.
INFO:     Application shutdown complete.
INFO:     Started server process [60885]
INFO:     Waiting for application startup.
INFO:     Application startup complete.
ERROR:    [Errno 48] error while attempting to bind on address ('127.0.0.1', 8088): address already in use
INFO:     Waiting for application shutdown.
INFO:     Application shutdown complete.
INFO:     Started server process [60905]
INFO:     Waiting for application startup.
INFO:     Application startup complete.
ERROR:    [Errno 48] error while attempting to bind on address ('127.0.0.1', 8088): address already in use
INFO:     Waiting for application shutdown.
INFO:     Application shutdown complete.
INFO:     Started server process [60931]
INFO:     Waiting for application startup.
INFO:     Application startup complete.
ERROR:    [Errno 48] error while attempting to bind on address ('127.0.0.1', 8088): address already in use
INFO:     Waiting for application shutdown.
INFO:     Application shutdown complete.
INFO:     Started server process [60944]
INFO:     Waiting for application startup.
INFO:     Application startup complete.
ERROR:    [Errno 48] error while attempting to bind on address ('127.0.0.1', 8088): address already in use
INFO:     Waiting for application shutdown.
INFO:     Application shutdown complete.
INFO:     Started server process [60953]
INFO:     Waiting for application startup.
INFO:     Application startup complete.
ERROR:    [Errno 48] error while attempting to bind on address ('127.0.0.1', 8088): address already in use
INFO:     Waiting for application shutdown.
INFO:     Application shutdown complete.
INFO:     Started server process [60965]
INFO:     Waiting for application startup.
INFO:     Application startup complete.
ERROR:    [Errno 48] error while attempting to bind on address ('127.0.0.1', 8088): address already in use
INFO:     Waiting for application shutdown.
INFO:     Application shutdown complete.
INFO:     Started server process [60977]
INFO:     Waiting for application startup.
INFO:     Application startup complete.
ERROR:    [Errno 48] error while attempting to bind on address ('127.0.0.1', 8088): address already in use
INFO:     Waiting for application shutdown.
INFO:     Application shutdown complete.
INFO:     Started server process [60988]
INFO:     Waiting for application startup.
INFO:     Application startup complete.
ERROR:    [Errno 48] error while attempting to bind on address ('127.0.0.1', 8088): address already in use
INFO:     Waiting for application shutdown.
INFO:     Application shutdown complete.
INFO:     Started server process [61011]
INFO:     Waiting for application startup.
INFO:     Application startup complete.
ERROR:    [Errno 48] error while attempting to bind on address ('127.0.0.1', 8088): address already in use
INFO:     Waiting for application shutdown.
INFO:     Application shutdown complete.
INFO:     Started server process [61025]
INFO:     Waiting for application startup.
INFO:     Application startup complete.
ERROR:    [Errno 48] error while attempting to bind on address ('127.0.0.1', 8088): address already in use
INFO:     Waiting for application shutdown.
INFO:     Application shutdown complete.
INFO:     Started server process [61032]
INFO:     Waiting for application startup.
INFO:     Application startup complete.
ERROR:    [Errno 48] error while attempting to bind on address ('127.0.0.1', 8088): address already in use
INFO:     Waiting for application shutdown.
INFO:     Application shutdown complete.
INFO:     Started server process [61041]
INFO:     Waiting for application startup.
INFO:     Application startup complete.
ERROR:    [Errno 48] error while attempting to bind on address ('127.0.0.1', 8088): address already in use
INFO:     Waiting for application shutdown.
INFO:     Application shutdown complete.
INFO:     Started server process [61052]
INFO:     Waiting for application startup.
INFO:     Application startup complete.
ERROR:    [Errno 48] error while attempting to bind on address ('127.0.0.1', 8088): address already in use
INFO:     Waiting for application shutdown.
INFO:     Application shutdown complete.
INFO:     Started server process [61062]
INFO:     Waiting for application startup.
INFO:     Application startup complete.
ERROR:    [Errno 48] error while attempting to bind on address ('127.0.0.1', 8088): address already in use
INFO:     Waiting for application shutdown.
INFO:     Application shutdown complete.
INFO:     Started server process [61070]
INFO:     Waiting for application startup.
INFO:     Application startup complete.
ERROR:    [Errno 48] error while attempting to bind on address ('127.0.0.1', 8088): address already in use
INFO:     Waiting for application shutdown.
INFO:     Application shutdown complete.
INFO:     Started server process [61078]
INFO:     Waiting for application startup.
INFO:     Application startup complete.
ERROR:    [Errno 48] error while attempting to bind on address ('127.0.0.1', 8088): address already in use
INFO:     Waiting for application shutdown.
INFO:     Application shutdown complete.
INFO:     Started server process [61088]
INFO:     Waiting for application startup.
INFO:     Application startup complete.
ERROR:    [Errno 48] error while attempting to bind on address ('127.0.0.1', 8088): address already in use
INFO:     Waiting for application shutdown.
INFO:     Application shutdown complete.
INFO:     Started server process [61095]
INFO:     Waiting for application startup.
INFO:     Application startup complete.
ERROR:    [Errno 48] error while attempting to bind on address ('127.0.0.1', 8088): address already in use
INFO:     Waiting for application shutdown.
INFO:     Application shutdown complete.
INFO:     Started server process [61106]
INFO:     Waiting for application startup.
INFO:     Application startup complete.
ERROR:    [Errno 48] error while attempting to bind on address ('127.0.0.1', 8088): address already in use
INFO:     Waiting for application shutdown.
INFO:     Application shutdown complete.
INFO:     Started server process [61117]
INFO:     Waiting for application startup.
INFO:     Application startup complete.
ERROR:    [Errno 48] error while attempting to bind on address ('127.0.0.1', 8088): address already in use
INFO:     Waiting for application shutdown.
INFO:     Application shutdown complete.
INFO:     Started server process [61132]
INFO:     Waiting for application startup.
INFO:     Application startup complete.
ERROR:    [Errno 48] error while attempting to bind on address ('127.0.0.1', 8088): address already in use
INFO:     Waiting for application shutdown.
INFO:     Application shutdown complete.
INFO:     Started server process [61142]
INFO:     Waiting for application startup.
INFO:     Application startup complete.
ERROR:    [Errno 48] error while attempting to bind on address ('127.0.0.1', 8088): address already in use
INFO:     Waiting for application shutdown.
INFO:     Application shutdown complete.
INFO:     Started server process [61151]
INFO:     Waiting for application startup.
INFO:     Application startup complete.
ERROR:    [Errno 48] error while attempting to bind on address ('127.0.0.1', 8088): address already in use
INFO:     Waiting for application shutdown.
INFO:     Application shutdown complete.
INFO:     Started server process [61160]
INFO:     Waiting for application startup.
INFO:     Application startup complete.
ERROR:    [Errno 48] error while attempting to bind on address ('127.0.0.1', 8088): address already in use
INFO:     Waiting for application shutdown.
INFO:     Application shutdown complete.
INFO:     Started server process [61171]
INFO:     Waiting for application startup.
INFO:     Application startup complete.
ERROR:    [Errno 48] error while attempting to bind on address ('127.0.0.1', 8088): address already in use
INFO:     Waiting for application shutdown.
INFO:     Application shutdown complete.
INFO:     Started server process [61178]
INFO:     Waiting for application startup.
INFO:     Application startup complete.
ERROR:    [Errno 48] error while attempting to bind on address ('127.0.0.1', 8088): address already in use
INFO:     Waiting for application shutdown.
INFO:     Application shutdown complete.
INFO:     Started server process [61185]
INFO:     Waiting for application startup.
INFO:     Application startup complete.
ERROR:    [Errno 48] error while attempting to bind on address ('127.0.0.1', 8088): address already in use
INFO:     Waiting for application shutdown.
INFO:     Application shutdown complete.
INFO:     Started server process [61196]
INFO:     Waiting for application startup.
INFO:     Application startup complete.
ERROR:    [Errno 48] error while attempting to bind on address ('127.0.0.1', 8088): address already in use
INFO:     Waiting for application shutdown.
INFO:     Application shutdown complete.
INFO:     Started server process [61203]
INFO:     Waiting for application startup.
INFO:     Application startup complete.
ERROR:    [Errno 48] error while attempting to bind on address ('127.0.0.1', 8088): address already in use
INFO:     Waiting for application shutdown.
INFO:     Application shutdown complete.
INFO:     Started server process [61226]
INFO:     Waiting for application startup.
INFO:     Application startup complete.
ERROR:    [Errno 48] error while attempting to bind on address ('127.0.0.1', 8088): address already in use
INFO:     Waiting for application shutdown.
INFO:     Application shutdown complete.
INFO:     Started server process [61239]
INFO:     Waiting for application startup.
INFO:     Application startup complete.
ERROR:    [Errno 48] error while attempting to bind on address ('127.0.0.1', 8088): address already in use
INFO:     Waiting for application shutdown.
INFO:     Application shutdown complete.
INFO:     Started server process [61246]
INFO:     Waiting for application startup.
INFO:     Application startup complete.
ERROR:    [Errno 48] error while attempting to bind on address ('127.0.0.1', 8088): address already in use
INFO:     Waiting for application shutdown.
INFO:     Application shutdown complete.
INFO:     Started server process [61256]
INFO:     Waiting for application startup.
INFO:     Application startup complete.
ERROR:    [Errno 48] error while attempting to bind on address ('127.0.0.1', 8088): address already in use
INFO:     Waiting for application shutdown.
INFO:     Application shutdown complete.
INFO:     Started server process [61264]
INFO:     Waiting for application startup.
INFO:     Application startup complete.
ERROR:    [Errno 48] error while attempting to bind on address ('127.0.0.1', 8088): address already in use
INFO:     Waiting for application shutdown.
INFO:     Application shutdown complete.
INFO:     Started server process [61271]
INFO:     Waiting for application startup.
INFO:     Application startup complete.
ERROR:    [Errno 48] error while attempting to bind on address ('127.0.0.1', 8088): address already in use
INFO:     Waiting for application shutdown.
INFO:     Application shutdown complete.
INFO:     Started server process [61290]
INFO:     Waiting for application startup.
INFO:     Application startup complete.
ERROR:    [Errno 48] error while attempting to bind on address ('127.0.0.1', 8088): address already in use
INFO:     Waiting for application shutdown.
INFO:     Application shutdown complete.
INFO:     Started server process [61301]
INFO:     Waiting for application startup.
INFO:     Application startup complete.
ERROR:    [Errno 48] error while attempting to bind on address ('127.0.0.1', 8088): address already in use
INFO:     Waiting for application shutdown.
INFO:     Application shutdown complete.
INFO:     Started server process [61310]
INFO:     Waiting for application startup.
INFO:     Application startup complete.
ERROR:    [Errno 48] error while attempting to bind on address ('127.0.0.1', 8088): address already in use
INFO:     Waiting for application shutdown.
INFO:     Application shutdown complete.
INFO:     Started server process [61319]
INFO:     Waiting for application startup.
INFO:     Application startup complete.
ERROR:    [Errno 48] error while attempting to bind on address ('127.0.0.1', 8088): address already in use
INFO:     Waiting for application shutdown.
INFO:     Application shutdown complete.
INFO:     Started server process [61328]
INFO:     Waiting for application startup.
INFO:     Application startup complete.
ERROR:    [Errno 48] error while attempting to bind on address ('127.0.0.1', 8088): address already in use
INFO:     Waiting for application shutdown.
INFO:     Application shutdown complete.
INFO:     Started server process [61337]
INFO:     Waiting for application startup.
INFO:     Application startup complete.
ERROR:    [Errno 48] error while attempting to bind on address ('127.0.0.1', 8088): address already in use
INFO:     Waiting for application shutdown.
INFO:     Application shutdown complete.
INFO:     Started server process [61350]
INFO:     Waiting for application startup.
INFO:     Application startup complete.
ERROR:    [Errno 48] error while attempting to bind on address ('127.0.0.1', 8088): address already in use
INFO:     Waiting for application shutdown.
INFO:     Application shutdown complete.
INFO:     Started server process [61360]
INFO:     Waiting for application startup.
INFO:     Application startup complete.
ERROR:    [Errno 48] error while attempting to bind on address ('127.0.0.1', 8088): address already in use
INFO:     Waiting for application shutdown.
INFO:     Application shutdown complete.
INFO:     Started server process [61369]
INFO:     Waiting for application startup.
INFO:     Application startup complete.
ERROR:    [Errno 48] error while attempting to bind on address ('127.0.0.1', 8088): address already in use
INFO:     Waiting for application shutdown.
INFO:     Application shutdown complete.
INFO:     Started server process [61377]
INFO:     Waiting for application startup.
INFO:     Application startup complete.
ERROR:    [Errno 48] error while attempting to bind on address ('127.0.0.1', 8088): address already in use
INFO:     Waiting for application shutdown.
INFO:     Application shutdown complete.
INFO:     Started server process [61385]
INFO:     Waiting for application startup.
INFO:     Application startup complete.
ERROR:    [Errno 48] error while attempting to bind on address ('127.0.0.1', 8088): address already in use
INFO:     Waiting for application shutdown.
INFO:     Application shutdown complete.
INFO:     Started server process [61393]
INFO:     Waiting for application startup.
INFO:     Application startup complete.
ERROR:    [Errno 48] error while attempting to bind on address ('127.0.0.1', 8088): address already in use
INFO:     Waiting for application shutdown.
INFO:     Application shutdown complete.
INFO:     Started server process [61406]
INFO:     Waiting for application startup.
INFO:     Application startup complete.
ERROR:    [Errno 48] error while attempting to bind on address ('127.0.0.1', 8088): address already in use
INFO:     Waiting for application shutdown.
INFO:     Application shutdown complete.
INFO:     Started server process [61415]
INFO:     Waiting for application startup.
INFO:     Application startup complete.
ERROR:    [Errno 48] error while attempting to bind on address ('127.0.0.1', 8088): address already in use
INFO:     Waiting for application shutdown.
INFO:     Application shutdown complete.
INFO:     Started server process [61424]
INFO:     Waiting for application startup.
INFO:     Application startup complete.
ERROR:    [Errno 48] error while attempting to bind on address ('127.0.0.1', 8088): address already in use
INFO:     Waiting for application shutdown.
INFO:     Application shutdown complete.
INFO:     Started server process [61431]
INFO:     Waiting for application startup.
INFO:     Application startup complete.
ERROR:    [Errno 48] error while attempting to bind on address ('127.0.0.1', 8088): address already in use
INFO:     Waiting for application shutdown.
INFO:     Application shutdown complete.
INFO:     Started server process [61439]
INFO:     Waiting for application startup.
INFO:     Application startup complete.
ERROR:    [Errno 48] error while attempting to bind on address ('127.0.0.1', 8088): address already in use
INFO:     Waiting for application shutdown.
INFO:     Application shutdown complete.
INFO:     Started server process [61449]
INFO:     Waiting for application startup.
INFO:     Application startup complete.
ERROR:    [Errno 48] error while attempting to bind on address ('127.0.0.1', 8088): address already in use
INFO:     Waiting for application shutdown.
INFO:     Application shutdown complete.
INFO:     Started server process [61457]
INFO:     Waiting for application startup.
INFO:     Application startup complete.
ERROR:    [Errno 48] error while attempting to bind on address ('127.0.0.1', 8088): address already in use
INFO:     Waiting for application shutdown.
INFO:     Application shutdown complete.
INFO:     Started server process [61466]
INFO:     Waiting for application startup.
INFO:     Application startup complete.
ERROR:    [Errno 48] error while attempting to bind on address ('127.0.0.1', 8088): address already in use
INFO:     Waiting for application shutdown.
INFO:     Application shutdown complete.
INFO:     Started server process [61476]
INFO:     Waiting for application startup.
INFO:     Application startup complete.
ERROR:    [Errno 48] error while attempting to bind on address ('127.0.0.1', 8088): address already in use
INFO:     Waiting for application shutdown.
INFO:     Application shutdown complete.
INFO:     Started server process [61483]
INFO:     Waiting for application startup.
INFO:     Application startup complete.
ERROR:    [Errno 48] error while attempting to bind on address ('127.0.0.1', 8088): address already in use
INFO:     Waiting for application shutdown.
INFO:     Application shutdown complete.
INFO:     Started server process [61493]
INFO:     Waiting for application startup.
INFO:     Application startup complete.
ERROR:    [Errno 48] error while attempting to bind on address ('127.0.0.1', 8088): address already in use
INFO:     Waiting for application shutdown.
INFO:     Application shutdown complete.
INFO:     Started server process [61511]
INFO:     Waiting for application startup.
INFO:     Application startup complete.
ERROR:    [Errno 48] error while attempting to bind on address ('127.0.0.1', 8088): address already in use
INFO:     Waiting for application shutdown.
INFO:     Application shutdown complete.
INFO:     Started server process [61518]
INFO:     Waiting for application startup.
INFO:     Application startup complete.
ERROR:    [Errno 48] error while attempting to bind on address ('127.0.0.1', 8088): address already in use
INFO:     Waiting for application shutdown.
INFO:     Application shutdown complete.
INFO:     Started server process [61527]
INFO:     Waiting for application startup.
INFO:     Application startup complete.
ERROR:    [Errno 48] error while attempting to bind on address ('127.0.0.1', 8088): address already in use
INFO:     Waiting for application shutdown.
INFO:     Application shutdown complete.
INFO:     Started server process [61539]
INFO:     Waiting for application startup.
INFO:     Application startup complete.
ERROR:    [Errno 48] error while attempting to bind on address ('127.0.0.1', 8088): address already in use
INFO:     Waiting for application shutdown.
INFO:     Application shutdown complete.
INFO:     Started server process [61547]
INFO:     Waiting for application startup.
INFO:     Application startup complete.
ERROR:    [Errno 48] error while attempting to bind on address ('127.0.0.1', 8088): address already in use
INFO:     Waiting for application shutdown.
INFO:     Application shutdown complete.
INFO:     Started server process [61565]
INFO:     Waiting for application startup.
INFO:     Application startup complete.
ERROR:    [Errno 48] error while attempting to bind on address ('127.0.0.1', 8088): address already in use
INFO:     Waiting for application shutdown.
INFO:     Application shutdown complete.
INFO:     Started server process [61574]
INFO:     Waiting for application startup.
INFO:     Application startup complete.
ERROR:    [Errno 48] error while attempting to bind on address ('127.0.0.1', 8088): address already in use
INFO:     Waiting for application shutdown.
INFO:     Application shutdown complete.
INFO:     Started server process [61604]
INFO:     Waiting for application startup.
INFO:     Application startup complete.
ERROR:    [Errno 48] error while attempting to bind on address ('127.0.0.1', 8088): address already in use
INFO:     Waiting for application shutdown.
INFO:     Application shutdown complete.
INFO:     Started server process [61615]
INFO:     Waiting for application startup.
INFO:     Application startup complete.
ERROR:    [Errno 48] error while attempting to bind on address ('127.0.0.1', 8088): address already in use
INFO:     Waiting for application shutdown.
INFO:     Application shutdown complete.
INFO:     Started server process [61624]
INFO:     Waiting for application startup.
INFO:     Application startup complete.
ERROR:    [Errno 48] error while attempting to bind on address ('127.0.0.1', 8088): address already in use
INFO:     Waiting for application shutdown.
INFO:     Application shutdown complete.
INFO:     Started server process [61638]
INFO:     Waiting for application startup.
INFO:     Application startup complete.
ERROR:    [Errno 48] error while attempting to bind on address ('127.0.0.1', 8088): address already in use
INFO:     Waiting for application shutdown.
INFO:     Application shutdown complete.
INFO:     Started server process [61651]
INFO:     Waiting for application startup.
INFO:     Application startup complete.
ERROR:    [Errno 48] error while attempting to bind on address ('127.0.0.1', 8088): address already in use
INFO:     Waiting for application shutdown.
INFO:     Application shutdown complete.
INFO:     Started server process [61663]
INFO:     Waiting for application startup.
INFO:     Application startup complete.
ERROR:    [Errno 48] error while attempting to bind on address ('127.0.0.1', 8088): address already in use
INFO:     Waiting for application shutdown.
INFO:     Application shutdown complete.
INFO:     Started server process [61685]
INFO:     Waiting for application startup.
INFO:     Application startup complete.
ERROR:    [Errno 48] error while attempting to bind on address ('127.0.0.1', 8088): address already in use
INFO:     Waiting for application shutdown.
INFO:     Application shutdown complete.
INFO:     Started server process [61695]
INFO:     Waiting for application startup.
INFO:     Application startup complete.
ERROR:    [Errno 48] error while attempting to bind on address ('127.0.0.1', 8088): address already in use
INFO:     Waiting for application shutdown.
INFO:     Application shutdown complete.
INFO:     Started server process [61702]
INFO:     Waiting for application startup.
INFO:     Application startup complete.
ERROR:    [Errno 48] error while attempting to bind on address ('127.0.0.1', 8088): address already in use
INFO:     Waiting for application shutdown.
INFO:     Application shutdown complete.
INFO:     Started server process [61714]
INFO:     Waiting for application startup.
INFO:     Application startup complete.
ERROR:    [Errno 48] error while attempting to bind on address ('127.0.0.1', 8088): address already in use
INFO:     Waiting for application shutdown.
INFO:     Application shutdown complete.
INFO:     Started server process [61726]
INFO:     Waiting for application startup.
INFO:     Application startup complete.
ERROR:    [Errno 48] error while attempting to bind on address ('127.0.0.1', 8088): address already in use
INFO:     Waiting for application shutdown.
INFO:     Application shutdown complete.
INFO:     Started server process [61735]
INFO:     Waiting for application startup.
INFO:     Application startup complete.
ERROR:    [Errno 48] error while attempting to bind on address ('127.0.0.1', 8088): address already in use
INFO:     Waiting for application shutdown.
INFO:     Application shutdown complete.
INFO:     Started server process [61749]
INFO:     Waiting for application startup.
INFO:     Application startup complete.
ERROR:    [Errno 48] error while attempting to bind on address ('127.0.0.1', 8088): address already in use
INFO:     Waiting for application shutdown.
INFO:     Application shutdown complete.
INFO:     Started server process [61759]
INFO:     Waiting for application startup.
INFO:     Application startup complete.
ERROR:    [Errno 48] error while attempting to bind on address ('127.0.0.1', 8088): address already in use
INFO:     Waiting for application shutdown.
INFO:     Application shutdown complete.
INFO:     Started server process [61767]
INFO:     Waiting for application startup.
INFO:     Application startup complete.
ERROR:    [Errno 48] error while attempting to bind on address ('127.0.0.1', 8088): address already in use
INFO:     Waiting for application shutdown.
INFO:     Application shutdown complete.
INFO:     Started server process [61775]
INFO:     Waiting for application startup.
INFO:     Application startup complete.
ERROR:    [Errno 48] error while attempting to bind on address ('127.0.0.1', 8088): address already in use
INFO:     Waiting for application shutdown.
INFO:     Application shutdown complete.
INFO:     Started server process [61785]
INFO:     Waiting for application startup.
INFO:     Application startup complete.
ERROR:    [Errno 48] error while attempting to bind on address ('127.0.0.1', 8088): address already in use
INFO:     Waiting for application shutdown.
INFO:     Application shutdown complete.
INFO:     Started server process [61793]
INFO:     Waiting for application startup.
INFO:     Application startup complete.
ERROR:    [Errno 48] error while attempting to bind on address ('127.0.0.1', 8088): address already in use
INFO:     Waiting for application shutdown.
INFO:     Application shutdown complete.
INFO:     Started server process [61803]
INFO:     Waiting for application startup.
INFO:     Application startup complete.
ERROR:    [Errno 48] error while attempting to bind on address ('127.0.0.1', 8088): address already in use
INFO:     Waiting for application shutdown.
INFO:     Application shutdown complete.
INFO:     Started server process [61814]
INFO:     Waiting for application startup.
INFO:     Application startup complete.
ERROR:    [Errno 48] error while attempting to bind on address ('127.0.0.1', 8088): address already in use
INFO:     Waiting for application shutdown.
INFO:     Application shutdown complete.
INFO:     Started server process [61822]
INFO:     Waiting for application startup.
INFO:     Application startup complete.
ERROR:    [Errno 48] error while attempting to bind on address ('127.0.0.1', 8088): address already in use
INFO:     Waiting for application shutdown.
INFO:     Application shutdown complete.
INFO:     Started server process [61833]
INFO:     Waiting for application startup.
INFO:     Application startup complete.
ERROR:    [Errno 48] error while attempting to bind on address ('127.0.0.1', 8088): address already in use
INFO:     Waiting for application shutdown.
INFO:     Application shutdown complete.
INFO:     Started server process [61841]
INFO:     Waiting for application startup.
INFO:     Application startup complete.
ERROR:    [Errno 48] error while attempting to bind on address ('127.0.0.1', 8088): address already in use
INFO:     Waiting for application shutdown.
INFO:     Application shutdown complete.
INFO:     Started server process [61856]
INFO:     Waiting for application startup.
INFO:     Application startup complete.
ERROR:    [Errno 48] error while attempting to bind on address ('127.0.0.1', 8088): address already in use
INFO:     Waiting for application shutdown.
INFO:     Application shutdown complete.
INFO:     Started server process [61866]
INFO:     Waiting for application startup.
INFO:     Application startup complete.
ERROR:    [Errno 48] error while attempting to bind on address ('127.0.0.1', 8088): address already in use
INFO:     Waiting for application shutdown.
INFO:     Application shutdown complete.
INFO:     Started server process [61875]
INFO:     Waiting for application startup.
INFO:     Application startup complete.
ERROR:    [Errno 48] error while attempting to bind on address ('127.0.0.1', 8088): address already in use
INFO:     Waiting for application shutdown.
INFO:     Application shutdown complete.
INFO:     Started server process [61883]
INFO:     Waiting for application startup.
INFO:     Application startup complete.
ERROR:    [Errno 48] error while attempting to bind on address ('127.0.0.1', 8088): address already in use
INFO:     Waiting for application shutdown.
INFO:     Application shutdown complete.
INFO:     Started server process [61894]
INFO:     Waiting for application startup.
INFO:     Application startup complete.
ERROR:    [Errno 48] error while attempting to bind on address ('127.0.0.1', 8088): address already in use
INFO:     Waiting for application shutdown.
INFO:     Application shutdown complete.
INFO:     Started server process [61901]
INFO:     Waiting for application startup.
INFO:     Application startup complete.
ERROR:    [Errno 48] error while attempting to bind on address ('127.0.0.1', 8088): address already in use
INFO:     Waiting for application shutdown.
INFO:     Application shutdown complete.
INFO:     Started server process [61920]
INFO:     Waiting for application startup.
INFO:     Application startup complete.
ERROR:    [Errno 48] error while attempting to bind on address ('127.0.0.1', 8088): address already in use
INFO:     Waiting for application shutdown.
INFO:     Application shutdown complete.
INFO:     Started server process [61931]
INFO:     Waiting for application startup.
INFO:     Application startup complete.
ERROR:    [Errno 48] error while attempting to bind on address ('127.0.0.1', 8088): address already in use
INFO:     Waiting for application shutdown.
INFO:     Application shutdown complete.
INFO:     Started server process [61938]
INFO:     Waiting for application startup.
INFO:     Application startup complete.
ERROR:    [Errno 48] error while attempting to bind on address ('127.0.0.1', 8088): address already in use
INFO:     Waiting for application shutdown.
INFO:     Application shutdown complete.
INFO:     Started server process [61945]
INFO:     Waiting for application startup.
INFO:     Application startup complete.
ERROR:    [Errno 48] error while attempting to bind on address ('127.0.0.1', 8088): address already in use
INFO:     Waiting for application shutdown.
INFO:     Application shutdown complete.
INFO:     Started server process [61957]
INFO:     Waiting for application startup.
INFO:     Application startup complete.
ERROR:    [Errno 48] error while attempting to bind on address ('127.0.0.1', 8088): address already in use
INFO:     Waiting for application shutdown.
INFO:     Application shutdown complete.
INFO:     Started server process [61965]
INFO:     Waiting for application startup.
INFO:     Application startup complete.
ERROR:    [Errno 48] error while attempting to bind on address ('127.0.0.1', 8088): address already in use
INFO:     Waiting for application shutdown.
INFO:     Application shutdown complete.
INFO:     Started server process [61974]
INFO:     Waiting for application startup.
INFO:     Application startup complete.
ERROR:    [Errno 48] error while attempting to bind on address ('127.0.0.1', 8088): address already in use
INFO:     Waiting for application shutdown.
INFO:     Application shutdown complete.
INFO:     Started server process [61983]
INFO:     Waiting for application startup.
INFO:     Application startup complete.
ERROR:    [Errno 48] error while attempting to bind on address ('127.0.0.1', 8088): address already in use
INFO:     Waiting for application shutdown.
INFO:     Application shutdown complete.
INFO:     Started server process [61990]
INFO:     Waiting for application startup.
INFO:     Application startup complete.
ERROR:    [Errno 48] error while attempting to bind on address ('127.0.0.1', 8088): address already in use
INFO:     Waiting for application shutdown.
INFO:     Application shutdown complete.
INFO:     Started server process [62001]
INFO:     Waiting for application startup.
INFO:     Application startup complete.
ERROR:    [Errno 48] error while attempting to bind on address ('127.0.0.1', 8088): address already in use
INFO:     Waiting for application shutdown.
INFO:     Application shutdown complete.
INFO:     Started server process [62013]
INFO:     Waiting for application startup.
INFO:     Application startup complete.
ERROR:    [Errno 48] error while attempting to bind on address ('127.0.0.1', 8088): address already in use
INFO:     Waiting for application shutdown.
INFO:     Application shutdown complete.
INFO:     Started server process [62032]
INFO:     Waiting for application startup.
INFO:     Application startup complete.
ERROR:    [Errno 48] error while attempting to bind on address ('127.0.0.1', 8088): address already in use
INFO:     Waiting for application shutdown.
INFO:     Application shutdown complete.
INFO:     Started server process [62047]
INFO:     Waiting for application startup.
INFO:     Application startup complete.
ERROR:    [Errno 48] error while attempting to bind on address ('127.0.0.1', 8088): address already in use
INFO:     Waiting for application shutdown.
INFO:     Application shutdown complete.
INFO:     Started server process [62056]
INFO:     Waiting for application startup.
INFO:     Application startup complete.
ERROR:    [Errno 48] error while attempting to bind on address ('127.0.0.1', 8088): address already in use
INFO:     Waiting for application shutdown.
INFO:     Application shutdown complete.
INFO:     Started server process [62063]
INFO:     Waiting for application startup.
INFO:     Application startup complete.
ERROR:    [Errno 48] error while attempting to bind on address ('127.0.0.1', 8088): address already in use
INFO:     Waiting for application shutdown.
INFO:     Application shutdown complete.
INFO:     Started server process [62075]
INFO:     Waiting for application startup.
INFO:     Application startup complete.
ERROR:    [Errno 48] error while attempting to bind on address ('127.0.0.1', 8088): address already in use
INFO:     Waiting for application shutdown.
INFO:     Application shutdown complete.
INFO:     Started server process [62087]
INFO:     Waiting for application startup.
INFO:     Application startup complete.
ERROR:    [Errno 48] error while attempting to bind on address ('127.0.0.1', 8088): address already in use
INFO:     Waiting for application shutdown.
INFO:     Application shutdown complete.
INFO:     Started server process [62097]
INFO:     Waiting for application startup.
INFO:     Application startup complete.
ERROR:    [Errno 48] error while attempting to bind on address ('127.0.0.1', 8088): address already in use
INFO:     Waiting for application shutdown.
INFO:     Application shutdown complete.
INFO:     Started server process [62113]
INFO:     Waiting for application startup.
INFO:     Application startup complete.
ERROR:    [Errno 48] error while attempting to bind on address ('127.0.0.1', 8088): address already in use
INFO:     Waiting for application shutdown.
INFO:     Application shutdown complete.
INFO:     Started server process [62121]
INFO:     Waiting for application startup.
INFO:     Application startup complete.
ERROR:    [Errno 48] error while attempting to bind on address ('127.0.0.1', 8088): address already in use
INFO:     Waiting for application shutdown.
INFO:     Application shutdown complete.
INFO:     Started server process [62132]
INFO:     Waiting for application startup.
INFO:     Application startup complete.
ERROR:    [Errno 48] error while attempting to bind on address ('127.0.0.1', 8088): address already in use
INFO:     Waiting for application shutdown.
INFO:     Application shutdown complete.
INFO:     Started server process [62142]
INFO:     Waiting for application startup.
INFO:     Application startup complete.
ERROR:    [Errno 48] error while attempting to bind on address ('127.0.0.1', 8088): address already in use
INFO:     Waiting for application shutdown.
INFO:     Application shutdown complete.
INFO:     Started server process [62152]
INFO:     Waiting for application startup.
INFO:     Application startup complete.
ERROR:    [Errno 48] error while attempting to bind on address ('127.0.0.1', 8088): address already in use
INFO:     Waiting for application shutdown.
INFO:     Application shutdown complete.
INFO:     Started server process [62159]
INFO:     Waiting for application startup.
INFO:     Application startup complete.
ERROR:    [Errno 48] error while attempting to bind on address ('127.0.0.1', 8088): address already in use
INFO:     Waiting for application shutdown.
INFO:     Application shutdown complete.
INFO:     Started server process [62167]
INFO:     Waiting for application startup.
INFO:     Application startup complete.
ERROR:    [Errno 48] error while attempting to bind on address ('127.0.0.1', 8088): address already in use
INFO:     Waiting for application shutdown.
INFO:     Application shutdown complete.
INFO:     Started server process [62175]
INFO:     Waiting for application startup.
INFO:     Application startup complete.
ERROR:    [Errno 48] error while attempting to bind on address ('127.0.0.1', 8088): address already in use
INFO:     Waiting for application shutdown.
INFO:     Application shutdown complete.
INFO:     Started server process [62184]
INFO:     Waiting for application startup.
INFO:     Application startup complete.
ERROR:    [Errno 48] error while attempting to bind on address ('127.0.0.1', 8088): address already in use
INFO:     Waiting for application shutdown.
INFO:     Application shutdown complete.
INFO:     Started server process [62197]
INFO:     Waiting for application startup.
INFO:     Application startup complete.
ERROR:    [Errno 48] error while attempting to bind on address ('127.0.0.1', 8088): address already in use
INFO:     Waiting for application shutdown.
INFO:     Application shutdown complete.
INFO:     Started server process [62228]
INFO:     Waiting for application startup.
INFO:     Application startup complete.
ERROR:    [Errno 48] error while attempting to bind on address ('127.0.0.1', 8088): address already in use
INFO:     Waiting for application shutdown.
INFO:     Application shutdown complete.
INFO:     Started server process [62260]
INFO:     Waiting for application startup.
INFO:     Application startup complete.
ERROR:    [Errno 48] error while attempting to bind on address ('127.0.0.1', 8088): address already in use
INFO:     Waiting for application shutdown.
INFO:     Application shutdown complete.
INFO:     Started server process [62268]
INFO:     Waiting for application startup.
INFO:     Application startup complete.
ERROR:    [Errno 48] error while attempting to bind on address ('127.0.0.1', 8088): address already in use
INFO:     Waiting for application shutdown.
INFO:     Application shutdown complete.
INFO:     Started server process [62276]
INFO:     Waiting for application startup.
INFO:     Application startup complete.
ERROR:    [Errno 48] error while attempting to bind on address ('127.0.0.1', 8088): address already in use
INFO:     Waiting for application shutdown.
INFO:     Application shutdown complete.
INFO:     Started server process [62288]
INFO:     Waiting for application startup.
INFO:     Application startup complete.
ERROR:    [Errno 48] error while attempting to bind on address ('127.0.0.1', 8088): address already in use
INFO:     Waiting for application shutdown.
INFO:     Application shutdown complete.
INFO:     Started server process [62296]
INFO:     Waiting for application startup.
INFO:     Application startup complete.
ERROR:    [Errno 48] error while attempting to bind on address ('127.0.0.1', 8088): address already in use
INFO:     Waiting for application shutdown.
INFO:     Application shutdown complete.
INFO:     Started server process [62324]
INFO:     Waiting for application startup.
INFO:     Application startup complete.
ERROR:    [Errno 48] error while attempting to bind on address ('127.0.0.1', 8088): address already in use
INFO:     Waiting for application shutdown.
INFO:     Application shutdown complete.
INFO:     Started server process [62333]
INFO:     Waiting for application startup.
INFO:     Application startup complete.
ERROR:    [Errno 48] error while attempting to bind on address ('127.0.0.1', 8088): address already in use
INFO:     Waiting for application shutdown.
INFO:     Application shutdown complete.
INFO:     Started server process [62345]
INFO:     Waiting for application startup.
INFO:     Application startup complete.
ERROR:    [Errno 48] error while attempting to bind on address ('127.0.0.1', 8088): address already in use
INFO:     Waiting for application shutdown.
INFO:     Application shutdown complete.
INFO:     Started server process [62364]
INFO:     Waiting for application startup.
INFO:     Application startup complete.
ERROR:    [Errno 48] error while attempting to bind on address ('127.0.0.1', 8088): address already in use
INFO:     Waiting for application shutdown.
INFO:     Application shutdown complete.
INFO:     Started server process [62379]
INFO:     Waiting for application startup.
INFO:     Application startup complete.
ERROR:    [Errno 48] error while attempting to bind on address ('127.0.0.1', 8088): address already in use
INFO:     Waiting for application shutdown.
INFO:     Application shutdown complete.
INFO:     Started server process [62386]
INFO:     Waiting for application startup.
INFO:     Application startup complete.
ERROR:    [Errno 48] error while attempting to bind on address ('127.0.0.1', 8088): address already in use
INFO:     Waiting for application shutdown.
INFO:     Application shutdown complete.
INFO:     Started server process [62399]
INFO:     Waiting for application startup.
INFO:     Application startup complete.
ERROR:    [Errno 48] error while attempting to bind on address ('127.0.0.1', 8088): address already in use
INFO:     Waiting for application shutdown.
INFO:     Application shutdown complete.
INFO:     Started server process [62406]
INFO:     Waiting for application startup.
INFO:     Application startup complete.
ERROR:    [Errno 48] error while attempting to bind on address ('127.0.0.1', 8088): address already in use
INFO:     Waiting for application shutdown.
INFO:     Application shutdown complete.
INFO:     Started server process [62413]
INFO:     Waiting for application startup.
INFO:     Application startup complete.
ERROR:    [Errno 48] error while attempting to bind on address ('127.0.0.1', 8088): address already in use
INFO:     Waiting for application shutdown.
INFO:     Application shutdown complete.
INFO:     Started server process [62421]
INFO:     Waiting for application startup.
INFO:     Application startup complete.
ERROR:    [Errno 48] error while attempting to bind on address ('127.0.0.1', 8088): address already in use
INFO:     Waiting for application shutdown.
INFO:     Application shutdown complete.
INFO:     Started server process [62433]
INFO:     Waiting for application startup.
INFO:     Application startup complete.
ERROR:    [Errno 48] error while attempting to bind on address ('127.0.0.1', 8088): address already in use
INFO:     Waiting for application shutdown.
INFO:     Application shutdown complete.
INFO:     Started server process [62441]
INFO:     Waiting for application startup.
INFO:     Application startup complete.
ERROR:    [Errno 48] error while attempting to bind on address ('127.0.0.1', 8088): address already in use
INFO:     Waiting for application shutdown.
INFO:     Application shutdown complete.
INFO:     Started server process [62463]
INFO:     Waiting for application startup.
INFO:     Application startup complete.
ERROR:    [Errno 48] error while attempting to bind on address ('127.0.0.1', 8088): address already in use
INFO:     Waiting for application shutdown.
INFO:     Application shutdown complete.
INFO:     Started server process [62483]
INFO:     Waiting for application startup.
INFO:     Application startup complete.
ERROR:    [Errno 48] error while attempting to bind on address ('127.0.0.1', 8088): address already in use
INFO:     Waiting for application shutdown.
INFO:     Application shutdown complete.
INFO:     Started server process [62492]
INFO:     Waiting for application startup.
INFO:     Application startup complete.
ERROR:    [Errno 48] error while attempting to bind on address ('127.0.0.1', 8088): address already in use
INFO:     Waiting for application shutdown.
INFO:     Application shutdown complete.
INFO:     Started server process [62502]
INFO:     Waiting for application startup.
INFO:     Application startup complete.
ERROR:    [Errno 48] error while attempting to bind on address ('127.0.0.1', 8088): address already in use
INFO:     Waiting for application shutdown.
INFO:     Application shutdown complete.
INFO:     Started server process [62512]
INFO:     Waiting for application startup.
INFO:     Application startup complete.
ERROR:    [Errno 48] error while attempting to bind on address ('127.0.0.1', 8088): address already in use
INFO:     Waiting for application shutdown.
INFO:     Application shutdown complete.
INFO:     Started server process [62527]
INFO:     Waiting for application startup.
INFO:     Application startup complete.
ERROR:    [Errno 48] error while attempting to bind on address ('127.0.0.1', 8088): address already in use
INFO:     Waiting for application shutdown.
INFO:     Application shutdown complete.
INFO:     Started server process [62539]
INFO:     Waiting for application startup.
INFO:     Application startup complete.
ERROR:    [Errno 48] error while attempting to bind on address ('127.0.0.1', 8088): address already in use
INFO:     Waiting for application shutdown.
INFO:     Application shutdown complete.
INFO:     Started server process [62546]
INFO:     Waiting for application startup.
INFO:     Application startup complete.
ERROR:    [Errno 48] error while attempting to bind on address ('127.0.0.1', 8088): address already in use
INFO:     Waiting for application shutdown.
INFO:     Application shutdown complete.
INFO:     Started server process [62553]
INFO:     Waiting for application startup.
INFO:     Application startup complete.
ERROR:    [Errno 48] error while attempting to bind on address ('127.0.0.1', 8088): address already in use
INFO:     Waiting for application shutdown.
INFO:     Application shutdown complete.
INFO:     Started server process [62564]
INFO:     Waiting for application startup.
INFO:     Application startup complete.
ERROR:    [Errno 48] error while attempting to bind on address ('127.0.0.1', 8088): address already in use
INFO:     Waiting for application shutdown.
INFO:     Application shutdown complete.
INFO:     Started server process [62573]
INFO:     Waiting for application startup.
INFO:     Application startup complete.
ERROR:    [Errno 48] error while attempting to bind on address ('127.0.0.1', 8088): address already in use
INFO:     Waiting for application shutdown.
INFO:     Application shutdown complete.
INFO:     Started server process [62580]
INFO:     Waiting for application startup.
INFO:     Application startup complete.
ERROR:    [Errno 48] error while attempting to bind on address ('127.0.0.1', 8088): address already in use
INFO:     Waiting for application shutdown.
INFO:     Application shutdown complete.
INFO:     Started server process [62589]
INFO:     Waiting for application startup.
INFO:     Application startup complete.
ERROR:    [Errno 48] error while attempting to bind on address ('127.0.0.1', 8088): address already in use
INFO:     Waiting for application shutdown.
INFO:     Application shutdown complete.
INFO:     Started server process [62596]
INFO:     Waiting for application startup.
INFO:     Application startup complete.
ERROR:    [Errno 48] error while attempting to bind on address ('127.0.0.1', 8088): address already in use
INFO:     Waiting for application shutdown.
INFO:     Application shutdown complete.
INFO:     Started server process [62603]
INFO:     Waiting for application startup.
INFO:     Application startup complete.
ERROR:    [Errno 48] error while attempting to bind on address ('127.0.0.1', 8088): address already in use
INFO:     Waiting for application shutdown.
INFO:     Application shutdown complete.
INFO:     Started server process [62616]
INFO:     Waiting for application startup.
INFO:     Application startup complete.
ERROR:    [Errno 48] error while attempting to bind on address ('127.0.0.1', 8088): address already in use
INFO:     Waiting for application shutdown.
INFO:     Application shutdown complete.
INFO:     Started server process [62624]
INFO:     Waiting for application startup.
INFO:     Application startup complete.
ERROR:    [Errno 48] error while attempting to bind on address ('127.0.0.1', 8088): address already in use
INFO:     Waiting for application shutdown.
INFO:     Application shutdown complete.
INFO:     Started server process [62631]
INFO:     Waiting for application startup.
INFO:     Application startup complete.
ERROR:    [Errno 48] error while attempting to bind on address ('127.0.0.1', 8088): address already in use
INFO:     Waiting for application shutdown.
INFO:     Application shutdown complete.
INFO:     Started server process [62639]
INFO:     Waiting for application startup.
INFO:     Application startup complete.
ERROR:    [Errno 48] error while attempting to bind on address ('127.0.0.1', 8088): address already in use
INFO:     Waiting for application shutdown.
INFO:     Application shutdown complete.
INFO:     Started server process [62649]
INFO:     Waiting for application startup.
INFO:     Application startup complete.
ERROR:    [Errno 48] error while attempting to bind on address ('127.0.0.1', 8088): address already in use
INFO:     Waiting for application shutdown.
INFO:     Application shutdown complete.
INFO:     Started server process [62660]
INFO:     Waiting for application startup.
INFO:     Application startup complete.
ERROR:    [Errno 48] error while attempting to bind on address ('127.0.0.1', 8088): address already in use
INFO:     Waiting for application shutdown.
INFO:     Application shutdown complete.
INFO:     Started server process [62674]
INFO:     Waiting for application startup.
INFO:     Application startup complete.
ERROR:    [Errno 48] error while attempting to bind on address ('127.0.0.1', 8088): address already in use
INFO:     Waiting for application shutdown.
INFO:     Application shutdown complete.
INFO:     Started server process [62681]
INFO:     Waiting for application startup.
INFO:     Application startup complete.
ERROR:    [Errno 48] error while attempting to bind on address ('127.0.0.1', 8088): address already in use
INFO:     Waiting for application shutdown.
INFO:     Application shutdown complete.
INFO:     Started server process [62689]
INFO:     Waiting for application startup.
INFO:     Application startup complete.
ERROR:    [Errno 48] error while attempting to bind on address ('127.0.0.1', 8088): address already in use
INFO:     Waiting for application shutdown.
INFO:     Application shutdown complete.
INFO:     Started server process [62697]
INFO:     Waiting for application startup.
INFO:     Application startup complete.
ERROR:    [Errno 48] error while attempting to bind on address ('127.0.0.1', 8088): address already in use
INFO:     Waiting for application shutdown.
INFO:     Application shutdown complete.
INFO:     Started server process [62705]
INFO:     Waiting for application startup.
INFO:     Application startup complete.
ERROR:    [Errno 48] error while attempting to bind on address ('127.0.0.1', 8088): address already in use
INFO:     Waiting for application shutdown.
INFO:     Application shutdown complete.
INFO:     Started server process [62717]
INFO:     Waiting for application startup.
INFO:     Application startup complete.
ERROR:    [Errno 48] error while attempting to bind on address ('127.0.0.1', 8088): address already in use
INFO:     Waiting for application shutdown.
INFO:     Application shutdown complete.
INFO:     Started server process [62726]
INFO:     Waiting for application startup.
INFO:     Application startup complete.
ERROR:    [Errno 48] error while attempting to bind on address ('127.0.0.1', 8088): address already in use
INFO:     Waiting for application shutdown.
INFO:     Application shutdown complete.
INFO:     Started server process [62733]
INFO:     Waiting for application startup.
INFO:     Application startup complete.
ERROR:    [Errno 48] error while attempting to bind on address ('127.0.0.1', 8088): address already in use
INFO:     Waiting for application shutdown.
INFO:     Application shutdown complete.
INFO:     Started server process [62741]
INFO:     Waiting for application startup.
INFO:     Application startup complete.
ERROR:    [Errno 48] error while attempting to bind on address ('127.0.0.1', 8088): address already in use
INFO:     Waiting for application shutdown.
INFO:     Application shutdown complete.
INFO:     Started server process [62750]
INFO:     Waiting for application startup.
INFO:     Application startup complete.
ERROR:    [Errno 48] error while attempting to bind on address ('127.0.0.1', 8088): address already in use
INFO:     Waiting for application shutdown.
INFO:     Application shutdown complete.
INFO:     Started server process [62757]
INFO:     Waiting for application startup.
INFO:     Application startup complete.
ERROR:    [Errno 48] error while attempting to bind on address ('127.0.0.1', 8088): address already in use
INFO:     Waiting for application shutdown.
INFO:     Application shutdown complete.
INFO:     Started server process [62769]
INFO:     Waiting for application startup.
INFO:     Application startup complete.
ERROR:    [Errno 48] error while attempting to bind on address ('127.0.0.1', 8088): address already in use
INFO:     Waiting for application shutdown.
INFO:     Application shutdown complete.
INFO:     Started server process [62777]
INFO:     Waiting for application startup.
INFO:     Application startup complete.
ERROR:    [Errno 48] error while attempting to bind on address ('127.0.0.1', 8088): address already in use
INFO:     Waiting for application shutdown.
INFO:     Application shutdown complete.
INFO:     Started server process [62784]
INFO:     Waiting for application startup.
INFO:     Application startup complete.
ERROR:    [Errno 48] error while attempting to bind on address ('127.0.0.1', 8088): address already in use
INFO:     Waiting for application shutdown.
INFO:     Application shutdown complete.
INFO:     Started server process [62791]
INFO:     Waiting for application startup.
INFO:     Application startup complete.
ERROR:    [Errno 48] error while attempting to bind on address ('127.0.0.1', 8088): address already in use
INFO:     Waiting for application shutdown.
INFO:     Application shutdown complete.
INFO:     Started server process [62799]
INFO:     Waiting for application startup.
INFO:     Application startup complete.
ERROR:    [Errno 48] error while attempting to bind on address ('127.0.0.1', 8088): address already in use
INFO:     Waiting for application shutdown.
INFO:     Application shutdown complete.
INFO:     Started server process [62807]
INFO:     Waiting for application startup.
INFO:     Application startup complete.
ERROR:    [Errno 48] error while attempting to bind on address ('127.0.0.1', 8088): address already in use
INFO:     Waiting for application shutdown.
INFO:     Application shutdown complete.
INFO:     Started server process [62855]
INFO:     Waiting for application startup.
INFO:     Application startup complete.
ERROR:    [Errno 48] error while attempting to bind on address ('127.0.0.1', 8088): address already in use
INFO:     Waiting for application shutdown.
INFO:     Application shutdown complete.
INFO:     Started server process [62863]
INFO:     Waiting for application startup.
INFO:     Application startup complete.
ERROR:    [Errno 48] error while attempting to bind on address ('127.0.0.1', 8088): address already in use
INFO:     Waiting for application shutdown.
INFO:     Application shutdown complete.
INFO:     Started server process [62870]
INFO:     Waiting for application startup.
INFO:     Application startup complete.
ERROR:    [Errno 48] error while attempting to bind on address ('127.0.0.1', 8088): address already in use
INFO:     Waiting for application shutdown.
INFO:     Application shutdown complete.
INFO:     Started server process [62877]
INFO:     Waiting for application startup.
INFO:     Application startup complete.
ERROR:    [Errno 48] error while attempting to bind on address ('127.0.0.1', 8088): address already in use
INFO:     Waiting for application shutdown.
INFO:     Application shutdown complete.
INFO:     Started server process [62885]
INFO:     Waiting for application startup.
INFO:     Application startup complete.
ERROR:    [Errno 48] error while attempting to bind on address ('127.0.0.1', 8088): address already in use
INFO:     Waiting for application shutdown.
INFO:     Application shutdown complete.
INFO:     Started server process [62896]
INFO:     Waiting for application startup.
INFO:     Application startup complete.
ERROR:    [Errno 48] error while attempting to bind on address ('127.0.0.1', 8088): address already in use
INFO:     Waiting for application shutdown.
INFO:     Application shutdown complete.
INFO:     Started server process [62905]
INFO:     Waiting for application startup.
INFO:     Application startup complete.
ERROR:    [Errno 48] error while attempting to bind on address ('127.0.0.1', 8088): address already in use
INFO:     Waiting for application shutdown.
INFO:     Application shutdown complete.
INFO:     Started server process [62914]
INFO:     Waiting for application startup.
INFO:     Application startup complete.
ERROR:    [Errno 48] error while attempting to bind on address ('127.0.0.1', 8088): address already in use
INFO:     Waiting for application shutdown.
INFO:     Application shutdown complete.
INFO:     Started server process [62921]
INFO:     Waiting for application startup.
INFO:     Application startup complete.
ERROR:    [Errno 48] error while attempting to bind on address ('127.0.0.1', 8088): address already in use
INFO:     Waiting for application shutdown.
INFO:     Application shutdown complete.
INFO:     Started server process [62928]
INFO:     Waiting for application startup.
INFO:     Application startup complete.
ERROR:    [Errno 48] error while attempting to bind on address ('127.0.0.1', 8088): address already in use
INFO:     Waiting for application shutdown.
INFO:     Application shutdown complete.
INFO:     Started server process [62945]
INFO:     Waiting for application startup.
INFO:     Application startup complete.
ERROR:    [Errno 48] error while attempting to bind on address ('127.0.0.1', 8088): address already in use
INFO:     Waiting for application shutdown.
INFO:     Application shutdown complete.
INFO:     Started server process [62971]
INFO:     Waiting for application startup.
INFO:     Application startup complete.
ERROR:    [Errno 48] error while attempting to bind on address ('127.0.0.1', 8088): address already in use
INFO:     Waiting for application shutdown.
INFO:     Application shutdown complete.
INFO:     Started server process [62986]
INFO:     Waiting for application startup.
INFO:     Application startup complete.
ERROR:    [Errno 48] error while attempting to bind on address ('127.0.0.1', 8088): address already in use
INFO:     Waiting for application shutdown.
INFO:     Application shutdown complete.
INFO:     Started server process [62997]
INFO:     Waiting for application startup.
INFO:     Application startup complete.
ERROR:    [Errno 48] error while attempting to bind on address ('127.0.0.1', 8088): address already in use
INFO:     Waiting for application shutdown.
INFO:     Application shutdown complete.
INFO:     Started server process [63004]
INFO:     Waiting for application startup.
INFO:     Application startup complete.
ERROR:    [Errno 48] error while attempting to bind on address ('127.0.0.1', 8088): address already in use
INFO:     Waiting for application shutdown.
INFO:     Application shutdown complete.
INFO:     Started server process [63011]
INFO:     Waiting for application startup.
INFO:     Application startup complete.
ERROR:    [Errno 48] error while attempting to bind on address ('127.0.0.1', 8088): address already in use
INFO:     Waiting for application shutdown.
INFO:     Application shutdown complete.
INFO:     Started server process [63021]
INFO:     Waiting for application startup.
INFO:     Application startup complete.
ERROR:    [Errno 48] error while attempting to bind on address ('127.0.0.1', 8088): address already in use
INFO:     Waiting for application shutdown.
INFO:     Application shutdown complete.
INFO:     Started server process [63031]
INFO:     Waiting for application startup.
INFO:     Application startup complete.
ERROR:    [Errno 48] error while attempting to bind on address ('127.0.0.1', 8088): address already in use
INFO:     Waiting for application shutdown.
INFO:     Application shutdown complete.
INFO:     Started server process [63038]
INFO:     Waiting for application startup.
INFO:     Application startup complete.
ERROR:    [Errno 48] error while attempting to bind on address ('127.0.0.1', 8088): address already in use
INFO:     Waiting for application shutdown.
INFO:     Application shutdown complete.
INFO:     Started server process [63046]
INFO:     Waiting for application startup.
INFO:     Application startup complete.
ERROR:    [Errno 48] error while attempting to bind on address ('127.0.0.1', 8088): address already in use
INFO:     Waiting for application shutdown.
INFO:     Application shutdown complete.
INFO:     Started server process [63054]
INFO:     Waiting for application startup.
INFO:     Application startup complete.
ERROR:    [Errno 48] error while attempting to bind on address ('127.0.0.1', 8088): address already in use
INFO:     Waiting for application shutdown.
INFO:     Application shutdown complete.
INFO:     Started server process [63065]
INFO:     Waiting for application startup.
INFO:     Application startup complete.
ERROR:    [Errno 48] error while attempting to bind on address ('127.0.0.1', 8088): address already in use
INFO:     Waiting for application shutdown.
INFO:     Application shutdown complete.
INFO:     Started server process [63075]
INFO:     Waiting for application startup.
INFO:     Application startup complete.
ERROR:    [Errno 48] error while attempting to bind on address ('127.0.0.1', 8088): address already in use
INFO:     Waiting for application shutdown.
INFO:     Application shutdown complete.
INFO:     Started server process [63085]
INFO:     Waiting for application startup.
INFO:     Application startup complete.
ERROR:    [Errno 48] error while attempting to bind on address ('127.0.0.1', 8088): address already in use
INFO:     Waiting for application shutdown.
INFO:     Application shutdown complete.
INFO:     Started server process [63094]
INFO:     Waiting for application startup.
INFO:     Application startup complete.
ERROR:    [Errno 48] error while attempting to bind on address ('127.0.0.1', 8088): address already in use
INFO:     Waiting for application shutdown.
INFO:     Application shutdown complete.
INFO:     Started server process [63102]
INFO:     Waiting for application startup.
INFO:     Application startup complete.
ERROR:    [Errno 48] error while attempting to bind on address ('127.0.0.1', 8088): address already in use
INFO:     Waiting for application shutdown.
INFO:     Application shutdown complete.
INFO:     Started server process [63120]
INFO:     Waiting for application startup.
INFO:     Application startup complete.
ERROR:    [Errno 48] error while attempting to bind on address ('127.0.0.1', 8088): address already in use
INFO:     Waiting for application shutdown.
INFO:     Application shutdown complete.
INFO:     Started server process [63127]
INFO:     Waiting for application startup.
INFO:     Application startup complete.
ERROR:    [Errno 48] error while attempting to bind on address ('127.0.0.1', 8088): address already in use
INFO:     Waiting for application shutdown.
INFO:     Application shutdown complete.
INFO:     Started server process [63139]
INFO:     Waiting for application startup.
INFO:     Application startup complete.
ERROR:    [Errno 48] error while attempting to bind on address ('127.0.0.1', 8088): address already in use
INFO:     Waiting for application shutdown.
INFO:     Application shutdown complete.
INFO:     Started server process [63149]
INFO:     Waiting for application startup.
INFO:     Application startup complete.
ERROR:    [Errno 48] error while attempting to bind on address ('127.0.0.1', 8088): address already in use
INFO:     Waiting for application shutdown.
INFO:     Application shutdown complete.
INFO:     Started server process [63156]
INFO:     Waiting for application startup.
INFO:     Application startup complete.
ERROR:    [Errno 48] error while attempting to bind on address ('127.0.0.1', 8088): address already in use
INFO:     Waiting for application shutdown.
INFO:     Application shutdown complete.
INFO:     Started server process [63165]
INFO:     Waiting for application startup.
INFO:     Application startup complete.
ERROR:    [Errno 48] error while attempting to bind on address ('127.0.0.1', 8088): address already in use
INFO:     Waiting for application shutdown.
INFO:     Application shutdown complete.
INFO:     Started server process [63173]
INFO:     Waiting for application startup.
INFO:     Application startup complete.
ERROR:    [Errno 48] error while attempting to bind on address ('127.0.0.1', 8088): address already in use
INFO:     Waiting for application shutdown.
INFO:     Application shutdown complete.
INFO:     Started server process [63180]
INFO:     Waiting for application startup.
INFO:     Application startup complete.
ERROR:    [Errno 48] error while attempting to bind on address ('127.0.0.1', 8088): address already in use
INFO:     Waiting for application shutdown.
INFO:     Application shutdown complete.
INFO:     Started server process [63209]
INFO:     Waiting for application startup.
INFO:     Application startup complete.
ERROR:    [Errno 48] error while attempting to bind on address ('127.0.0.1', 8088): address already in use
INFO:     Waiting for application shutdown.
INFO:     Application shutdown complete.
INFO:     Started server process [63217]
INFO:     Waiting for application startup.
INFO:     Application startup complete.
ERROR:    [Errno 48] error while attempting to bind on address ('127.0.0.1', 8088): address already in use
INFO:     Waiting for application shutdown.
INFO:     Application shutdown complete.
INFO:     Started server process [63224]
INFO:     Waiting for application startup.
INFO:     Application startup complete.
ERROR:    [Errno 48] error while attempting to bind on address ('127.0.0.1', 8088): address already in use
INFO:     Waiting for application shutdown.
INFO:     Application shutdown complete.
INFO:     Started server process [63233]
INFO:     Waiting for application startup.
INFO:     Application startup complete.
ERROR:    [Errno 48] error while attempting to bind on address ('127.0.0.1', 8088): address already in use
INFO:     Waiting for application shutdown.
INFO:     Application shutdown complete.
INFO:     Started server process [63241]
INFO:     Waiting for application startup.
INFO:     Application startup complete.
ERROR:    [Errno 48] error while attempting to bind on address ('127.0.0.1', 8088): address already in use
INFO:     Waiting for application shutdown.
INFO:     Application shutdown complete.
INFO:     Started server process [63250]
INFO:     Waiting for application startup.
INFO:     Application startup complete.
ERROR:    [Errno 48] error while attempting to bind on address ('127.0.0.1', 8088): address already in use
INFO:     Waiting for application shutdown.
INFO:     Application shutdown complete.
INFO:     Started server process [63270]
INFO:     Waiting for application startup.
INFO:     Application startup complete.
ERROR:    [Errno 48] error while attempting to bind on address ('127.0.0.1', 8088): address already in use
INFO:     Waiting for application shutdown.
INFO:     Application shutdown complete.
INFO:     Started server process [63279]
INFO:     Waiting for application startup.
INFO:     Application startup complete.
ERROR:    [Errno 48] error while attempting to bind on address ('127.0.0.1', 8088): address already in use
INFO:     Waiting for application shutdown.
INFO:     Application shutdown complete.
INFO:     Started server process [63287]
INFO:     Waiting for application startup.
INFO:     Application startup complete.
ERROR:    [Errno 48] error while attempting to bind on address ('127.0.0.1', 8088): address already in use
INFO:     Waiting for application shutdown.
INFO:     Application shutdown complete.
INFO:     Started server process [63295]
INFO:     Waiting for application startup.
INFO:     Application startup complete.
ERROR:    [Errno 48] error while attempting to bind on address ('127.0.0.1', 8088): address already in use
INFO:     Waiting for application shutdown.
INFO:     Application shutdown complete.
INFO:     Started server process [63302]
INFO:     Waiting for application startup.
INFO:     Application startup complete.
ERROR:    [Errno 48] error while attempting to bind on address ('127.0.0.1', 8088): address already in use
INFO:     Waiting for application shutdown.
INFO:     Application shutdown complete.
INFO:     Started server process [63312]
INFO:     Waiting for application startup.
INFO:     Application startup complete.
ERROR:    [Errno 48] error while attempting to bind on address ('127.0.0.1', 8088): address already in use
INFO:     Waiting for application shutdown.
INFO:     Application shutdown complete.
INFO:     Started server process [63321]
INFO:     Waiting for application startup.
INFO:     Application startup complete.
ERROR:    [Errno 48] error while attempting to bind on address ('127.0.0.1', 8088): address already in use
INFO:     Waiting for application shutdown.
INFO:     Application shutdown complete.
INFO:     Started server process [63330]
INFO:     Waiting for application startup.
INFO:     Application startup complete.
ERROR:    [Errno 48] error while attempting to bind on address ('127.0.0.1', 8088): address already in use
INFO:     Waiting for application shutdown.
INFO:     Application shutdown complete.
INFO:     Started server process [63337]
INFO:     Waiting for application startup.
INFO:     Application startup complete.
ERROR:    [Errno 48] error while attempting to bind on address ('127.0.0.1', 8088): address already in use
INFO:     Waiting for application shutdown.
INFO:     Application shutdown complete.
INFO:     Started server process [63345]
INFO:     Waiting for application startup.
INFO:     Application startup complete.
ERROR:    [Errno 48] error while attempting to bind on address ('127.0.0.1', 8088): address already in use
INFO:     Waiting for application shutdown.
INFO:     Application shutdown complete.
INFO:     Started server process [63355]
INFO:     Waiting for application startup.
INFO:     Application startup complete.
ERROR:    [Errno 48] error while attempting to bind on address ('127.0.0.1', 8088): address already in use
INFO:     Waiting for application shutdown.
INFO:     Application shutdown complete.
INFO:     Started server process [63364]
INFO:     Waiting for application startup.
INFO:     Application startup complete.
ERROR:    [Errno 48] error while attempting to bind on address ('127.0.0.1', 8088): address already in use
INFO:     Waiting for application shutdown.
INFO:     Application shutdown complete.
INFO:     Started server process [63375]
INFO:     Waiting for application startup.
INFO:     Application startup complete.
ERROR:    [Errno 48] error while attempting to bind on address ('127.0.0.1', 8088): address already in use
INFO:     Waiting for application shutdown.
INFO:     Application shutdown complete.
INFO:     Started server process [63382]
INFO:     Waiting for application startup.
INFO:     Application startup complete.
ERROR:    [Errno 48] error while attempting to bind on address ('127.0.0.1', 8088): address already in use
INFO:     Waiting for application shutdown.
INFO:     Application shutdown complete.
INFO:     Started server process [63389]
INFO:     Waiting for application startup.
INFO:     Application startup complete.
ERROR:    [Errno 48] error while attempting to bind on address ('127.0.0.1', 8088): address already in use
INFO:     Waiting for application shutdown.
INFO:     Application shutdown complete.
INFO:     Started server process [63398]
INFO:     Waiting for application startup.
INFO:     Application startup complete.
ERROR:    [Errno 48] error while attempting to bind on address ('127.0.0.1', 8088): address already in use
INFO:     Waiting for application shutdown.
INFO:     Application shutdown complete.
INFO:     Started server process [63407]
INFO:     Waiting for application startup.
INFO:     Application startup complete.
ERROR:    [Errno 48] error while attempting to bind on address ('127.0.0.1', 8088): address already in use
INFO:     Waiting for application shutdown.
INFO:     Application shutdown complete.
INFO:     Started server process [63416]
INFO:     Waiting for application startup.
INFO:     Application startup complete.
ERROR:    [Errno 48] error while attempting to bind on address ('127.0.0.1', 8088): address already in use
INFO:     Waiting for application shutdown.
INFO:     Application shutdown complete.
INFO:     Started server process [63425]
INFO:     Waiting for application startup.
INFO:     Application startup complete.
ERROR:    [Errno 48] error while attempting to bind on address ('127.0.0.1', 8088): address already in use
INFO:     Waiting for application shutdown.
INFO:     Application shutdown complete.
INFO:     Started server process [63434]
INFO:     Waiting for application startup.
INFO:     Application startup complete.
ERROR:    [Errno 48] error while attempting to bind on address ('127.0.0.1', 8088): address already in use
INFO:     Waiting for application shutdown.
INFO:     Application shutdown complete.
INFO:     Started server process [63449]
INFO:     Waiting for application startup.
INFO:     Application startup complete.
ERROR:    [Errno 48] error while attempting to bind on address ('127.0.0.1', 8088): address already in use
INFO:     Waiting for application shutdown.
INFO:     Application shutdown complete.
INFO:     Started server process [63459]
INFO:     Waiting for application startup.
INFO:     Application startup complete.
ERROR:    [Errno 48] error while attempting to bind on address ('127.0.0.1', 8088): address already in use
INFO:     Waiting for application shutdown.
INFO:     Application shutdown complete.
INFO:     Started server process [63467]
INFO:     Waiting for application startup.
INFO:     Application startup complete.
ERROR:    [Errno 48] error while attempting to bind on address ('127.0.0.1', 8088): address already in use
INFO:     Waiting for application shutdown.
INFO:     Application shutdown complete.
INFO:     Started server process [63475]
INFO:     Waiting for application startup.
INFO:     Application startup complete.
ERROR:    [Errno 48] error while attempting to bind on address ('127.0.0.1', 8088): address already in use
INFO:     Waiting for application shutdown.
INFO:     Application shutdown complete.
INFO:     Started server process [63483]
INFO:     Waiting for application startup.
INFO:     Application startup complete.
ERROR:    [Errno 48] error while attempting to bind on address ('127.0.0.1', 8088): address already in use
INFO:     Waiting for application shutdown.
INFO:     Application shutdown complete.
INFO:     Started server process [63490]
INFO:     Waiting for application startup.
INFO:     Application startup complete.
ERROR:    [Errno 48] error while attempting to bind on address ('127.0.0.1', 8088): address already in use
INFO:     Waiting for application shutdown.
INFO:     Application shutdown complete.
INFO:     Started server process [63497]
INFO:     Waiting for application startup.
INFO:     Application startup complete.
ERROR:    [Errno 48] error while attempting to bind on address ('127.0.0.1', 8088): address already in use
INFO:     Waiting for application shutdown.
INFO:     Application shutdown complete.
INFO:     Started server process [63507]
INFO:     Waiting for application startup.
INFO:     Application startup complete.
ERROR:    [Errno 48] error while attempting to bind on address ('127.0.0.1', 8088): address already in use
INFO:     Waiting for application shutdown.
INFO:     Application shutdown complete.
INFO:     Started server process [63530]
INFO:     Waiting for application startup.
INFO:     Application startup complete.
ERROR:    [Errno 48] error while attempting to bind on address ('127.0.0.1', 8088): address already in use
INFO:     Waiting for application shutdown.
INFO:     Application shutdown complete.
INFO:     Started server process [63587]
INFO:     Waiting for application startup.
INFO:     Application startup complete.
ERROR:    [Errno 48] error while attempting to bind on address ('127.0.0.1', 8088): address already in use
INFO:     Waiting for application shutdown.
INFO:     Application shutdown complete.
INFO:     Started server process [63606]
INFO:     Waiting for application startup.
INFO:     Application startup complete.
ERROR:    [Errno 48] error while attempting to bind on address ('127.0.0.1', 8088): address already in use
INFO:     Waiting for application shutdown.
INFO:     Application shutdown complete.
INFO:     Started server process [63630]
INFO:     Waiting for application startup.
INFO:     Application startup complete.
ERROR:    [Errno 48] error while attempting to bind on address ('127.0.0.1', 8088): address already in use
INFO:     Waiting for application shutdown.
INFO:     Application shutdown complete.
INFO:     Started server process [63641]
INFO:     Waiting for application startup.
INFO:     Application startup complete.
ERROR:    [Errno 48] error while attempting to bind on address ('127.0.0.1', 8088): address already in use
INFO:     Waiting for application shutdown.
INFO:     Application shutdown complete.
INFO:     Started server process [63664]
INFO:     Waiting for application startup.
INFO:     Application startup complete.
ERROR:    [Errno 48] error while attempting to bind on address ('127.0.0.1', 8088): address already in use
INFO:     Waiting for application shutdown.
INFO:     Application shutdown complete.
INFO:     Started server process [63673]
INFO:     Waiting for application startup.
INFO:     Application startup complete.
ERROR:    [Errno 48] error while attempting to bind on address ('127.0.0.1', 8088): address already in use
INFO:     Waiting for application shutdown.
INFO:     Application shutdown complete.
INFO:     Started server process [63681]
INFO:     Waiting for application startup.
INFO:     Application startup complete.
ERROR:    [Errno 48] error while attempting to bind on address ('127.0.0.1', 8088): address already in use
INFO:     Waiting for application shutdown.
INFO:     Application shutdown complete.
INFO:     Started server process [63697]
INFO:     Waiting for application startup.
INFO:     Application startup complete.
ERROR:    [Errno 48] error while attempting to bind on address ('127.0.0.1', 8088): address already in use
INFO:     Waiting for application shutdown.
INFO:     Application shutdown complete.
INFO:     Started server process [63705]
INFO:     Waiting for application startup.
INFO:     Application startup complete.
ERROR:    [Errno 48] error while attempting to bind on address ('127.0.0.1', 8088): address already in use
INFO:     Waiting for application shutdown.
INFO:     Application shutdown complete.
INFO:     Started server process [63712]
INFO:     Waiting for application startup.
INFO:     Application startup complete.
ERROR:    [Errno 48] error while attempting to bind on address ('127.0.0.1', 8088): address already in use
INFO:     Waiting for application shutdown.
INFO:     Application shutdown complete.
INFO:     Started server process [63723]
INFO:     Waiting for application startup.
INFO:     Application startup complete.
ERROR:    [Errno 48] error while attempting to bind on address ('127.0.0.1', 8088): address already in use
INFO:     Waiting for application shutdown.
INFO:     Application shutdown complete.
INFO:     Started server process [63731]
INFO:     Waiting for application startup.
INFO:     Application startup complete.
ERROR:    [Errno 48] error while attempting to bind on address ('127.0.0.1', 8088): address already in use
INFO:     Waiting for application shutdown.
INFO:     Application shutdown complete.
INFO:     Started server process [63738]
INFO:     Waiting for application startup.
INFO:     Application startup complete.
ERROR:    [Errno 48] error while attempting to bind on address ('127.0.0.1', 8088): address already in use
INFO:     Waiting for application shutdown.
INFO:     Application shutdown complete.
INFO:     Started server process [63746]
INFO:     Waiting for application startup.
INFO:     Application startup complete.
ERROR:    [Errno 48] error while attempting to bind on address ('127.0.0.1', 8088): address already in use
INFO:     Waiting for application shutdown.
INFO:     Application shutdown complete.
INFO:     Started server process [63753]
INFO:     Waiting for application startup.
INFO:     Application startup complete.
ERROR:    [Errno 48] error while attempting to bind on address ('127.0.0.1', 8088): address already in use
INFO:     Waiting for application shutdown.
INFO:     Application shutdown complete.
INFO:     Started server process [63764]
INFO:     Waiting for application startup.
INFO:     Application startup complete.
ERROR:    [Errno 48] error while attempting to bind on address ('127.0.0.1', 8088): address already in use
INFO:     Waiting for application shutdown.
INFO:     Application shutdown complete.
INFO:     Started server process [63773]
INFO:     Waiting for application startup.
INFO:     Application startup complete.
ERROR:    [Errno 48] error while attempting to bind on address ('127.0.0.1', 8088): address already in use
INFO:     Waiting for application shutdown.
INFO:     Application shutdown complete.
INFO:     Started server process [63781]
INFO:     Waiting for application startup.
INFO:     Application startup complete.
ERROR:    [Errno 48] error while attempting to bind on address ('127.0.0.1', 8088): address already in use
INFO:     Waiting for application shutdown.
INFO:     Application shutdown complete.
INFO:     Started server process [63821]
INFO:     Waiting for application startup.
INFO:     Application startup complete.
ERROR:    [Errno 48] error while attempting to bind on address ('127.0.0.1', 8088): address already in use
INFO:     Waiting for application shutdown.
INFO:     Application shutdown complete.
INFO:     Started server process [63831]
INFO:     Waiting for application startup.
INFO:     Application startup complete.
ERROR:    [Errno 48] error while attempting to bind on address ('127.0.0.1', 8088): address already in use
INFO:     Waiting for application shutdown.
INFO:     Application shutdown complete.
INFO:     Started server process [63838]
INFO:     Waiting for application startup.
INFO:     Application startup complete.
ERROR:    [Errno 48] error while attempting to bind on address ('127.0.0.1', 8088): address already in use
INFO:     Waiting for application shutdown.
INFO:     Application shutdown complete.
INFO:     Started server process [63847]
INFO:     Waiting for application startup.
INFO:     Application startup complete.
ERROR:    [Errno 48] error while attempting to bind on address ('127.0.0.1', 8088): address already in use
INFO:     Waiting for application shutdown.
INFO:     Application shutdown complete.
INFO:     Started server process [63857]
INFO:     Waiting for application startup.
INFO:     Application startup complete.
ERROR:    [Errno 48] error while attempting to bind on address ('127.0.0.1', 8088): address already in use
INFO:     Waiting for application shutdown.
INFO:     Application shutdown complete.
INFO:     Started server process [63865]
INFO:     Waiting for application startup.
INFO:     Application startup complete.
ERROR:    [Errno 48] error while attempting to bind on address ('127.0.0.1', 8088): address already in use
INFO:     Waiting for application shutdown.
INFO:     Application shutdown complete.
INFO:     Started server process [63878]
INFO:     Waiting for application startup.
INFO:     Application startup complete.
ERROR:    [Errno 48] error while attempting to bind on address ('127.0.0.1', 8088): address already in use
INFO:     Waiting for application shutdown.
INFO:     Application shutdown complete.
INFO:     Started server process [63886]
INFO:     Waiting for application startup.
INFO:     Application startup complete.
ERROR:    [Errno 48] error while attempting to bind on address ('127.0.0.1', 8088): address already in use
INFO:     Waiting for application shutdown.
INFO:     Application shutdown complete.
INFO:     Started server process [63898]
INFO:     Waiting for application startup.
INFO:     Application startup complete.
ERROR:    [Errno 48] error while attempting to bind on address ('127.0.0.1', 8088): address already in use
INFO:     Waiting for application shutdown.
INFO:     Application shutdown complete.
INFO:     Started server process [63916]
INFO:     Waiting for application startup.
INFO:     Application startup complete.
ERROR:    [Errno 48] error while attempting to bind on address ('127.0.0.1', 8088): address already in use
INFO:     Waiting for application shutdown.
INFO:     Application shutdown complete.
INFO:     Started server process [63929]
INFO:     Waiting for application startup.
INFO:     Application startup complete.
ERROR:    [Errno 48] error while attempting to bind on address ('127.0.0.1', 8088): address already in use
INFO:     Waiting for application shutdown.
INFO:     Application shutdown complete.
INFO:     Started server process [63936]
INFO:     Waiting for application startup.
INFO:     Application startup complete.
ERROR:    [Errno 48] error while attempting to bind on address ('127.0.0.1', 8088): address already in use
INFO:     Waiting for application shutdown.
INFO:     Application shutdown complete.
INFO:     Started server process [63945]
INFO:     Waiting for application startup.
INFO:     Application startup complete.
ERROR:    [Errno 48] error while attempting to bind on address ('127.0.0.1', 8088): address already in use
INFO:     Waiting for application shutdown.
INFO:     Application shutdown complete.
INFO:     Started server process [63955]
INFO:     Waiting for application startup.
INFO:     Application startup complete.
ERROR:    [Errno 48] error while attempting to bind on address ('127.0.0.1', 8088): address already in use
INFO:     Waiting for application shutdown.
INFO:     Application shutdown complete.
INFO:     Started server process [63964]
INFO:     Waiting for application startup.
INFO:     Application startup complete.
ERROR:    [Errno 48] error while attempting to bind on address ('127.0.0.1', 8088): address already in use
INFO:     Waiting for application shutdown.
INFO:     Application shutdown complete.
INFO:     Started server process [63972]
INFO:     Waiting for application startup.
INFO:     Application startup complete.
ERROR:    [Errno 48] error while attempting to bind on address ('127.0.0.1', 8088): address already in use
INFO:     Waiting for application shutdown.
INFO:     Application shutdown complete.
INFO:     Started server process [63986]
INFO:     Waiting for application startup.
INFO:     Application startup complete.
ERROR:    [Errno 48] error while attempting to bind on address ('127.0.0.1', 8088): address already in use
INFO:     Waiting for application shutdown.
INFO:     Application shutdown complete.
INFO:     Started server process [64001]
INFO:     Waiting for application startup.
INFO:     Application startup complete.
ERROR:    [Errno 48] error while attempting to bind on address ('127.0.0.1', 8088): address already in use
INFO:     Waiting for application shutdown.
INFO:     Application shutdown complete.
INFO:     Started server process [64021]
INFO:     Waiting for application startup.
INFO:     Application startup complete.
ERROR:    [Errno 48] error while attempting to bind on address ('127.0.0.1', 8088): address already in use
INFO:     Waiting for application shutdown.
INFO:     Application shutdown complete.
INFO:     Started server process [64029]
INFO:     Waiting for application startup.
INFO:     Application startup complete.
ERROR:    [Errno 48] error while attempting to bind on address ('127.0.0.1', 8088): address already in use
INFO:     Waiting for application shutdown.
INFO:     Application shutdown complete.
INFO:     Started server process [64040]
INFO:     Waiting for application startup.
INFO:     Application startup complete.
ERROR:    [Errno 48] error while attempting to bind on address ('127.0.0.1', 8088): address already in use
INFO:     Waiting for application shutdown.
INFO:     Application shutdown complete.
INFO:     Started server process [64049]
INFO:     Waiting for application startup.
INFO:     Application startup complete.
ERROR:    [Errno 48] error while attempting to bind on address ('127.0.0.1', 8088): address already in use
INFO:     Waiting for application shutdown.
INFO:     Application shutdown complete.
INFO:     Started server process [64058]
INFO:     Waiting for application startup.
INFO:     Application startup complete.
ERROR:    [Errno 48] error while attempting to bind on address ('127.0.0.1', 8088): address already in use
INFO:     Waiting for application shutdown.
INFO:     Application shutdown complete.
INFO:     Started server process [64065]
INFO:     Waiting for application startup.
INFO:     Application startup complete.
ERROR:    [Errno 48] error while attempting to bind on address ('127.0.0.1', 8088): address already in use
INFO:     Waiting for application shutdown.
INFO:     Application shutdown complete.
INFO:     Started server process [64072]
INFO:     Waiting for application startup.
INFO:     Application startup complete.
ERROR:    [Errno 48] error while attempting to bind on address ('127.0.0.1', 8088): address already in use
INFO:     Waiting for application shutdown.
INFO:     Application shutdown complete.
INFO:     Started server process [64082]
INFO:     Waiting for application startup.
INFO:     Application startup complete.
ERROR:    [Errno 48] error while attempting to bind on address ('127.0.0.1', 8088): address already in use
INFO:     Waiting for application shutdown.
INFO:     Application shutdown complete.
INFO:     Started server process [64091]
INFO:     Waiting for application startup.
INFO:     Application startup complete.
ERROR:    [Errno 48] error while attempting to bind on address ('127.0.0.1', 8088): address already in use
INFO:     Waiting for application shutdown.
INFO:     Application shutdown complete.
INFO:     Started server process [64100]
INFO:     Waiting for application startup.
INFO:     Application startup complete.
ERROR:    [Errno 48] error while attempting to bind on address ('127.0.0.1', 8088): address already in use
INFO:     Waiting for application shutdown.
INFO:     Application shutdown complete.
INFO:     Started server process [64109]
INFO:     Waiting for application startup.
INFO:     Application startup complete.
ERROR:    [Errno 48] error while attempting to bind on address ('127.0.0.1', 8088): address already in use
INFO:     Waiting for application shutdown.
INFO:     Application shutdown complete.
INFO:     Started server process [64116]
INFO:     Waiting for application startup.
INFO:     Application startup complete.
ERROR:    [Errno 48] error while attempting to bind on address ('127.0.0.1', 8088): address already in use
INFO:     Waiting for application shutdown.
INFO:     Application shutdown complete.
INFO:     Started server process [64123]
INFO:     Waiting for application startup.
INFO:     Application startup complete.
ERROR:    [Errno 48] error while attempting to bind on address ('127.0.0.1', 8088): address already in use
INFO:     Waiting for application shutdown.
INFO:     Application shutdown complete.
INFO:     Started server process [64133]
INFO:     Waiting for application startup.
INFO:     Application startup complete.
ERROR:    [Errno 48] error while attempting to bind on address ('127.0.0.1', 8088): address already in use
INFO:     Waiting for application shutdown.
INFO:     Application shutdown complete.
INFO:     Started server process [64141]
INFO:     Waiting for application startup.
INFO:     Application startup complete.
ERROR:    [Errno 48] error while attempting to bind on address ('127.0.0.1', 8088): address already in use
INFO:     Waiting for application shutdown.
INFO:     Application shutdown complete.
INFO:     Started server process [64150]
INFO:     Waiting for application startup.
INFO:     Application startup complete.
ERROR:    [Errno 48] error while attempting to bind on address ('127.0.0.1', 8088): address already in use
INFO:     Waiting for application shutdown.
INFO:     Application shutdown complete.
INFO:     Started server process [64158]
INFO:     Waiting for application startup.
INFO:     Application startup complete.
ERROR:    [Errno 48] error while attempting to bind on address ('127.0.0.1', 8088): address already in use
INFO:     Waiting for application shutdown.
INFO:     Application shutdown complete.
INFO:     Started server process [64182]
INFO:     Waiting for application startup.
INFO:     Application startup complete.
ERROR:    [Errno 48] error while attempting to bind on address ('127.0.0.1', 8088): address already in use
INFO:     Waiting for application shutdown.
INFO:     Application shutdown complete.
INFO:     Started server process [64200]
INFO:     Waiting for application startup.
INFO:     Application startup complete.
ERROR:    [Errno 48] error while attempting to bind on address ('127.0.0.1', 8088): address already in use
INFO:     Waiting for application shutdown.
INFO:     Application shutdown complete.
INFO:     Started server process [64216]
INFO:     Waiting for application startup.
INFO:     Application startup complete.
ERROR:    [Errno 48] error while attempting to bind on address ('127.0.0.1', 8088): address already in use
INFO:     Waiting for application shutdown.
INFO:     Application shutdown complete.
INFO:     Started server process [64228]
INFO:     Waiting for application startup.
INFO:     Application startup complete.
ERROR:    [Errno 48] error while attempting to bind on address ('127.0.0.1', 8088): address already in use
INFO:     Waiting for application shutdown.
INFO:     Application shutdown complete.
INFO:     Started server process [64270]
INFO:     Waiting for application startup.
INFO:     Application startup complete.
ERROR:    [Errno 48] error while attempting to bind on address ('127.0.0.1', 8088): address already in use
INFO:     Waiting for application shutdown.
INFO:     Application shutdown complete.
INFO:     Started server process [64298]
INFO:     Waiting for application startup.
INFO:     Application startup complete.
ERROR:    [Errno 48] error while attempting to bind on address ('127.0.0.1', 8088): address already in use
INFO:     Waiting for application shutdown.
INFO:     Application shutdown complete.
INFO:     Started server process [64318]
INFO:     Waiting for application startup.
INFO:     Application startup complete.
ERROR:    [Errno 48] error while attempting to bind on address ('127.0.0.1', 8088): address already in use
INFO:     Waiting for application shutdown.
INFO:     Application shutdown complete.
INFO:     Started server process [64328]
INFO:     Waiting for application startup.
INFO:     Application startup complete.
ERROR:    [Errno 48] error while attempting to bind on address ('127.0.0.1', 8088): address already in use
INFO:     Waiting for application shutdown.
INFO:     Application shutdown complete.
INFO:     Started server process [64340]
INFO:     Waiting for application startup.
INFO:     Application startup complete.
ERROR:    [Errno 48] error while attempting to bind on address ('127.0.0.1', 8088): address already in use
INFO:     Waiting for application shutdown.
INFO:     Application shutdown complete.
INFO:     Started server process [64357]
INFO:     Waiting for application startup.
INFO:     Application startup complete.
ERROR:    [Errno 48] error while attempting to bind on address ('127.0.0.1', 8088): address already in use
INFO:     Waiting for application shutdown.
INFO:     Application shutdown complete.
INFO:     Started server process [64373]
INFO:     Waiting for application startup.
INFO:     Application startup complete.
ERROR:    [Errno 48] error while attempting to bind on address ('127.0.0.1', 8088): address already in use
INFO:     Waiting for application shutdown.
INFO:     Application shutdown complete.
INFO:     Started server process [64387]
INFO:     Waiting for application startup.
INFO:     Application startup complete.
ERROR:    [Errno 48] error while attempting to bind on address ('127.0.0.1', 8088): address already in use
INFO:     Waiting for application shutdown.
INFO:     Application shutdown complete.
INFO:     Started server process [64395]
INFO:     Waiting for application startup.
INFO:     Application startup complete.
ERROR:    [Errno 48] error while attempting to bind on address ('127.0.0.1', 8088): address already in use
INFO:     Waiting for application shutdown.
INFO:     Application shutdown complete.
INFO:     Started server process [64404]
INFO:     Waiting for application startup.
INFO:     Application startup complete.
ERROR:    [Errno 48] error while attempting to bind on address ('127.0.0.1', 8088): address already in use
INFO:     Waiting for application shutdown.
INFO:     Application shutdown complete.
INFO:     Started server process [64413]
INFO:     Waiting for application startup.
INFO:     Application startup complete.
ERROR:    [Errno 48] error while attempting to bind on address ('127.0.0.1', 8088): address already in use
INFO:     Waiting for application shutdown.
INFO:     Application shutdown complete.
INFO:     Started server process [64424]
INFO:     Waiting for application startup.
INFO:     Application startup complete.
ERROR:    [Errno 48] error while attempting to bind on address ('127.0.0.1', 8088): address already in use
INFO:     Waiting for application shutdown.
INFO:     Application shutdown complete.
INFO:     Started server process [64431]
INFO:     Waiting for application startup.
INFO:     Application startup complete.
ERROR:    [Errno 48] error while attempting to bind on address ('127.0.0.1', 8088): address already in use
INFO:     Waiting for application shutdown.
INFO:     Application shutdown complete.
INFO:     Started server process [64439]
INFO:     Waiting for application startup.
INFO:     Application startup complete.
ERROR:    [Errno 48] error while attempting to bind on address ('127.0.0.1', 8088): address already in use
INFO:     Waiting for application shutdown.
INFO:     Application shutdown complete.
INFO:     Started server process [64446]
INFO:     Waiting for application startup.
INFO:     Application startup complete.
ERROR:    [Errno 48] error while attempting to bind on address ('127.0.0.1', 8088): address already in use
INFO:     Waiting for application shutdown.
INFO:     Application shutdown complete.
INFO:     Started server process [64462]
INFO:     Waiting for application startup.
INFO:     Application startup complete.
ERROR:    [Errno 48] error while attempting to bind on address ('127.0.0.1', 8088): address already in use
INFO:     Waiting for application shutdown.
INFO:     Application shutdown complete.
INFO:     Started server process [64477]
INFO:     Waiting for application startup.
INFO:     Application startup complete.
ERROR:    [Errno 48] error while attempting to bind on address ('127.0.0.1', 8088): address already in use
INFO:     Waiting for application shutdown.
INFO:     Application shutdown complete.
INFO:     Started server process [64486]
INFO:     Waiting for application startup.
INFO:     Application startup complete.
ERROR:    [Errno 48] error while attempting to bind on address ('127.0.0.1', 8088): address already in use
INFO:     Waiting for application shutdown.
INFO:     Application shutdown complete.
INFO:     Started server process [64497]
INFO:     Waiting for application startup.
INFO:     Application startup complete.
ERROR:    [Errno 48] error while attempting to bind on address ('127.0.0.1', 8088): address already in use
INFO:     Waiting for application shutdown.
INFO:     Application shutdown complete.
INFO:     Started server process [64507]
INFO:     Waiting for application startup.
INFO:     Application startup complete.
ERROR:    [Errno 48] error while attempting to bind on address ('127.0.0.1', 8088): address already in use
INFO:     Waiting for application shutdown.
INFO:     Application shutdown complete.
INFO:     Started server process [64517]
INFO:     Waiting for application startup.
INFO:     Application startup complete.
ERROR:    [Errno 48] error while attempting to bind on address ('127.0.0.1', 8088): address already in use
INFO:     Waiting for application shutdown.
INFO:     Application shutdown complete.
INFO:     Started server process [64527]
INFO:     Waiting for application startup.
INFO:     Application startup complete.
ERROR:    [Errno 48] error while attempting to bind on address ('127.0.0.1', 8088): address already in use
INFO:     Waiting for application shutdown.
INFO:     Application shutdown complete.
INFO:     Started server process [64537]
INFO:     Waiting for application startup.
INFO:     Application startup complete.
ERROR:    [Errno 48] error while attempting to bind on address ('127.0.0.1', 8088): address already in use
INFO:     Waiting for application shutdown.
INFO:     Application shutdown complete.
INFO:     Started server process [64545]
INFO:     Waiting for application startup.
INFO:     Application startup complete.
ERROR:    [Errno 48] error while attempting to bind on address ('127.0.0.1', 8088): address already in use
INFO:     Waiting for application shutdown.
INFO:     Application shutdown complete.
INFO:     Started server process [64553]
INFO:     Waiting for application startup.
INFO:     Application startup complete.
ERROR:    [Errno 48] error while attempting to bind on address ('127.0.0.1', 8088): address already in use
INFO:     Waiting for application shutdown.
INFO:     Application shutdown complete.
INFO:     Started server process [64563]
INFO:     Waiting for application startup.
INFO:     Application startup complete.
ERROR:    [Errno 48] error while attempting to bind on address ('127.0.0.1', 8088): address already in use
INFO:     Waiting for application shutdown.
INFO:     Application shutdown complete.
INFO:     Started server process [64570]
INFO:     Waiting for application startup.
INFO:     Application startup complete.
ERROR:    [Errno 48] error while attempting to bind on address ('127.0.0.1', 8088): address already in use
INFO:     Waiting for application shutdown.
INFO:     Application shutdown complete.
INFO:     Started server process [64582]
INFO:     Waiting for application startup.
INFO:     Application startup complete.
ERROR:    [Errno 48] error while attempting to bind on address ('127.0.0.1', 8088): address already in use
INFO:     Waiting for application shutdown.
INFO:     Application shutdown complete.
INFO:     Started server process [64599]
INFO:     Waiting for application startup.
INFO:     Application startup complete.
ERROR:    [Errno 48] error while attempting to bind on address ('127.0.0.1', 8088): address already in use
INFO:     Waiting for application shutdown.
INFO:     Application shutdown complete.
INFO:     Started server process [64606]
INFO:     Waiting for application startup.
INFO:     Application startup complete.
ERROR:    [Errno 48] error while attempting to bind on address ('127.0.0.1', 8088): address already in use
INFO:     Waiting for application shutdown.
INFO:     Application shutdown complete.
INFO:     Started server process [64613]
INFO:     Waiting for application startup.
INFO:     Application startup complete.
ERROR:    [Errno 48] error while attempting to bind on address ('127.0.0.1', 8088): address already in use
INFO:     Waiting for application shutdown.
INFO:     Application shutdown complete.
INFO:     Started server process [64628]
INFO:     Waiting for application startup.
INFO:     Application startup complete.
ERROR:    [Errno 48] error while attempting to bind on address ('127.0.0.1', 8088): address already in use
INFO:     Waiting for application shutdown.
INFO:     Application shutdown complete.
INFO:     Started server process [64636]
INFO:     Waiting for application startup.
INFO:     Application startup complete.
ERROR:    [Errno 48] error while attempting to bind on address ('127.0.0.1', 8088): address already in use
INFO:     Waiting for application shutdown.
INFO:     Application shutdown complete.
INFO:     Started server process [64654]
INFO:     Waiting for application startup.
INFO:     Application startup complete.
ERROR:    [Errno 48] error while attempting to bind on address ('127.0.0.1', 8088): address already in use
INFO:     Waiting for application shutdown.
INFO:     Application shutdown complete.
INFO:     Started server process [64666]
INFO:     Waiting for application startup.
INFO:     Application startup complete.
ERROR:    [Errno 48] error while attempting to bind on address ('127.0.0.1', 8088): address already in use
INFO:     Waiting for application shutdown.
INFO:     Application shutdown complete.
INFO:     Started server process [64676]
INFO:     Waiting for application startup.
INFO:     Application startup complete.
ERROR:    [Errno 48] error while attempting to bind on address ('127.0.0.1', 8088): address already in use
INFO:     Waiting for application shutdown.
INFO:     Application shutdown complete.
INFO:     Started server process [64683]
INFO:     Waiting for application startup.
INFO:     Application startup complete.
ERROR:    [Errno 48] error while attempting to bind on address ('127.0.0.1', 8088): address already in use
INFO:     Waiting for application shutdown.
INFO:     Application shutdown complete.
INFO:     Started server process [64693]
INFO:     Waiting for application startup.
INFO:     Application startup complete.
ERROR:    [Errno 48] error while attempting to bind on address ('127.0.0.1', 8088): address already in use
INFO:     Waiting for application shutdown.
INFO:     Application shutdown complete.
INFO:     Started server process [64700]
INFO:     Waiting for application startup.
INFO:     Application startup complete.
ERROR:    [Errno 48] error while attempting to bind on address ('127.0.0.1', 8088): address already in use
INFO:     Waiting for application shutdown.
INFO:     Application shutdown complete.
INFO:     Started server process [64708]
INFO:     Waiting for application startup.
INFO:     Application startup complete.
ERROR:    [Errno 48] error while attempting to bind on address ('127.0.0.1', 8088): address already in use
INFO:     Waiting for application shutdown.
INFO:     Application shutdown complete.
INFO:     Started server process [64717]
INFO:     Waiting for application startup.
INFO:     Application startup complete.
ERROR:    [Errno 48] error while attempting to bind on address ('127.0.0.1', 8088): address already in use
INFO:     Waiting for application shutdown.
INFO:     Application shutdown complete.
INFO:     Started server process [64724]
INFO:     Waiting for application startup.
INFO:     Application startup complete.
ERROR:    [Errno 48] error while attempting to bind on address ('127.0.0.1', 8088): address already in use
INFO:     Waiting for application shutdown.
INFO:     Application shutdown complete.
INFO:     Started server process [64737]
INFO:     Waiting for application startup.
INFO:     Application startup complete.
ERROR:    [Errno 48] error while attempting to bind on address ('127.0.0.1', 8088): address already in use
INFO:     Waiting for application shutdown.
INFO:     Application shutdown complete.
INFO:     Started server process [64745]
INFO:     Waiting for application startup.
INFO:     Application startup complete.
ERROR:    [Errno 48] error while attempting to bind on address ('127.0.0.1', 8088): address already in use
INFO:     Waiting for application shutdown.
INFO:     Application shutdown complete.
INFO:     Started server process [64752]
INFO:     Waiting for application startup.
INFO:     Application startup complete.
ERROR:    [Errno 48] error while attempting to bind on address ('127.0.0.1', 8088): address already in use
INFO:     Waiting for application shutdown.
INFO:     Application shutdown complete.
INFO:     Started server process [64761]
INFO:     Waiting for application startup.
INFO:     Application startup complete.
ERROR:    [Errno 48] error while attempting to bind on address ('127.0.0.1', 8088): address already in use
INFO:     Waiting for application shutdown.
INFO:     Application shutdown complete.
INFO:     Started server process [64770]
INFO:     Waiting for application startup.
INFO:     Application startup complete.
ERROR:    [Errno 48] error while attempting to bind on address ('127.0.0.1', 8088): address already in use
INFO:     Waiting for application shutdown.
INFO:     Application shutdown complete.
INFO:     Started server process [64778]
INFO:     Waiting for application startup.
INFO:     Application startup complete.
ERROR:    [Errno 48] error while attempting to bind on address ('127.0.0.1', 8088): address already in use
INFO:     Waiting for application shutdown.
INFO:     Application shutdown complete.
INFO:     Started server process [64787]
INFO:     Waiting for application startup.
INFO:     Application startup complete.
ERROR:    [Errno 48] error while attempting to bind on address ('127.0.0.1', 8088): address already in use
INFO:     Waiting for application shutdown.
INFO:     Application shutdown complete.
INFO:     Started server process [64795]
INFO:     Waiting for application startup.
INFO:     Application startup complete.
ERROR:    [Errno 48] error while attempting to bind on address ('127.0.0.1', 8088): address already in use
INFO:     Waiting for application shutdown.
INFO:     Application shutdown complete.
INFO:     Started server process [64802]
INFO:     Waiting for application startup.
INFO:     Application startup complete.
ERROR:    [Errno 48] error while attempting to bind on address ('127.0.0.1', 8088): address already in use
INFO:     Waiting for application shutdown.
INFO:     Application shutdown complete.
INFO:     Started server process [64811]
INFO:     Waiting for application startup.
INFO:     Application startup complete.
ERROR:    [Errno 48] error while attempting to bind on address ('127.0.0.1', 8088): address already in use
INFO:     Waiting for application shutdown.
INFO:     Application shutdown complete.
INFO:     Started server process [64820]
INFO:     Waiting for application startup.
INFO:     Application startup complete.
ERROR:    [Errno 48] error while attempting to bind on address ('127.0.0.1', 8088): address already in use
INFO:     Waiting for application shutdown.
INFO:     Application shutdown complete.
INFO:     Started server process [64827]
INFO:     Waiting for application startup.
INFO:     Application startup complete.
ERROR:    [Errno 48] error while attempting to bind on address ('127.0.0.1', 8088): address already in use
INFO:     Waiting for application shutdown.
INFO:     Application shutdown complete.
INFO:     Started server process [64836]
INFO:     Waiting for application startup.
INFO:     Application startup complete.
ERROR:    [Errno 48] error while attempting to bind on address ('127.0.0.1', 8088): address already in use
INFO:     Waiting for application shutdown.
INFO:     Application shutdown complete.
INFO:     Started server process [64844]
INFO:     Waiting for application startup.
INFO:     Application startup complete.
ERROR:    [Errno 48] error while attempting to bind on address ('127.0.0.1', 8088): address already in use
INFO:     Waiting for application shutdown.
INFO:     Application shutdown complete.
INFO:     Started server process [64852]
INFO:     Waiting for application startup.
INFO:     Application startup complete.
ERROR:    [Errno 48] error while attempting to bind on address ('127.0.0.1', 8088): address already in use
INFO:     Waiting for application shutdown.
INFO:     Application shutdown complete.
INFO:     Started server process [64875]
INFO:     Waiting for application startup.
INFO:     Application startup complete.
ERROR:    [Errno 48] error while attempting to bind on address ('127.0.0.1', 8088): address already in use
INFO:     Waiting for application shutdown.
INFO:     Application shutdown complete.
INFO:     Started server process [64889]
INFO:     Waiting for application startup.
INFO:     Application startup complete.
ERROR:    [Errno 48] error while attempting to bind on address ('127.0.0.1', 8088): address already in use
INFO:     Waiting for application shutdown.
INFO:     Application shutdown complete.
INFO:     Started server process [64898]
INFO:     Waiting for application startup.
INFO:     Application startup complete.
ERROR:    [Errno 48] error while attempting to bind on address ('127.0.0.1', 8088): address already in use
INFO:     Waiting for application shutdown.
INFO:     Application shutdown complete.
INFO:     Started server process [64905]
INFO:     Waiting for application startup.
INFO:     Application startup complete.
ERROR:    [Errno 48] error while attempting to bind on address ('127.0.0.1', 8088): address already in use
INFO:     Waiting for application shutdown.
INFO:     Application shutdown complete.
INFO:     Started server process [64914]
INFO:     Waiting for application startup.
INFO:     Application startup complete.
ERROR:    [Errno 48] error while attempting to bind on address ('127.0.0.1', 8088): address already in use
INFO:     Waiting for application shutdown.
INFO:     Application shutdown complete.
INFO:     Started server process [64922]
INFO:     Waiting for application startup.
INFO:     Application startup complete.
ERROR:    [Errno 48] error while attempting to bind on address ('127.0.0.1', 8088): address already in use
INFO:     Waiting for application shutdown.
INFO:     Application shutdown complete.
INFO:     Started server process [64931]
INFO:     Waiting for application startup.
INFO:     Application startup complete.
ERROR:    [Errno 48] error while attempting to bind on address ('127.0.0.1', 8088): address already in use
INFO:     Waiting for application shutdown.
INFO:     Application shutdown complete.
INFO:     Started server process [64939]
INFO:     Waiting for application startup.
INFO:     Application startup complete.
ERROR:    [Errno 48] error while attempting to bind on address ('127.0.0.1', 8088): address already in use
INFO:     Waiting for application shutdown.
INFO:     Application shutdown complete.
INFO:     Started server process [64983]
INFO:     Waiting for application startup.
INFO:     Application startup complete.
ERROR:    [Errno 48] error while attempting to bind on address ('127.0.0.1', 8088): address already in use
INFO:     Waiting for application shutdown.
INFO:     Application shutdown complete.
INFO:     Started server process [64992]
INFO:     Waiting for application startup.
INFO:     Application startup complete.
ERROR:    [Errno 48] error while attempting to bind on address ('127.0.0.1', 8088): address already in use
INFO:     Waiting for application shutdown.
INFO:     Application shutdown complete.
INFO:     Started server process [65000]
INFO:     Waiting for application startup.
INFO:     Application startup complete.
ERROR:    [Errno 48] error while attempting to bind on address ('127.0.0.1', 8088): address already in use
INFO:     Waiting for application shutdown.
INFO:     Application shutdown complete.
INFO:     Started server process [65009]
INFO:     Waiting for application startup.
INFO:     Application startup complete.
ERROR:    [Errno 48] error while attempting to bind on address ('127.0.0.1', 8088): address already in use
INFO:     Waiting for application shutdown.
INFO:     Application shutdown complete.
INFO:     Started server process [65016]
INFO:     Waiting for application startup.
INFO:     Application startup complete.
ERROR:    [Errno 48] error while attempting to bind on address ('127.0.0.1', 8088): address already in use
INFO:     Waiting for application shutdown.
INFO:     Application shutdown complete.
INFO:     Started server process [65027]
INFO:     Waiting for application startup.
INFO:     Application startup complete.
ERROR:    [Errno 48] error while attempting to bind on address ('127.0.0.1', 8088): address already in use
INFO:     Waiting for application shutdown.
INFO:     Application shutdown complete.
INFO:     Started server process [65034]
INFO:     Waiting for application startup.
INFO:     Application startup complete.
ERROR:    [Errno 48] error while attempting to bind on address ('127.0.0.1', 8088): address already in use
INFO:     Waiting for application shutdown.
INFO:     Application shutdown complete.
INFO:     Started server process [65042]
INFO:     Waiting for application startup.
INFO:     Application startup complete.
ERROR:    [Errno 48] error while attempting to bind on address ('127.0.0.1', 8088): address already in use
INFO:     Waiting for application shutdown.
INFO:     Application shutdown complete.
INFO:     Started server process [65052]
INFO:     Waiting for application startup.
INFO:     Application startup complete.
ERROR:    [Errno 48] error while attempting to bind on address ('127.0.0.1', 8088): address already in use
INFO:     Waiting for application shutdown.
INFO:     Application shutdown complete.
INFO:     Started server process [65061]
INFO:     Waiting for application startup.
INFO:     Application startup complete.
ERROR:    [Errno 48] error while attempting to bind on address ('127.0.0.1', 8088): address already in use
INFO:     Waiting for application shutdown.
INFO:     Application shutdown complete.
INFO:     Started server process [65070]
INFO:     Waiting for application startup.
INFO:     Application startup complete.
ERROR:    [Errno 48] error while attempting to bind on address ('127.0.0.1', 8088): address already in use
INFO:     Waiting for application shutdown.
INFO:     Application shutdown complete.
INFO:     Started server process [65081]
INFO:     Waiting for application startup.
INFO:     Application startup complete.
ERROR:    [Errno 48] error while attempting to bind on address ('127.0.0.1', 8088): address already in use
INFO:     Waiting for application shutdown.
INFO:     Application shutdown complete.
INFO:     Started server process [65092]
INFO:     Waiting for application startup.
INFO:     Application startup complete.
ERROR:    [Errno 48] error while attempting to bind on address ('127.0.0.1', 8088): address already in use
INFO:     Waiting for application shutdown.
INFO:     Application shutdown complete.
INFO:     Started server process [65108]
INFO:     Waiting for application startup.
INFO:     Application startup complete.
ERROR:    [Errno 48] error while attempting to bind on address ('127.0.0.1', 8088): address already in use
INFO:     Waiting for application shutdown.
INFO:     Application shutdown complete.
INFO:     Started server process [65121]
INFO:     Waiting for application startup.
INFO:     Application startup complete.
ERROR:    [Errno 48] error while attempting to bind on address ('127.0.0.1', 8088): address already in use
INFO:     Waiting for application shutdown.
INFO:     Application shutdown complete.
INFO:     Started server process [65131]
INFO:     Waiting for application startup.
INFO:     Application startup complete.
ERROR:    [Errno 48] error while attempting to bind on address ('127.0.0.1', 8088): address already in use
INFO:     Waiting for application shutdown.
INFO:     Application shutdown complete.
INFO:     Started server process [65147]
INFO:     Waiting for application startup.
INFO:     Application startup complete.
ERROR:    [Errno 48] error while attempting to bind on address ('127.0.0.1', 8088): address already in use
INFO:     Waiting for application shutdown.
INFO:     Application shutdown complete.
INFO:     Started server process [65155]
INFO:     Waiting for application startup.
INFO:     Application startup complete.
ERROR:    [Errno 48] error while attempting to bind on address ('127.0.0.1', 8088): address already in use
INFO:     Waiting for application shutdown.
INFO:     Application shutdown complete.
INFO:     Started server process [65162]
INFO:     Waiting for application startup.
INFO:     Application startup complete.
ERROR:    [Errno 48] error while attempting to bind on address ('127.0.0.1', 8088): address already in use
INFO:     Waiting for application shutdown.
INFO:     Application shutdown complete.
INFO:     Started server process [65170]
INFO:     Waiting for application startup.
INFO:     Application startup complete.
ERROR:    [Errno 48] error while attempting to bind on address ('127.0.0.1', 8088): address already in use
INFO:     Waiting for application shutdown.
INFO:     Application shutdown complete.
INFO:     Started server process [65182]
INFO:     Waiting for application startup.
INFO:     Application startup complete.
ERROR:    [Errno 48] error while attempting to bind on address ('127.0.0.1', 8088): address already in use
INFO:     Waiting for application shutdown.
INFO:     Application shutdown complete.
INFO:     Started server process [65193]
INFO:     Waiting for application startup.
INFO:     Application startup complete.
ERROR:    [Errno 48] error while attempting to bind on address ('127.0.0.1', 8088): address already in use
INFO:     Waiting for application shutdown.
INFO:     Application shutdown complete.
INFO:     Started server process [65205]
INFO:     Waiting for application startup.
INFO:     Application startup complete.
ERROR:    [Errno 48] error while attempting to bind on address ('127.0.0.1', 8088): address already in use
INFO:     Waiting for application shutdown.
INFO:     Application shutdown complete.
INFO:     Started server process [65218]
INFO:     Waiting for application startup.
INFO:     Application startup complete.
ERROR:    [Errno 48] error while attempting to bind on address ('127.0.0.1', 8088): address already in use
INFO:     Waiting for application shutdown.
INFO:     Application shutdown complete.
INFO:     Started server process [65225]
INFO:     Waiting for application startup.
INFO:     Application startup complete.
ERROR:    [Errno 48] error while attempting to bind on address ('127.0.0.1', 8088): address already in use
INFO:     Waiting for application shutdown.
INFO:     Application shutdown complete.
INFO:     Started server process [65232]
INFO:     Waiting for application startup.
INFO:     Application startup complete.
ERROR:    [Errno 48] error while attempting to bind on address ('127.0.0.1', 8088): address already in use
INFO:     Waiting for application shutdown.
INFO:     Application shutdown complete.
INFO:     Started server process [65242]
INFO:     Waiting for application startup.
INFO:     Application startup complete.
ERROR:    [Errno 48] error while attempting to bind on address ('127.0.0.1', 8088): address already in use
INFO:     Waiting for application shutdown.
INFO:     Application shutdown complete.
INFO:     Started server process [65251]
INFO:     Waiting for application startup.
INFO:     Application startup complete.
ERROR:    [Errno 48] error while attempting to bind on address ('127.0.0.1', 8088): address already in use
INFO:     Waiting for application shutdown.
INFO:     Application shutdown complete.
INFO:     Started server process [65260]
INFO:     Waiting for application startup.
INFO:     Application startup complete.
ERROR:    [Errno 48] error while attempting to bind on address ('127.0.0.1', 8088): address already in use
INFO:     Waiting for application shutdown.
INFO:     Application shutdown complete.
INFO:     Started server process [65270]
INFO:     Waiting for application startup.
INFO:     Application startup complete.
ERROR:    [Errno 48] error while attempting to bind on address ('127.0.0.1', 8088): address already in use
INFO:     Waiting for application shutdown.
INFO:     Application shutdown complete.
INFO:     Started server process [65277]
INFO:     Waiting for application startup.
INFO:     Application startup complete.
ERROR:    [Errno 48] error while attempting to bind on address ('127.0.0.1', 8088): address already in use
INFO:     Waiting for application shutdown.
INFO:     Application shutdown complete.
INFO:     Started server process [65285]
INFO:     Waiting for application startup.
INFO:     Application startup complete.
ERROR:    [Errno 48] error while attempting to bind on address ('127.0.0.1', 8088): address already in use
INFO:     Waiting for application shutdown.
INFO:     Application shutdown complete.
INFO:     Started server process [65295]
INFO:     Waiting for application startup.
INFO:     Application startup complete.
ERROR:    [Errno 48] error while attempting to bind on address ('127.0.0.1', 8088): address already in use
INFO:     Waiting for application shutdown.
INFO:     Application shutdown complete.
INFO:     Started server process [65303]
INFO:     Waiting for application startup.
INFO:     Application startup complete.
ERROR:    [Errno 48] error while attempting to bind on address ('127.0.0.1', 8088): address already in use
INFO:     Waiting for application shutdown.
INFO:     Application shutdown complete.
INFO:     Started server process [65313]
INFO:     Waiting for application startup.
INFO:     Application startup complete.
ERROR:    [Errno 48] error while attempting to bind on address ('127.0.0.1', 8088): address already in use
INFO:     Waiting for application shutdown.
INFO:     Application shutdown complete.
INFO:     Started server process [65322]
INFO:     Waiting for application startup.
INFO:     Application startup complete.
ERROR:    [Errno 48] error while attempting to bind on address ('127.0.0.1', 8088): address already in use
INFO:     Waiting for application shutdown.
INFO:     Application shutdown complete.
INFO:     Started server process [65331]
INFO:     Waiting for application startup.
INFO:     Application startup complete.
ERROR:    [Errno 48] error while attempting to bind on address ('127.0.0.1', 8088): address already in use
INFO:     Waiting for application shutdown.
INFO:     Application shutdown complete.
INFO:     Started server process [65340]
INFO:     Waiting for application startup.
INFO:     Application startup complete.
ERROR:    [Errno 48] error while attempting to bind on address ('127.0.0.1', 8088): address already in use
INFO:     Waiting for application shutdown.
INFO:     Application shutdown complete.
INFO:     Started server process [65355]
INFO:     Waiting for application startup.
INFO:     Application startup complete.
ERROR:    [Errno 48] error while attempting to bind on address ('127.0.0.1', 8088): address already in use
INFO:     Waiting for application shutdown.
INFO:     Application shutdown complete.
INFO:     Started server process [65395]
INFO:     Waiting for application startup.
INFO:     Application startup complete.
ERROR:    [Errno 48] error while attempting to bind on address ('127.0.0.1', 8088): address already in use
INFO:     Waiting for application shutdown.
INFO:     Application shutdown complete.
INFO:     Started server process [65404]
INFO:     Waiting for application startup.
INFO:     Application startup complete.
ERROR:    [Errno 48] error while attempting to bind on address ('127.0.0.1', 8088): address already in use
INFO:     Waiting for application shutdown.
INFO:     Application shutdown complete.
INFO:     Started server process [65412]
INFO:     Waiting for application startup.
INFO:     Application startup complete.
ERROR:    [Errno 48] error while attempting to bind on address ('127.0.0.1', 8088): address already in use
INFO:     Waiting for application shutdown.
INFO:     Application shutdown complete.
INFO:     Started server process [65420]
INFO:     Waiting for application startup.
INFO:     Application startup complete.
ERROR:    [Errno 48] error while attempting to bind on address ('127.0.0.1', 8088): address already in use
INFO:     Waiting for application shutdown.
INFO:     Application shutdown complete.
INFO:     Started server process [65430]
INFO:     Waiting for application startup.
INFO:     Application startup complete.
ERROR:    [Errno 48] error while attempting to bind on address ('127.0.0.1', 8088): address already in use
INFO:     Waiting for application shutdown.
INFO:     Application shutdown complete.
INFO:     Started server process [65472]
INFO:     Waiting for application startup.
INFO:     Application startup complete.
ERROR:    [Errno 48] error while attempting to bind on address ('127.0.0.1', 8088): address already in use
INFO:     Waiting for application shutdown.
INFO:     Application shutdown complete.
INFO:     Started server process [65483]
INFO:     Waiting for application startup.
INFO:     Application startup complete.
ERROR:    [Errno 48] error while attempting to bind on address ('127.0.0.1', 8088): address already in use
INFO:     Waiting for application shutdown.
INFO:     Application shutdown complete.
INFO:     Started server process [65493]
INFO:     Waiting for application startup.
INFO:     Application startup complete.
ERROR:    [Errno 48] error while attempting to bind on address ('127.0.0.1', 8088): address already in use
INFO:     Waiting for application shutdown.
INFO:     Application shutdown complete.
INFO:     Started server process [65507]
INFO:     Waiting for application startup.
INFO:     Application startup complete.
ERROR:    [Errno 48] error while attempting to bind on address ('127.0.0.1', 8088): address already in use
INFO:     Waiting for application shutdown.
INFO:     Application shutdown complete.
INFO:     Started server process [65514]
INFO:     Waiting for application startup.
INFO:     Application startup complete.
ERROR:    [Errno 48] error while attempting to bind on address ('127.0.0.1', 8088): address already in use
INFO:     Waiting for application shutdown.
INFO:     Application shutdown complete.
INFO:     Started server process [65528]
INFO:     Waiting for application startup.
INFO:     Application startup complete.
ERROR:    [Errno 48] error while attempting to bind on address ('127.0.0.1', 8088): address already in use
INFO:     Waiting for application shutdown.
INFO:     Application shutdown complete.
INFO:     Started server process [65540]
INFO:     Waiting for application startup.
INFO:     Application startup complete.
ERROR:    [Errno 48] error while attempting to bind on address ('127.0.0.1', 8088): address already in use
INFO:     Waiting for application shutdown.
INFO:     Application shutdown complete.
INFO:     Started server process [65553]
INFO:     Waiting for application startup.
INFO:     Application startup complete.
ERROR:    [Errno 48] error while attempting to bind on address ('127.0.0.1', 8088): address already in use
INFO:     Waiting for application shutdown.
INFO:     Application shutdown complete.
INFO:     Started server process [65560]
INFO:     Waiting for application startup.
INFO:     Application startup complete.
ERROR:    [Errno 48] error while attempting to bind on address ('127.0.0.1', 8088): address already in use
INFO:     Waiting for application shutdown.
INFO:     Application shutdown complete.
INFO:     Started server process [65573]
INFO:     Waiting for application startup.
INFO:     Application startup complete.
ERROR:    [Errno 48] error while attempting to bind on address ('127.0.0.1', 8088): address already in use
INFO:     Waiting for application shutdown.
INFO:     Application shutdown complete.
INFO:     Started server process [65587]
INFO:     Waiting for application startup.
INFO:     Application startup complete.
ERROR:    [Errno 48] error while attempting to bind on address ('127.0.0.1', 8088): address already in use
INFO:     Waiting for application shutdown.
INFO:     Application shutdown complete.
INFO:     Started server process [65596]
INFO:     Waiting for application startup.
INFO:     Application startup complete.
ERROR:    [Errno 48] error while attempting to bind on address ('127.0.0.1', 8088): address already in use
INFO:     Waiting for application shutdown.
INFO:     Application shutdown complete.
INFO:     Started server process [65607]
INFO:     Waiting for application startup.
INFO:     Application startup complete.
ERROR:    [Errno 48] error while attempting to bind on address ('127.0.0.1', 8088): address already in use
INFO:     Waiting for application shutdown.
INFO:     Application shutdown complete.
INFO:     Started server process [65645]
INFO:     Waiting for application startup.
INFO:     Application startup complete.
ERROR:    [Errno 48] error while attempting to bind on address ('127.0.0.1', 8088): address already in use
INFO:     Waiting for application shutdown.
INFO:     Application shutdown complete.
INFO:     Started server process [65659]
INFO:     Waiting for application startup.
INFO:     Application startup complete.
ERROR:    [Errno 48] error while attempting to bind on address ('127.0.0.1', 8088): address already in use
INFO:     Waiting for application shutdown.
INFO:     Application shutdown complete.
INFO:     Started server process [65667]
INFO:     Waiting for application startup.
INFO:     Application startup complete.
ERROR:    [Errno 48] error while attempting to bind on address ('127.0.0.1', 8088): address already in use
INFO:     Waiting for application shutdown.
INFO:     Application shutdown complete.
INFO:     Started server process [65676]
INFO:     Waiting for application startup.
INFO:     Application startup complete.
ERROR:    [Errno 48] error while attempting to bind on address ('127.0.0.1', 8088): address already in use
INFO:     Waiting for application shutdown.
INFO:     Application shutdown complete.
INFO:     Started server process [65683]
INFO:     Waiting for application startup.
INFO:     Application startup complete.
ERROR:    [Errno 48] error while attempting to bind on address ('127.0.0.1', 8088): address already in use
INFO:     Waiting for application shutdown.
INFO:     Application shutdown complete.
INFO:     Started server process [65697]
INFO:     Waiting for application startup.
INFO:     Application startup complete.
ERROR:    [Errno 48] error while attempting to bind on address ('127.0.0.1', 8088): address already in use
INFO:     Waiting for application shutdown.
INFO:     Application shutdown complete.
INFO:     Started server process [65706]
INFO:     Waiting for application startup.
INFO:     Application startup complete.
ERROR:    [Errno 48] error while attempting to bind on address ('127.0.0.1', 8088): address already in use
INFO:     Waiting for application shutdown.
INFO:     Application shutdown complete.
INFO:     Started server process [65713]
INFO:     Waiting for application startup.
INFO:     Application startup complete.
ERROR:    [Errno 48] error while attempting to bind on address ('127.0.0.1', 8088): address already in use
INFO:     Waiting for application shutdown.
INFO:     Application shutdown complete.
INFO:     Started server process [65721]
INFO:     Waiting for application startup.
INFO:     Application startup complete.
ERROR:    [Errno 48] error while attempting to bind on address ('127.0.0.1', 8088): address already in use
INFO:     Waiting for application shutdown.
INFO:     Application shutdown complete.
INFO:     Started server process [65730]
INFO:     Waiting for application startup.
INFO:     Application startup complete.
ERROR:    [Errno 48] error while attempting to bind on address ('127.0.0.1', 8088): address already in use
INFO:     Waiting for application shutdown.
INFO:     Application shutdown complete.
INFO:     Started server process [65737]
INFO:     Waiting for application startup.
INFO:     Application startup complete.
ERROR:    [Errno 48] error while attempting to bind on address ('127.0.0.1', 8088): address already in use
INFO:     Waiting for application shutdown.
INFO:     Application shutdown complete.
INFO:     Started server process [65747]
INFO:     Waiting for application startup.
INFO:     Application startup complete.
ERROR:    [Errno 48] error while attempting to bind on address ('127.0.0.1', 8088): address already in use
INFO:     Waiting for application shutdown.
INFO:     Application shutdown complete.
INFO:     Started server process [65755]
INFO:     Waiting for application startup.
INFO:     Application startup complete.
ERROR:    [Errno 48] error while attempting to bind on address ('127.0.0.1', 8088): address already in use
INFO:     Waiting for application shutdown.
INFO:     Application shutdown complete.
INFO:     Started server process [65762]
INFO:     Waiting for application startup.
INFO:     Application startup complete.
ERROR:    [Errno 48] error while attempting to bind on address ('127.0.0.1', 8088): address already in use
INFO:     Waiting for application shutdown.
INFO:     Application shutdown complete.
INFO:     Started server process [65774]
INFO:     Waiting for application startup.
INFO:     Application startup complete.
ERROR:    [Errno 48] error while attempting to bind on address ('127.0.0.1', 8088): address already in use
INFO:     Waiting for application shutdown.
INFO:     Application shutdown complete.
INFO:     Started server process [65783]
INFO:     Waiting for application startup.
INFO:     Application startup complete.
ERROR:    [Errno 48] error while attempting to bind on address ('127.0.0.1', 8088): address already in use
INFO:     Waiting for application shutdown.
INFO:     Application shutdown complete.
INFO:     Started server process [65791]
INFO:     Waiting for application startup.
INFO:     Application startup complete.
ERROR:    [Errno 48] error while attempting to bind on address ('127.0.0.1', 8088): address already in use
INFO:     Waiting for application shutdown.
INFO:     Application shutdown complete.
INFO:     Started server process [65801]
INFO:     Waiting for application startup.
INFO:     Application startup complete.
ERROR:    [Errno 48] error while attempting to bind on address ('127.0.0.1', 8088): address already in use
INFO:     Waiting for application shutdown.
INFO:     Application shutdown complete.
INFO:     Started server process [65808]
INFO:     Waiting for application startup.
INFO:     Application startup complete.
ERROR:    [Errno 48] error while attempting to bind on address ('127.0.0.1', 8088): address already in use
INFO:     Waiting for application shutdown.
INFO:     Application shutdown complete.
INFO:     Started server process [65818]
INFO:     Waiting for application startup.
INFO:     Application startup complete.
ERROR:    [Errno 48] error while attempting to bind on address ('127.0.0.1', 8088): address already in use
INFO:     Waiting for application shutdown.
INFO:     Application shutdown complete.
INFO:     Started server process [65828]
INFO:     Waiting for application startup.
INFO:     Application startup complete.
ERROR:    [Errno 48] error while attempting to bind on address ('127.0.0.1', 8088): address already in use
INFO:     Waiting for application shutdown.
INFO:     Application shutdown complete.
INFO:     Started server process [65843]
INFO:     Waiting for application startup.
INFO:     Application startup complete.
ERROR:    [Errno 48] error while attempting to bind on address ('127.0.0.1', 8088): address already in use
INFO:     Waiting for application shutdown.
INFO:     Application shutdown complete.
INFO:     Started server process [65852]
INFO:     Waiting for application startup.
INFO:     Application startup complete.
ERROR:    [Errno 48] error while attempting to bind on address ('127.0.0.1', 8088): address already in use
INFO:     Waiting for application shutdown.
INFO:     Application shutdown complete.
INFO:     Started server process [65864]
INFO:     Waiting for application startup.
INFO:     Application startup complete.
ERROR:    [Errno 48] error while attempting to bind on address ('127.0.0.1', 8088): address already in use
INFO:     Waiting for application shutdown.
INFO:     Application shutdown complete.
INFO:     Started server process [65871]
INFO:     Waiting for application startup.
INFO:     Application startup complete.
ERROR:    [Errno 48] error while attempting to bind on address ('127.0.0.1', 8088): address already in use
INFO:     Waiting for application shutdown.
INFO:     Application shutdown complete.
INFO:     Started server process [65878]
INFO:     Waiting for application startup.
INFO:     Application startup complete.
ERROR:    [Errno 48] error while attempting to bind on address ('127.0.0.1', 8088): address already in use
INFO:     Waiting for application shutdown.
INFO:     Application shutdown complete.
INFO:     Started server process [65890]
INFO:     Waiting for application startup.
INFO:     Application startup complete.
ERROR:    [Errno 48] error while attempting to bind on address ('127.0.0.1', 8088): address already in use
INFO:     Waiting for application shutdown.
INFO:     Application shutdown complete.
INFO:     Started server process [65897]
INFO:     Waiting for application startup.
INFO:     Application startup complete.
ERROR:    [Errno 48] error while attempting to bind on address ('127.0.0.1', 8088): address already in use
INFO:     Waiting for application shutdown.
INFO:     Application shutdown complete.
INFO:     Started server process [65905]
INFO:     Waiting for application startup.
INFO:     Application startup complete.
ERROR:    [Errno 48] error while attempting to bind on address ('127.0.0.1', 8088): address already in use
INFO:     Waiting for application shutdown.
INFO:     Application shutdown complete.
INFO:     Started server process [65916]
INFO:     Waiting for application startup.
INFO:     Application startup complete.
ERROR:    [Errno 48] error while attempting to bind on address ('127.0.0.1', 8088): address already in use
INFO:     Waiting for application shutdown.
INFO:     Application shutdown complete.
INFO:     Started server process [65923]
INFO:     Waiting for application startup.
INFO:     Application startup complete.
ERROR:    [Errno 48] error while attempting to bind on address ('127.0.0.1', 8088): address already in use
INFO:     Waiting for application shutdown.
INFO:     Application shutdown complete.
INFO:     Started server process [65930]
INFO:     Waiting for application startup.
INFO:     Application startup complete.
ERROR:    [Errno 48] error while attempting to bind on address ('127.0.0.1', 8088): address already in use
INFO:     Waiting for application shutdown.
INFO:     Application shutdown complete.
INFO:     Started server process [65940]
INFO:     Waiting for application startup.
INFO:     Application startup complete.
ERROR:    [Errno 48] error while attempting to bind on address ('127.0.0.1', 8088): address already in use
INFO:     Waiting for application shutdown.
INFO:     Application shutdown complete.
INFO:     Started server process [65947]
INFO:     Waiting for application startup.
INFO:     Application startup complete.
ERROR:    [Errno 48] error while attempting to bind on address ('127.0.0.1', 8088): address already in use
INFO:     Waiting for application shutdown.
INFO:     Application shutdown complete.
INFO:     Started server process [65954]
INFO:     Waiting for application startup.
INFO:     Application startup complete.
ERROR:    [Errno 48] error while attempting to bind on address ('127.0.0.1', 8088): address already in use
INFO:     Waiting for application shutdown.
INFO:     Application shutdown complete.
INFO:     Started server process [65965]
INFO:     Waiting for application startup.
INFO:     Application startup complete.
ERROR:    [Errno 48] error while attempting to bind on address ('127.0.0.1', 8088): address already in use
INFO:     Waiting for application shutdown.
INFO:     Application shutdown complete.
INFO:     Started server process [65972]
INFO:     Waiting for application startup.
INFO:     Application startup complete.
ERROR:    [Errno 48] error while attempting to bind on address ('127.0.0.1', 8088): address already in use
INFO:     Waiting for application shutdown.
INFO:     Application shutdown complete.
INFO:     Started server process [65981]
INFO:     Waiting for application startup.
INFO:     Application startup complete.
ERROR:    [Errno 48] error while attempting to bind on address ('127.0.0.1', 8088): address already in use
INFO:     Waiting for application shutdown.
INFO:     Application shutdown complete.
INFO:     Started server process [65990]
INFO:     Waiting for application startup.
INFO:     Application startup complete.
ERROR:    [Errno 48] error while attempting to bind on address ('127.0.0.1', 8088): address already in use
INFO:     Waiting for application shutdown.
INFO:     Application shutdown complete.
INFO:     Started server process [66017]
INFO:     Waiting for application startup.
INFO:     Application startup complete.
ERROR:    [Errno 48] error while attempting to bind on address ('127.0.0.1', 8088): address already in use
INFO:     Waiting for application shutdown.
INFO:     Application shutdown complete.
INFO:     Started server process [66044]
INFO:     Waiting for application startup.
INFO:     Application startup complete.
ERROR:    [Errno 48] error while attempting to bind on address ('127.0.0.1', 8088): address already in use
INFO:     Waiting for application shutdown.
INFO:     Application shutdown complete.
INFO:     Started server process [66056]
INFO:     Waiting for application startup.
INFO:     Application startup complete.
ERROR:    [Errno 48] error while attempting to bind on address ('127.0.0.1', 8088): address already in use
INFO:     Waiting for application shutdown.
INFO:     Application shutdown complete.
INFO:     Started server process [66063]
INFO:     Waiting for application startup.
INFO:     Application startup complete.
ERROR:    [Errno 48] error while attempting to bind on address ('127.0.0.1', 8088): address already in use
INFO:     Waiting for application shutdown.
INFO:     Application shutdown complete.
INFO:     Started server process [66072]
INFO:     Waiting for application startup.
INFO:     Application startup complete.
ERROR:    [Errno 48] error while attempting to bind on address ('127.0.0.1', 8088): address already in use
INFO:     Waiting for application shutdown.
INFO:     Application shutdown complete.
INFO:     Started server process [66080]
INFO:     Waiting for application startup.
INFO:     Application startup complete.
ERROR:    [Errno 48] error while attempting to bind on address ('127.0.0.1', 8088): address already in use
INFO:     Waiting for application shutdown.
INFO:     Application shutdown complete.
INFO:     Started server process [66087]
INFO:     Waiting for application startup.
INFO:     Application startup complete.
ERROR:    [Errno 48] error while attempting to bind on address ('127.0.0.1', 8088): address already in use
INFO:     Waiting for application shutdown.
INFO:     Application shutdown complete.
INFO:     Started server process [66095]
INFO:     Waiting for application startup.
INFO:     Application startup complete.
ERROR:    [Errno 48] error while attempting to bind on address ('127.0.0.1', 8088): address already in use
INFO:     Waiting for application shutdown.
INFO:     Application shutdown complete.
INFO:     Started server process [66105]
INFO:     Waiting for application startup.
INFO:     Application startup complete.
ERROR:    [Errno 48] error while attempting to bind on address ('127.0.0.1', 8088): address already in use
INFO:     Waiting for application shutdown.
INFO:     Application shutdown complete.
INFO:     Started server process [66114]
INFO:     Waiting for application startup.
INFO:     Application startup complete.
ERROR:    [Errno 48] error while attempting to bind on address ('127.0.0.1', 8088): address already in use
INFO:     Waiting for application shutdown.
INFO:     Application shutdown complete.
INFO:     Started server process [66126]
INFO:     Waiting for application startup.
INFO:     Application startup complete.
ERROR:    [Errno 48] error while attempting to bind on address ('127.0.0.1', 8088): address already in use
INFO:     Waiting for application shutdown.
INFO:     Application shutdown complete.
INFO:     Started server process [66134]
INFO:     Waiting for application startup.
INFO:     Application startup complete.
ERROR:    [Errno 48] error while attempting to bind on address ('127.0.0.1', 8088): address already in use
INFO:     Waiting for application shutdown.
INFO:     Application shutdown complete.
INFO:     Started server process [66145]
INFO:     Waiting for application startup.
INFO:     Application startup complete.
ERROR:    [Errno 48] error while attempting to bind on address ('127.0.0.1', 8088): address already in use
INFO:     Waiting for application shutdown.
INFO:     Application shutdown complete.
INFO:     Started server process [66156]
INFO:     Waiting for application startup.
INFO:     Application startup complete.
ERROR:    [Errno 48] error while attempting to bind on address ('127.0.0.1', 8088): address already in use
INFO:     Waiting for application shutdown.
INFO:     Application shutdown complete.
INFO:     Started server process [66164]
INFO:     Waiting for application startup.
INFO:     Application startup complete.
ERROR:    [Errno 48] error while attempting to bind on address ('127.0.0.1', 8088): address already in use
INFO:     Waiting for application shutdown.
INFO:     Application shutdown complete.
INFO:     Started server process [66172]
INFO:     Waiting for application startup.
INFO:     Application startup complete.
ERROR:    [Errno 48] error while attempting to bind on address ('127.0.0.1', 8088): address already in use
INFO:     Waiting for application shutdown.
INFO:     Application shutdown complete.
INFO:     Started server process [66180]
INFO:     Waiting for application startup.
INFO:     Application startup complete.
ERROR:    [Errno 48] error while attempting to bind on address ('127.0.0.1', 8088): address already in use
INFO:     Waiting for application shutdown.
INFO:     Application shutdown complete.
INFO:     Started server process [66189]
INFO:     Waiting for application startup.
INFO:     Application startup complete.
ERROR:    [Errno 48] error while attempting to bind on address ('127.0.0.1', 8088): address already in use
INFO:     Waiting for application shutdown.
INFO:     Application shutdown complete.
INFO:     Started server process [66206]
INFO:     Waiting for application startup.
INFO:     Application startup complete.
ERROR:    [Errno 48] error while attempting to bind on address ('127.0.0.1', 8088): address already in use
INFO:     Waiting for application shutdown.
INFO:     Application shutdown complete.
INFO:     Started server process [66217]
INFO:     Waiting for application startup.
INFO:     Application startup complete.
ERROR:    [Errno 48] error while attempting to bind on address ('127.0.0.1', 8088): address already in use
INFO:     Waiting for application shutdown.
INFO:     Application shutdown complete.
INFO:     Started server process [66225]
INFO:     Waiting for application startup.
INFO:     Application startup complete.
ERROR:    [Errno 48] error while attempting to bind on address ('127.0.0.1', 8088): address already in use
INFO:     Waiting for application shutdown.
INFO:     Application shutdown complete.
INFO:     Started server process [66233]
INFO:     Waiting for application startup.
INFO:     Application startup complete.
ERROR:    [Errno 48] error while attempting to bind on address ('127.0.0.1', 8088): address already in use
INFO:     Waiting for application shutdown.
INFO:     Application shutdown complete.
INFO:     Started server process [66241]
INFO:     Waiting for application startup.
INFO:     Application startup complete.
ERROR:    [Errno 48] error while attempting to bind on address ('127.0.0.1', 8088): address already in use
INFO:     Waiting for application shutdown.
INFO:     Application shutdown complete.
INFO:     Started server process [66249]
INFO:     Waiting for application startup.
INFO:     Application startup complete.
ERROR:    [Errno 48] error while attempting to bind on address ('127.0.0.1', 8088): address already in use
INFO:     Waiting for application shutdown.
INFO:     Application shutdown complete.
INFO:     Started server process [66259]
INFO:     Waiting for application startup.
INFO:     Application startup complete.
ERROR:    [Errno 48] error while attempting to bind on address ('127.0.0.1', 8088): address already in use
INFO:     Waiting for application shutdown.
INFO:     Application shutdown complete.
INFO:     Started server process [66268]
INFO:     Waiting for application startup.
INFO:     Application startup complete.
ERROR:    [Errno 48] error while attempting to bind on address ('127.0.0.1', 8088): address already in use
INFO:     Waiting for application shutdown.
INFO:     Application shutdown complete.
INFO:     Started server process [66278]
INFO:     Waiting for application startup.
INFO:     Application startup complete.
ERROR:    [Errno 48] error while attempting to bind on address ('127.0.0.1', 8088): address already in use
INFO:     Waiting for application shutdown.
INFO:     Application shutdown complete.
INFO:     Started server process [66317]
INFO:     Waiting for application startup.
INFO:     Application startup complete.
ERROR:    [Errno 48] error while attempting to bind on address ('127.0.0.1', 8088): address already in use
INFO:     Waiting for application shutdown.
INFO:     Application shutdown complete.
INFO:     Started server process [66332]
INFO:     Waiting for application startup.
INFO:     Application startup complete.
ERROR:    [Errno 48] error while attempting to bind on address ('127.0.0.1', 8088): address already in use
INFO:     Waiting for application shutdown.
INFO:     Application shutdown complete.
INFO:     Started server process [66340]
INFO:     Waiting for application startup.
INFO:     Application startup complete.
ERROR:    [Errno 48] error while attempting to bind on address ('127.0.0.1', 8088): address already in use
INFO:     Waiting for application shutdown.
INFO:     Application shutdown complete.
INFO:     Started server process [66351]
INFO:     Waiting for application startup.
INFO:     Application startup complete.
ERROR:    [Errno 48] error while attempting to bind on address ('127.0.0.1', 8088): address already in use
INFO:     Waiting for application shutdown.
INFO:     Application shutdown complete.
INFO:     Started server process [66358]
INFO:     Waiting for application startup.
INFO:     Application startup complete.
ERROR:    [Errno 48] error while attempting to bind on address ('127.0.0.1', 8088): address already in use
INFO:     Waiting for application shutdown.
INFO:     Application shutdown complete.
INFO:     Started server process [66370]
INFO:     Waiting for application startup.
INFO:     Application startup complete.
ERROR:    [Errno 48] error while attempting to bind on address ('127.0.0.1', 8088): address already in use
INFO:     Waiting for application shutdown.
INFO:     Application shutdown complete.
INFO:     Started server process [66378]
INFO:     Waiting for application startup.
INFO:     Application startup complete.
ERROR:    [Errno 48] error while attempting to bind on address ('127.0.0.1', 8088): address already in use
INFO:     Waiting for application shutdown.
INFO:     Application shutdown complete.
INFO:     Started server process [66386]
INFO:     Waiting for application startup.
INFO:     Application startup complete.
ERROR:    [Errno 48] error while attempting to bind on address ('127.0.0.1', 8088): address already in use
INFO:     Waiting for application shutdown.
INFO:     Application shutdown complete.
INFO:     Started server process [66398]
INFO:     Waiting for application startup.
INFO:     Application startup complete.
ERROR:    [Errno 48] error while attempting to bind on address ('127.0.0.1', 8088): address already in use
INFO:     Waiting for application shutdown.
INFO:     Application shutdown complete.
INFO:     Started server process [66407]
INFO:     Waiting for application startup.
INFO:     Application startup complete.
ERROR:    [Errno 48] error while attempting to bind on address ('127.0.0.1', 8088): address already in use
INFO:     Waiting for application shutdown.
INFO:     Application shutdown complete.
INFO:     Started server process [66415]
INFO:     Waiting for application startup.
INFO:     Application startup complete.
ERROR:    [Errno 48] error while attempting to bind on address ('127.0.0.1', 8088): address already in use
INFO:     Waiting for application shutdown.
INFO:     Application shutdown complete.
INFO:     Started server process [66434]
INFO:     Waiting for application startup.
INFO:     Application startup complete.
ERROR:    [Errno 48] error while attempting to bind on address ('127.0.0.1', 8088): address already in use
INFO:     Waiting for application shutdown.
INFO:     Application shutdown complete.
INFO:     Started server process [66447]
INFO:     Waiting for application startup.
INFO:     Application startup complete.
ERROR:    [Errno 48] error while attempting to bind on address ('127.0.0.1', 8088): address already in use
INFO:     Waiting for application shutdown.
INFO:     Application shutdown complete.
INFO:     Started server process [66458]
INFO:     Waiting for application startup.
INFO:     Application startup complete.
ERROR:    [Errno 48] error while attempting to bind on address ('127.0.0.1', 8088): address already in use
INFO:     Waiting for application shutdown.
INFO:     Application shutdown complete.
INFO:     Started server process [66466]
INFO:     Waiting for application startup.
INFO:     Application startup complete.
ERROR:    [Errno 48] error while attempting to bind on address ('127.0.0.1', 8088): address already in use
INFO:     Waiting for application shutdown.
INFO:     Application shutdown complete.
INFO:     Started server process [66473]
INFO:     Waiting for application startup.
INFO:     Application startup complete.
ERROR:    [Errno 48] error while attempting to bind on address ('127.0.0.1', 8088): address already in use
INFO:     Waiting for application shutdown.
INFO:     Application shutdown complete.
INFO:     Started server process [66481]
INFO:     Waiting for application startup.
INFO:     Application startup complete.
ERROR:    [Errno 48] error while attempting to bind on address ('127.0.0.1', 8088): address already in use
INFO:     Waiting for application shutdown.
INFO:     Application shutdown complete.
INFO:     Started server process [66491]
INFO:     Waiting for application startup.
INFO:     Application startup complete.
ERROR:    [Errno 48] error while attempting to bind on address ('127.0.0.1', 8088): address already in use
INFO:     Waiting for application shutdown.
INFO:     Application shutdown complete.
INFO:     Started server process [66504]
INFO:     Waiting for application startup.
INFO:     Application startup complete.
ERROR:    [Errno 48] error while attempting to bind on address ('127.0.0.1', 8088): address already in use
INFO:     Waiting for application shutdown.
INFO:     Application shutdown complete.
INFO:     Started server process [66511]
INFO:     Waiting for application startup.
INFO:     Application startup complete.
ERROR:    [Errno 48] error while attempting to bind on address ('127.0.0.1', 8088): address already in use
INFO:     Waiting for application shutdown.
INFO:     Application shutdown complete.
INFO:     Started server process [66518]
INFO:     Waiting for application startup.
INFO:     Application startup complete.
ERROR:    [Errno 48] error while attempting to bind on address ('127.0.0.1', 8088): address already in use
INFO:     Waiting for application shutdown.
INFO:     Application shutdown complete.
INFO:     Started server process [66531]
INFO:     Waiting for application startup.
INFO:     Application startup complete.
ERROR:    [Errno 48] error while attempting to bind on address ('127.0.0.1', 8088): address already in use
INFO:     Waiting for application shutdown.
INFO:     Application shutdown complete.
INFO:     Started server process [66539]
INFO:     Waiting for application startup.
INFO:     Application startup complete.
ERROR:    [Errno 48] error while attempting to bind on address ('127.0.0.1', 8088): address already in use
INFO:     Waiting for application shutdown.
INFO:     Application shutdown complete.
INFO:     Started server process [66550]
INFO:     Waiting for application startup.
INFO:     Application startup complete.
ERROR:    [Errno 48] error while attempting to bind on address ('127.0.0.1', 8088): address already in use
INFO:     Waiting for application shutdown.
INFO:     Application shutdown complete.
INFO:     Started server process [66557]
INFO:     Waiting for application startup.
INFO:     Application startup complete.
ERROR:    [Errno 48] error while attempting to bind on address ('127.0.0.1', 8088): address already in use
INFO:     Waiting for application shutdown.
INFO:     Application shutdown complete.
INFO:     Started server process [66565]
INFO:     Waiting for application startup.
INFO:     Application startup complete.
ERROR:    [Errno 48] error while attempting to bind on address ('127.0.0.1', 8088): address already in use
INFO:     Waiting for application shutdown.
INFO:     Application shutdown complete.
INFO:     Started server process [66576]
INFO:     Waiting for application startup.
INFO:     Application startup complete.
ERROR:    [Errno 48] error while attempting to bind on address ('127.0.0.1', 8088): address already in use
INFO:     Waiting for application shutdown.
INFO:     Application shutdown complete.
INFO:     Started server process [66584]
INFO:     Waiting for application startup.
INFO:     Application startup complete.
ERROR:    [Errno 48] error while attempting to bind on address ('127.0.0.1', 8088): address already in use
INFO:     Waiting for application shutdown.
INFO:     Application shutdown complete.
INFO:     Started server process [66602]
INFO:     Waiting for application startup.
INFO:     Application startup complete.
ERROR:    [Errno 48] error while attempting to bind on address ('127.0.0.1', 8088): address already in use
INFO:     Waiting for application shutdown.
INFO:     Application shutdown complete.
INFO:     Started server process [66611]
INFO:     Waiting for application startup.
INFO:     Application startup complete.
ERROR:    [Errno 48] error while attempting to bind on address ('127.0.0.1', 8088): address already in use
INFO:     Waiting for application shutdown.
INFO:     Application shutdown complete.
INFO:     Started server process [66626]
INFO:     Waiting for application startup.
INFO:     Application startup complete.
ERROR:    [Errno 48] error while attempting to bind on address ('127.0.0.1', 8088): address already in use
INFO:     Waiting for application shutdown.
INFO:     Application shutdown complete.
INFO:     Started server process [66635]
INFO:     Waiting for application startup.
INFO:     Application startup complete.
ERROR:    [Errno 48] error while attempting to bind on address ('127.0.0.1', 8088): address already in use
INFO:     Waiting for application shutdown.
INFO:     Application shutdown complete.
INFO:     Started server process [66645]
INFO:     Waiting for application startup.
INFO:     Application startup complete.
ERROR:    [Errno 48] error while attempting to bind on address ('127.0.0.1', 8088): address already in use
INFO:     Waiting for application shutdown.
INFO:     Application shutdown complete.
INFO:     Started server process [66653]
INFO:     Waiting for application startup.
INFO:     Application startup complete.
ERROR:    [Errno 48] error while attempting to bind on address ('127.0.0.1', 8088): address already in use
INFO:     Waiting for application shutdown.
INFO:     Application shutdown complete.
INFO:     Started server process [66664]
INFO:     Waiting for application startup.
INFO:     Application startup complete.
ERROR:    [Errno 48] error while attempting to bind on address ('127.0.0.1', 8088): address already in use
INFO:     Waiting for application shutdown.
INFO:     Application shutdown complete.
INFO:     Started server process [66673]
INFO:     Waiting for application startup.
INFO:     Application startup complete.
ERROR:    [Errno 48] error while attempting to bind on address ('127.0.0.1', 8088): address already in use
INFO:     Waiting for application shutdown.
INFO:     Application shutdown complete.
INFO:     Started server process [66680]
INFO:     Waiting for application startup.
INFO:     Application startup complete.
ERROR:    [Errno 48] error while attempting to bind on address ('127.0.0.1', 8088): address already in use
INFO:     Waiting for application shutdown.
INFO:     Application shutdown complete.
INFO:     Started server process [66690]
INFO:     Waiting for application startup.
INFO:     Application startup complete.
ERROR:    [Errno 48] error while attempting to bind on address ('127.0.0.1', 8088): address already in use
INFO:     Waiting for application shutdown.
INFO:     Application shutdown complete.
INFO:     Started server process [66698]
INFO:     Waiting for application startup.
INFO:     Application startup complete.
ERROR:    [Errno 48] error while attempting to bind on address ('127.0.0.1', 8088): address already in use
INFO:     Waiting for application shutdown.
INFO:     Application shutdown complete.
INFO:     Started server process [66706]
INFO:     Waiting for application startup.
INFO:     Application startup complete.
ERROR:    [Errno 48] error while attempting to bind on address ('127.0.0.1', 8088): address already in use
INFO:     Waiting for application shutdown.
INFO:     Application shutdown complete.
INFO:     Started server process [66720]
INFO:     Waiting for application startup.
INFO:     Application startup complete.
ERROR:    [Errno 48] error while attempting to bind on address ('127.0.0.1', 8088): address already in use
INFO:     Waiting for application shutdown.
INFO:     Application shutdown complete.
INFO:     Started server process [66728]
INFO:     Waiting for application startup.
INFO:     Application startup complete.
ERROR:    [Errno 48] error while attempting to bind on address ('127.0.0.1', 8088): address already in use
INFO:     Waiting for application shutdown.
INFO:     Application shutdown complete.
INFO:     Started server process [66738]
INFO:     Waiting for application startup.
INFO:     Application startup complete.
ERROR:    [Errno 48] error while attempting to bind on address ('127.0.0.1', 8088): address already in use
INFO:     Waiting for application shutdown.
INFO:     Application shutdown complete.
INFO:     Started server process [66747]
INFO:     Waiting for application startup.
INFO:     Application startup complete.
ERROR:    [Errno 48] error while attempting to bind on address ('127.0.0.1', 8088): address already in use
INFO:     Waiting for application shutdown.
INFO:     Application shutdown complete.
INFO:     Started server process [66756]
INFO:     Waiting for application startup.
INFO:     Application startup complete.
ERROR:    [Errno 48] error while attempting to bind on address ('127.0.0.1', 8088): address already in use
INFO:     Waiting for application shutdown.
INFO:     Application shutdown complete.
INFO:     Started server process [66765]
INFO:     Waiting for application startup.
INFO:     Application startup complete.
ERROR:    [Errno 48] error while attempting to bind on address ('127.0.0.1', 8088): address already in use
INFO:     Waiting for application shutdown.
INFO:     Application shutdown complete.
INFO:     Started server process [66772]
INFO:     Waiting for application startup.
INFO:     Application startup complete.
ERROR:    [Errno 48] error while attempting to bind on address ('127.0.0.1', 8088): address already in use
INFO:     Waiting for application shutdown.
INFO:     Application shutdown complete.
INFO:     Started server process [66780]
INFO:     Waiting for application startup.
INFO:     Application startup complete.
ERROR:    [Errno 48] error while attempting to bind on address ('127.0.0.1', 8088): address already in use
INFO:     Waiting for application shutdown.
INFO:     Application shutdown complete.
INFO:     Started server process [66799]
INFO:     Waiting for application startup.
INFO:     Application startup complete.
ERROR:    [Errno 48] error while attempting to bind on address ('127.0.0.1', 8088): address already in use
INFO:     Waiting for application shutdown.
INFO:     Application shutdown complete.
INFO:     Started server process [66821]
INFO:     Waiting for application startup.
INFO:     Application startup complete.
ERROR:    [Errno 48] error while attempting to bind on address ('127.0.0.1', 8088): address already in use
INFO:     Waiting for application shutdown.
INFO:     Application shutdown complete.
INFO:     Started server process [66848]
INFO:     Waiting for application startup.
INFO:     Application startup complete.
ERROR:    [Errno 48] error while attempting to bind on address ('127.0.0.1', 8088): address already in use
INFO:     Waiting for application shutdown.
INFO:     Application shutdown complete.
INFO:     Started server process [66859]
INFO:     Waiting for application startup.
INFO:     Application startup complete.
ERROR:    [Errno 48] error while attempting to bind on address ('127.0.0.1', 8088): address already in use
INFO:     Waiting for application shutdown.
INFO:     Application shutdown complete.
INFO:     Started server process [66868]
INFO:     Waiting for application startup.
INFO:     Application startup complete.
ERROR:    [Errno 48] error while attempting to bind on address ('127.0.0.1', 8088): address already in use
INFO:     Waiting for application shutdown.
INFO:     Application shutdown complete.
INFO:     Started server process [66876]
INFO:     Waiting for application startup.
INFO:     Application startup complete.
ERROR:    [Errno 48] error while attempting to bind on address ('127.0.0.1', 8088): address already in use
INFO:     Waiting for application shutdown.
INFO:     Application shutdown complete.
INFO:     Started server process [66892]
INFO:     Waiting for application startup.
INFO:     Application startup complete.
ERROR:    [Errno 48] error while attempting to bind on address ('127.0.0.1', 8088): address already in use
INFO:     Waiting for application shutdown.
INFO:     Application shutdown complete.
INFO:     Started server process [66912]
INFO:     Waiting for application startup.
INFO:     Application startup complete.
ERROR:    [Errno 48] error while attempting to bind on address ('127.0.0.1', 8088): address already in use
INFO:     Waiting for application shutdown.
INFO:     Application shutdown complete.
INFO:     Started server process [66930]
INFO:     Waiting for application startup.
INFO:     Application startup complete.
ERROR:    [Errno 48] error while attempting to bind on address ('127.0.0.1', 8088): address already in use
INFO:     Waiting for application shutdown.
INFO:     Application shutdown complete.
INFO:     Started server process [66939]
INFO:     Waiting for application startup.
INFO:     Application startup complete.
ERROR:    [Errno 48] error while attempting to bind on address ('127.0.0.1', 8088): address already in use
INFO:     Waiting for application shutdown.
INFO:     Application shutdown complete.
INFO:     Started server process [66979]
INFO:     Waiting for application startup.
INFO:     Application startup complete.
ERROR:    [Errno 48] error while attempting to bind on address ('127.0.0.1', 8088): address already in use
INFO:     Waiting for application shutdown.
INFO:     Application shutdown complete.
INFO:     Started server process [66990]
INFO:     Waiting for application startup.
INFO:     Application startup complete.
ERROR:    [Errno 48] error while attempting to bind on address ('127.0.0.1', 8088): address already in use
INFO:     Waiting for application shutdown.
INFO:     Application shutdown complete.
INFO:     Started server process [67006]
INFO:     Waiting for application startup.
INFO:     Application startup complete.
ERROR:    [Errno 48] error while attempting to bind on address ('127.0.0.1', 8088): address already in use
INFO:     Waiting for application shutdown.
INFO:     Application shutdown complete.
INFO:     Started server process [67025]
INFO:     Waiting for application startup.
INFO:     Application startup complete.
ERROR:    [Errno 48] error while attempting to bind on address ('127.0.0.1', 8088): address already in use
INFO:     Waiting for application shutdown.
INFO:     Application shutdown complete.
INFO:     Started server process [67046]
INFO:     Waiting for application startup.
INFO:     Application startup complete.
ERROR:    [Errno 48] error while attempting to bind on address ('127.0.0.1', 8088): address already in use
INFO:     Waiting for application shutdown.
INFO:     Application shutdown complete.
INFO:     Started server process [67065]
INFO:     Waiting for application startup.
INFO:     Application startup complete.
ERROR:    [Errno 48] error while attempting to bind on address ('127.0.0.1', 8088): address already in use
INFO:     Waiting for application shutdown.
INFO:     Application shutdown complete.
INFO:     Started server process [67080]
INFO:     Waiting for application startup.
INFO:     Application startup complete.
ERROR:    [Errno 48] error while attempting to bind on address ('127.0.0.1', 8088): address already in use
INFO:     Waiting for application shutdown.
INFO:     Application shutdown complete.
INFO:     Started server process [67092]
INFO:     Waiting for application startup.
INFO:     Application startup complete.
ERROR:    [Errno 48] error while attempting to bind on address ('127.0.0.1', 8088): address already in use
INFO:     Waiting for application shutdown.
INFO:     Application shutdown complete.
INFO:     Started server process [67102]
INFO:     Waiting for application startup.
INFO:     Application startup complete.
ERROR:    [Errno 48] error while attempting to bind on address ('127.0.0.1', 8088): address already in use
INFO:     Waiting for application shutdown.
INFO:     Application shutdown complete.
INFO:     Started server process [67122]
INFO:     Waiting for application startup.
INFO:     Application startup complete.
ERROR:    [Errno 48] error while attempting to bind on address ('127.0.0.1', 8088): address already in use
INFO:     Waiting for application shutdown.
INFO:     Application shutdown complete.
INFO:     Started server process [67138]
INFO:     Waiting for application startup.
INFO:     Application startup complete.
ERROR:    [Errno 48] error while attempting to bind on address ('127.0.0.1', 8088): address already in use
INFO:     Waiting for application shutdown.
INFO:     Application shutdown complete.
INFO:     Started server process [67150]
INFO:     Waiting for application startup.
INFO:     Application startup complete.
ERROR:    [Errno 48] error while attempting to bind on address ('127.0.0.1', 8088): address already in use
INFO:     Waiting for application shutdown.
INFO:     Application shutdown complete.
INFO:     Started server process [67163]
INFO:     Waiting for application startup.
INFO:     Application startup complete.
ERROR:    [Errno 48] error while attempting to bind on address ('127.0.0.1', 8088): address already in use
INFO:     Waiting for application shutdown.
INFO:     Application shutdown complete.
INFO:     Started server process [67179]
INFO:     Waiting for application startup.
INFO:     Application startup complete.
ERROR:    [Errno 48] error while attempting to bind on address ('127.0.0.1', 8088): address already in use
INFO:     Waiting for application shutdown.
INFO:     Application shutdown complete.
INFO:     Started server process [67186]
INFO:     Waiting for application startup.
INFO:     Application startup complete.
ERROR:    [Errno 48] error while attempting to bind on address ('127.0.0.1', 8088): address already in use
INFO:     Waiting for application shutdown.
INFO:     Application shutdown complete.
INFO:     Started server process [67199]
INFO:     Waiting for application startup.
INFO:     Application startup complete.
ERROR:    [Errno 48] error while attempting to bind on address ('127.0.0.1', 8088): address already in use
INFO:     Waiting for application shutdown.
INFO:     Application shutdown complete.
INFO:     Started server process [67212]
INFO:     Waiting for application startup.
INFO:     Application startup complete.
ERROR:    [Errno 48] error while attempting to bind on address ('127.0.0.1', 8088): address already in use
INFO:     Waiting for application shutdown.
INFO:     Application shutdown complete.
INFO:     Started server process [67228]
INFO:     Waiting for application startup.
INFO:     Application startup complete.
ERROR:    [Errno 48] error while attempting to bind on address ('127.0.0.1', 8088): address already in use
INFO:     Waiting for application shutdown.
INFO:     Application shutdown complete.
INFO:     Started server process [67241]
INFO:     Waiting for application startup.
INFO:     Application startup complete.
ERROR:    [Errno 48] error while attempting to bind on address ('127.0.0.1', 8088): address already in use
INFO:     Waiting for application shutdown.
INFO:     Application shutdown complete.
INFO:     Started server process [67252]
INFO:     Waiting for application startup.
INFO:     Application startup complete.
ERROR:    [Errno 48] error while attempting to bind on address ('127.0.0.1', 8088): address already in use
INFO:     Waiting for application shutdown.
INFO:     Application shutdown complete.
INFO:     Started server process [67266]
INFO:     Waiting for application startup.
INFO:     Application startup complete.
ERROR:    [Errno 48] error while attempting to bind on address ('127.0.0.1', 8088): address already in use
INFO:     Waiting for application shutdown.
INFO:     Application shutdown complete.
INFO:     Started server process [67281]
INFO:     Waiting for application startup.
INFO:     Application startup complete.
ERROR:    [Errno 48] error while attempting to bind on address ('127.0.0.1', 8088): address already in use
INFO:     Waiting for application shutdown.
INFO:     Application shutdown complete.
INFO:     Started server process [67295]
INFO:     Waiting for application startup.
INFO:     Application startup complete.
ERROR:    [Errno 48] error while attempting to bind on address ('127.0.0.1', 8088): address already in use
INFO:     Waiting for application shutdown.
INFO:     Application shutdown complete.
INFO:     Started server process [67312]
INFO:     Waiting for application startup.
INFO:     Application startup complete.
ERROR:    [Errno 48] error while attempting to bind on address ('127.0.0.1', 8088): address already in use
INFO:     Waiting for application shutdown.
INFO:     Application shutdown complete.
INFO:     Started server process [67324]
INFO:     Waiting for application startup.
INFO:     Application startup complete.
ERROR:    [Errno 48] error while attempting to bind on address ('127.0.0.1', 8088): address already in use
INFO:     Waiting for application shutdown.
INFO:     Application shutdown complete.
INFO:     Started server process [67335]
INFO:     Waiting for application startup.
INFO:     Application startup complete.
ERROR:    [Errno 48] error while attempting to bind on address ('127.0.0.1', 8088): address already in use
INFO:     Waiting for application shutdown.
INFO:     Application shutdown complete.
INFO:     Started server process [67349]
INFO:     Waiting for application startup.
INFO:     Application startup complete.
ERROR:    [Errno 48] error while attempting to bind on address ('127.0.0.1', 8088): address already in use
INFO:     Waiting for application shutdown.
INFO:     Application shutdown complete.
INFO:     Started server process [67371]
INFO:     Waiting for application startup.
INFO:     Application startup complete.
ERROR:    [Errno 48] error while attempting to bind on address ('127.0.0.1', 8088): address already in use
INFO:     Waiting for application shutdown.
INFO:     Application shutdown complete.
INFO:     Started server process [67386]
INFO:     Waiting for application startup.
INFO:     Application startup complete.
ERROR:    [Errno 48] error while attempting to bind on address ('127.0.0.1', 8088): address already in use
INFO:     Waiting for application shutdown.
INFO:     Application shutdown complete.
INFO:     Started server process [67393]
INFO:     Waiting for application startup.
INFO:     Application startup complete.
ERROR:    [Errno 48] error while attempting to bind on address ('127.0.0.1', 8088): address already in use
INFO:     Waiting for application shutdown.
INFO:     Application shutdown complete.
INFO:     Started server process [67406]
INFO:     Waiting for application startup.
INFO:     Application startup complete.
ERROR:    [Errno 48] error while attempting to bind on address ('127.0.0.1', 8088): address already in use
INFO:     Waiting for application shutdown.
INFO:     Application shutdown complete.
INFO:     Started server process [67417]
INFO:     Waiting for application startup.
INFO:     Application startup complete.
ERROR:    [Errno 48] error while attempting to bind on address ('127.0.0.1', 8088): address already in use
INFO:     Waiting for application shutdown.
INFO:     Application shutdown complete.
INFO:     Started server process [67459]
INFO:     Waiting for application startup.
INFO:     Application startup complete.
ERROR:    [Errno 48] error while attempting to bind on address ('127.0.0.1', 8088): address already in use
INFO:     Waiting for application shutdown.
INFO:     Application shutdown complete.
INFO:     Started server process [67478]
INFO:     Waiting for application startup.
INFO:     Application startup complete.
ERROR:    [Errno 48] error while attempting to bind on address ('127.0.0.1', 8088): address already in use
INFO:     Waiting for application shutdown.
INFO:     Application shutdown complete.
INFO:     Started server process [67495]
INFO:     Waiting for application startup.
INFO:     Application startup complete.
ERROR:    [Errno 48] error while attempting to bind on address ('127.0.0.1', 8088): address already in use
INFO:     Waiting for application shutdown.
INFO:     Application shutdown complete.
INFO:     Started server process [67511]
INFO:     Waiting for application startup.
INFO:     Application startup complete.
ERROR:    [Errno 48] error while attempting to bind on address ('127.0.0.1', 8088): address already in use
INFO:     Waiting for application shutdown.
INFO:     Application shutdown complete.
INFO:     Started server process [67519]
INFO:     Waiting for application startup.
INFO:     Application startup complete.
ERROR:    [Errno 48] error while attempting to bind on address ('127.0.0.1', 8088): address already in use
INFO:     Waiting for application shutdown.
INFO:     Application shutdown complete.
INFO:     Started server process [67527]
INFO:     Waiting for application startup.
INFO:     Application startup complete.
ERROR:    [Errno 48] error while attempting to bind on address ('127.0.0.1', 8088): address already in use
INFO:     Waiting for application shutdown.
INFO:     Application shutdown complete.
INFO:     Started server process [67535]
INFO:     Waiting for application startup.
INFO:     Application startup complete.
ERROR:    [Errno 48] error while attempting to bind on address ('127.0.0.1', 8088): address already in use
INFO:     Waiting for application shutdown.
INFO:     Application shutdown complete.
INFO:     Started server process [67553]
INFO:     Waiting for application startup.
INFO:     Application startup complete.
ERROR:    [Errno 48] error while attempting to bind on address ('127.0.0.1', 8088): address already in use
INFO:     Waiting for application shutdown.
INFO:     Application shutdown complete.
INFO:     Started server process [67563]
INFO:     Waiting for application startup.
INFO:     Application startup complete.
ERROR:    [Errno 48] error while attempting to bind on address ('127.0.0.1', 8088): address already in use
INFO:     Waiting for application shutdown.
INFO:     Application shutdown complete.
INFO:     Started server process [67581]
INFO:     Waiting for application startup.
INFO:     Application startup complete.
ERROR:    [Errno 48] error while attempting to bind on address ('127.0.0.1', 8088): address already in use
INFO:     Waiting for application shutdown.
INFO:     Application shutdown complete.
INFO:     Started server process [67591]
INFO:     Waiting for application startup.
INFO:     Application startup complete.
ERROR:    [Errno 48] error while attempting to bind on address ('127.0.0.1', 8088): address already in use
INFO:     Waiting for application shutdown.
INFO:     Application shutdown complete.
INFO:     Started server process [67601]
INFO:     Waiting for application startup.
INFO:     Application startup complete.
ERROR:    [Errno 48] error while attempting to bind on address ('127.0.0.1', 8088): address already in use
INFO:     Waiting for application shutdown.
INFO:     Application shutdown complete.
INFO:     Started server process [67608]
INFO:     Waiting for application startup.
INFO:     Application startup complete.
ERROR:    [Errno 48] error while attempting to bind on address ('127.0.0.1', 8088): address already in use
INFO:     Waiting for application shutdown.
INFO:     Application shutdown complete.
INFO:     Started server process [67618]
INFO:     Waiting for application startup.
INFO:     Application startup complete.
ERROR:    [Errno 48] error while attempting to bind on address ('127.0.0.1', 8088): address already in use
INFO:     Waiting for application shutdown.
INFO:     Application shutdown complete.
INFO:     Started server process [67627]
INFO:     Waiting for application startup.
INFO:     Application startup complete.
ERROR:    [Errno 48] error while attempting to bind on address ('127.0.0.1', 8088): address already in use
INFO:     Waiting for application shutdown.
INFO:     Application shutdown complete.
INFO:     Started server process [67654]
INFO:     Waiting for application startup.
INFO:     Application startup complete.
ERROR:    [Errno 48] error while attempting to bind on address ('127.0.0.1', 8088): address already in use
INFO:     Waiting for application shutdown.
INFO:     Application shutdown complete.
INFO:     Started server process [67664]
INFO:     Waiting for application startup.
INFO:     Application startup complete.
ERROR:    [Errno 48] error while attempting to bind on address ('127.0.0.1', 8088): address already in use
INFO:     Waiting for application shutdown.
INFO:     Application shutdown complete.
INFO:     Started server process [67673]
INFO:     Waiting for application startup.
INFO:     Application startup complete.
ERROR:    [Errno 48] error while attempting to bind on address ('127.0.0.1', 8088): address already in use
INFO:     Waiting for application shutdown.
INFO:     Application shutdown complete.
INFO:     Started server process [67690]
INFO:     Waiting for application startup.
INFO:     Application startup complete.
ERROR:    [Errno 48] error while attempting to bind on address ('127.0.0.1', 8088): address already in use
INFO:     Waiting for application shutdown.
INFO:     Application shutdown complete.
INFO:     Started server process [67701]
INFO:     Waiting for application startup.
INFO:     Application startup complete.
ERROR:    [Errno 48] error while attempting to bind on address ('127.0.0.1', 8088): address already in use
INFO:     Waiting for application shutdown.
INFO:     Application shutdown complete.
INFO:     Started server process [67709]
INFO:     Waiting for application startup.
INFO:     Application startup complete.
ERROR:    [Errno 48] error while attempting to bind on address ('127.0.0.1', 8088): address already in use
INFO:     Waiting for application shutdown.
INFO:     Application shutdown complete.
INFO:     Started server process [67722]
INFO:     Waiting for application startup.
INFO:     Application startup complete.
ERROR:    [Errno 48] error while attempting to bind on address ('127.0.0.1', 8088): address already in use
INFO:     Waiting for application shutdown.
INFO:     Application shutdown complete.
INFO:     Started server process [67730]
INFO:     Waiting for application startup.
INFO:     Application startup complete.
ERROR:    [Errno 48] error while attempting to bind on address ('127.0.0.1', 8088): address already in use
INFO:     Waiting for application shutdown.
INFO:     Application shutdown complete.
INFO:     Started server process [67750]
INFO:     Waiting for application startup.
INFO:     Application startup complete.
ERROR:    [Errno 48] error while attempting to bind on address ('127.0.0.1', 8088): address already in use
INFO:     Waiting for application shutdown.
INFO:     Application shutdown complete.
INFO:     Started server process [67764]
INFO:     Waiting for application startup.
INFO:     Application startup complete.
ERROR:    [Errno 48] error while attempting to bind on address ('127.0.0.1', 8088): address already in use
INFO:     Waiting for application shutdown.
INFO:     Application shutdown complete.
INFO:     Started server process [67774]
INFO:     Waiting for application startup.
INFO:     Application startup complete.
ERROR:    [Errno 48] error while attempting to bind on address ('127.0.0.1', 8088): address already in use
INFO:     Waiting for application shutdown.
INFO:     Application shutdown complete.
INFO:     Started server process [67784]
INFO:     Waiting for application startup.
INFO:     Application startup complete.
ERROR:    [Errno 48] error while attempting to bind on address ('127.0.0.1', 8088): address already in use
INFO:     Waiting for application shutdown.
INFO:     Application shutdown complete.
INFO:     Started server process [67792]
INFO:     Waiting for application startup.
INFO:     Application startup complete.
ERROR:    [Errno 48] error while attempting to bind on address ('127.0.0.1', 8088): address already in use
INFO:     Waiting for application shutdown.
INFO:     Application shutdown complete.
INFO:     Started server process [67801]
INFO:     Waiting for application startup.
INFO:     Application startup complete.
ERROR:    [Errno 48] error while attempting to bind on address ('127.0.0.1', 8088): address already in use
INFO:     Waiting for application shutdown.
INFO:     Application shutdown complete.
INFO:     Started server process [67810]
INFO:     Waiting for application startup.
INFO:     Application startup complete.
ERROR:    [Errno 48] error while attempting to bind on address ('127.0.0.1', 8088): address already in use
INFO:     Waiting for application shutdown.
INFO:     Application shutdown complete.
INFO:     Started server process [67820]
INFO:     Waiting for application startup.
INFO:     Application startup complete.
ERROR:    [Errno 48] error while attempting to bind on address ('127.0.0.1', 8088): address already in use
INFO:     Waiting for application shutdown.
INFO:     Application shutdown complete.
INFO:     Started server process [67829]
INFO:     Waiting for application startup.
INFO:     Application startup complete.
ERROR:    [Errno 48] error while attempting to bind on address ('127.0.0.1', 8088): address already in use
INFO:     Waiting for application shutdown.
INFO:     Application shutdown complete.
INFO:     Started server process [67837]
INFO:     Waiting for application startup.
INFO:     Application startup complete.
ERROR:    [Errno 48] error while attempting to bind on address ('127.0.0.1', 8088): address already in use
INFO:     Waiting for application shutdown.
INFO:     Application shutdown complete.
INFO:     Started server process [67844]
INFO:     Waiting for application startup.
INFO:     Application startup complete.
ERROR:    [Errno 48] error while attempting to bind on address ('127.0.0.1', 8088): address already in use
INFO:     Waiting for application shutdown.
INFO:     Application shutdown complete.
INFO:     Started server process [67854]
INFO:     Waiting for application startup.
INFO:     Application startup complete.
ERROR:    [Errno 48] error while attempting to bind on address ('127.0.0.1', 8088): address already in use
INFO:     Waiting for application shutdown.
INFO:     Application shutdown complete.
INFO:     Started server process [67866]
INFO:     Waiting for application startup.
INFO:     Application startup complete.
ERROR:    [Errno 48] error while attempting to bind on address ('127.0.0.1', 8088): address already in use
INFO:     Waiting for application shutdown.
INFO:     Application shutdown complete.
INFO:     Started server process [67876]
INFO:     Waiting for application startup.
INFO:     Application startup complete.
ERROR:    [Errno 48] error while attempting to bind on address ('127.0.0.1', 8088): address already in use
INFO:     Waiting for application shutdown.
INFO:     Application shutdown complete.
INFO:     Started server process [67885]
INFO:     Waiting for application startup.
INFO:     Application startup complete.
ERROR:    [Errno 48] error while attempting to bind on address ('127.0.0.1', 8088): address already in use
INFO:     Waiting for application shutdown.
INFO:     Application shutdown complete.
INFO:     Started server process [67927]
INFO:     Waiting for application startup.
INFO:     Application startup complete.
ERROR:    [Errno 48] error while attempting to bind on address ('127.0.0.1', 8088): address already in use
INFO:     Waiting for application shutdown.
INFO:     Application shutdown complete.
INFO:     Started server process [67934]
INFO:     Waiting for application startup.
INFO:     Application startup complete.
ERROR:    [Errno 48] error while attempting to bind on address ('127.0.0.1', 8088): address already in use
INFO:     Waiting for application shutdown.
INFO:     Application shutdown complete.
INFO:     Started server process [67943]
INFO:     Waiting for application startup.
INFO:     Application startup complete.
ERROR:    [Errno 48] error while attempting to bind on address ('127.0.0.1', 8088): address already in use
INFO:     Waiting for application shutdown.
INFO:     Application shutdown complete.
INFO:     Started server process [67965]
INFO:     Waiting for application startup.
INFO:     Application startup complete.
ERROR:    [Errno 48] error while attempting to bind on address ('127.0.0.1', 8088): address already in use
INFO:     Waiting for application shutdown.
INFO:     Application shutdown complete.
INFO:     Started server process [67974]
INFO:     Waiting for application startup.
INFO:     Application startup complete.
ERROR:    [Errno 48] error while attempting to bind on address ('127.0.0.1', 8088): address already in use
INFO:     Waiting for application shutdown.
INFO:     Application shutdown complete.
INFO:     Started server process [67983]
INFO:     Waiting for application startup.
INFO:     Application startup complete.
ERROR:    [Errno 48] error while attempting to bind on address ('127.0.0.1', 8088): address already in use
INFO:     Waiting for application shutdown.
INFO:     Application shutdown complete.
INFO:     Started server process [67995]
INFO:     Waiting for application startup.
INFO:     Application startup complete.
ERROR:    [Errno 48] error while attempting to bind on address ('127.0.0.1', 8088): address already in use
INFO:     Waiting for application shutdown.
INFO:     Application shutdown complete.
INFO:     Started server process [68013]
INFO:     Waiting for application startup.
INFO:     Application startup complete.
ERROR:    [Errno 48] error while attempting to bind on address ('127.0.0.1', 8088): address already in use
INFO:     Waiting for application shutdown.
INFO:     Application shutdown complete.
INFO:     Started server process [68022]
INFO:     Waiting for application startup.
INFO:     Application startup complete.
ERROR:    [Errno 48] error while attempting to bind on address ('127.0.0.1', 8088): address already in use
INFO:     Waiting for application shutdown.
INFO:     Application shutdown complete.
INFO:     Started server process [68033]
INFO:     Waiting for application startup.
INFO:     Application startup complete.
ERROR:    [Errno 48] error while attempting to bind on address ('127.0.0.1', 8088): address already in use
INFO:     Waiting for application shutdown.
INFO:     Application shutdown complete.
INFO:     Started server process [68043]
INFO:     Waiting for application startup.
INFO:     Application startup complete.
ERROR:    [Errno 48] error while attempting to bind on address ('127.0.0.1', 8088): address already in use
INFO:     Waiting for application shutdown.
INFO:     Application shutdown complete.
INFO:     Started server process [68050]
INFO:     Waiting for application startup.
INFO:     Application startup complete.
ERROR:    [Errno 48] error while attempting to bind on address ('127.0.0.1', 8088): address already in use
INFO:     Waiting for application shutdown.
INFO:     Application shutdown complete.
INFO:     Started server process [68060]
INFO:     Waiting for application startup.
INFO:     Application startup complete.
ERROR:    [Errno 48] error while attempting to bind on address ('127.0.0.1', 8088): address already in use
INFO:     Waiting for application shutdown.
INFO:     Application shutdown complete.
INFO:     Started server process [68081]
INFO:     Waiting for application startup.
INFO:     Application startup complete.
ERROR:    [Errno 48] error while attempting to bind on address ('127.0.0.1', 8088): address already in use
INFO:     Waiting for application shutdown.
INFO:     Application shutdown complete.
INFO:     Started server process [68096]
INFO:     Waiting for application startup.
INFO:     Application startup complete.
ERROR:    [Errno 48] error while attempting to bind on address ('127.0.0.1', 8088): address already in use
INFO:     Waiting for application shutdown.
INFO:     Application shutdown complete.
INFO:     Started server process [68105]
INFO:     Waiting for application startup.
INFO:     Application startup complete.
ERROR:    [Errno 48] error while attempting to bind on address ('127.0.0.1', 8088): address already in use
INFO:     Waiting for application shutdown.
INFO:     Application shutdown complete.
INFO:     Started server process [68114]
INFO:     Waiting for application startup.
INFO:     Application startup complete.
ERROR:    [Errno 48] error while attempting to bind on address ('127.0.0.1', 8088): address already in use
INFO:     Waiting for application shutdown.
INFO:     Application shutdown complete.
INFO:     Started server process [68121]
INFO:     Waiting for application startup.
INFO:     Application startup complete.
ERROR:    [Errno 48] error while attempting to bind on address ('127.0.0.1', 8088): address already in use
INFO:     Waiting for application shutdown.
INFO:     Application shutdown complete.
INFO:     Started server process [68132]
INFO:     Waiting for application startup.
INFO:     Application startup complete.
ERROR:    [Errno 48] error while attempting to bind on address ('127.0.0.1', 8088): address already in use
INFO:     Waiting for application shutdown.
INFO:     Application shutdown complete.
INFO:     Started server process [68169]
INFO:     Waiting for application startup.
INFO:     Application startup complete.
ERROR:    [Errno 48] error while attempting to bind on address ('127.0.0.1', 8088): address already in use
INFO:     Waiting for application shutdown.
INFO:     Application shutdown complete.
INFO:     Started server process [68185]
INFO:     Waiting for application startup.
INFO:     Application startup complete.
ERROR:    [Errno 48] error while attempting to bind on address ('127.0.0.1', 8088): address already in use
INFO:     Waiting for application shutdown.
INFO:     Application shutdown complete.
INFO:     Started server process [68210]
INFO:     Waiting for application startup.
INFO:     Application startup complete.
ERROR:    [Errno 48] error while attempting to bind on address ('127.0.0.1', 8088): address already in use
INFO:     Waiting for application shutdown.
INFO:     Application shutdown complete.
INFO:     Started server process [68217]
INFO:     Waiting for application startup.
INFO:     Application startup complete.
ERROR:    [Errno 48] error while attempting to bind on address ('127.0.0.1', 8088): address already in use
INFO:     Waiting for application shutdown.
INFO:     Application shutdown complete.
INFO:     Started server process [68224]
INFO:     Waiting for application startup.
INFO:     Application startup complete.
ERROR:    [Errno 48] error while attempting to bind on address ('127.0.0.1', 8088): address already in use
INFO:     Waiting for application shutdown.
INFO:     Application shutdown complete.
INFO:     Started server process [68232]
INFO:     Waiting for application startup.
INFO:     Application startup complete.
ERROR:    [Errno 48] error while attempting to bind on address ('127.0.0.1', 8088): address already in use
INFO:     Waiting for application shutdown.
INFO:     Application shutdown complete.
INFO:     Started server process [68240]
INFO:     Waiting for application startup.
INFO:     Application startup complete.
ERROR:    [Errno 48] error while attempting to bind on address ('127.0.0.1', 8088): address already in use
INFO:     Waiting for application shutdown.
INFO:     Application shutdown complete.
INFO:     Started server process [68251]
INFO:     Waiting for application startup.
INFO:     Application startup complete.
ERROR:    [Errno 48] error while attempting to bind on address ('127.0.0.1', 8088): address already in use
INFO:     Waiting for application shutdown.
INFO:     Application shutdown complete.
INFO:     Started server process [68262]
INFO:     Waiting for application startup.
INFO:     Application startup complete.
ERROR:    [Errno 48] error while attempting to bind on address ('127.0.0.1', 8088): address already in use
INFO:     Waiting for application shutdown.
INFO:     Application shutdown complete.
INFO:     Started server process [68278]
INFO:     Waiting for application startup.
INFO:     Application startup complete.
ERROR:    [Errno 48] error while attempting to bind on address ('127.0.0.1', 8088): address already in use
INFO:     Waiting for application shutdown.
INFO:     Application shutdown complete.
INFO:     Started server process [68285]
INFO:     Waiting for application startup.
INFO:     Application startup complete.
ERROR:    [Errno 48] error while attempting to bind on address ('127.0.0.1', 8088): address already in use
INFO:     Waiting for application shutdown.
INFO:     Application shutdown complete.
INFO:     Started server process [68298]
INFO:     Waiting for application startup.
INFO:     Application startup complete.
ERROR:    [Errno 48] error while attempting to bind on address ('127.0.0.1', 8088): address already in use
INFO:     Waiting for application shutdown.
INFO:     Application shutdown complete.
INFO:     Started server process [68306]
INFO:     Waiting for application startup.
INFO:     Application startup complete.
ERROR:    [Errno 48] error while attempting to bind on address ('127.0.0.1', 8088): address already in use
INFO:     Waiting for application shutdown.
INFO:     Application shutdown complete.
INFO:     Started server process [68315]
INFO:     Waiting for application startup.
INFO:     Application startup complete.
ERROR:    [Errno 48] error while attempting to bind on address ('127.0.0.1', 8088): address already in use
INFO:     Waiting for application shutdown.
INFO:     Application shutdown complete.
INFO:     Started server process [68327]
INFO:     Waiting for application startup.
INFO:     Application startup complete.
ERROR:    [Errno 48] error while attempting to bind on address ('127.0.0.1', 8088): address already in use
INFO:     Waiting for application shutdown.
INFO:     Application shutdown complete.
INFO:     Started server process [68347]
INFO:     Waiting for application startup.
INFO:     Application startup complete.
ERROR:    [Errno 48] error while attempting to bind on address ('127.0.0.1', 8088): address already in use
INFO:     Waiting for application shutdown.
INFO:     Application shutdown complete.
INFO:     Started server process [68354]
INFO:     Waiting for application startup.
INFO:     Application startup complete.
ERROR:    [Errno 48] error while attempting to bind on address ('127.0.0.1', 8088): address already in use
INFO:     Waiting for application shutdown.
INFO:     Application shutdown complete.
INFO:     Started server process [68363]
INFO:     Waiting for application startup.
INFO:     Application startup complete.
ERROR:    [Errno 48] error while attempting to bind on address ('127.0.0.1', 8088): address already in use
INFO:     Waiting for application shutdown.
INFO:     Application shutdown complete.
INFO:     Started server process [68371]
INFO:     Waiting for application startup.
INFO:     Application startup complete.
ERROR:    [Errno 48] error while attempting to bind on address ('127.0.0.1', 8088): address already in use
INFO:     Waiting for application shutdown.
INFO:     Application shutdown complete.
INFO:     Started server process [68380]
INFO:     Waiting for application startup.
INFO:     Application startup complete.
ERROR:    [Errno 48] error while attempting to bind on address ('127.0.0.1', 8088): address already in use
INFO:     Waiting for application shutdown.
INFO:     Application shutdown complete.
INFO:     Started server process [68388]
INFO:     Waiting for application startup.
INFO:     Application startup complete.
ERROR:    [Errno 48] error while attempting to bind on address ('127.0.0.1', 8088): address already in use
INFO:     Waiting for application shutdown.
INFO:     Application shutdown complete.
INFO:     Started server process [68396]
INFO:     Waiting for application startup.
INFO:     Application startup complete.
ERROR:    [Errno 48] error while attempting to bind on address ('127.0.0.1', 8088): address already in use
INFO:     Waiting for application shutdown.
INFO:     Application shutdown complete.
INFO:     Started server process [68403]
INFO:     Waiting for application startup.
INFO:     Application startup complete.
ERROR:    [Errno 48] error while attempting to bind on address ('127.0.0.1', 8088): address already in use
INFO:     Waiting for application shutdown.
INFO:     Application shutdown complete.
INFO:     Started server process [68412]
INFO:     Waiting for application startup.
INFO:     Application startup complete.
ERROR:    [Errno 48] error while attempting to bind on address ('127.0.0.1', 8088): address already in use
INFO:     Waiting for application shutdown.
INFO:     Application shutdown complete.
INFO:     Started server process [68420]
INFO:     Waiting for application startup.
INFO:     Application startup complete.
ERROR:    [Errno 48] error while attempting to bind on address ('127.0.0.1', 8088): address already in use
INFO:     Waiting for application shutdown.
INFO:     Application shutdown complete.
INFO:     Started server process [68430]
INFO:     Waiting for application startup.
INFO:     Application startup complete.
ERROR:    [Errno 48] error while attempting to bind on address ('127.0.0.1', 8088): address already in use
INFO:     Waiting for application shutdown.
INFO:     Application shutdown complete.
INFO:     Started server process [68444]
INFO:     Waiting for application startup.
INFO:     Application startup complete.
ERROR:    [Errno 48] error while attempting to bind on address ('127.0.0.1', 8088): address already in use
INFO:     Waiting for application shutdown.
INFO:     Application shutdown complete.
INFO:     Started server process [68451]
INFO:     Waiting for application startup.
INFO:     Application startup complete.
ERROR:    [Errno 48] error while attempting to bind on address ('127.0.0.1', 8088): address already in use
INFO:     Waiting for application shutdown.
INFO:     Application shutdown complete.
INFO:     Started server process [68471]
INFO:     Waiting for application startup.
INFO:     Application startup complete.
ERROR:    [Errno 48] error while attempting to bind on address ('127.0.0.1', 8088): address already in use
INFO:     Waiting for application shutdown.
INFO:     Application shutdown complete.
INFO:     Started server process [68481]
INFO:     Waiting for application startup.
INFO:     Application startup complete.
ERROR:    [Errno 48] error while attempting to bind on address ('127.0.0.1', 8088): address already in use
INFO:     Waiting for application shutdown.
INFO:     Application shutdown complete.
INFO:     Started server process [68498]
INFO:     Waiting for application startup.
INFO:     Application startup complete.
ERROR:    [Errno 48] error while attempting to bind on address ('127.0.0.1', 8088): address already in use
INFO:     Waiting for application shutdown.
INFO:     Application shutdown complete.
INFO:     Started server process [68509]
INFO:     Waiting for application startup.
INFO:     Application startup complete.
ERROR:    [Errno 48] error while attempting to bind on address ('127.0.0.1', 8088): address already in use
INFO:     Waiting for application shutdown.
INFO:     Application shutdown complete.
INFO:     Started server process [68519]
INFO:     Waiting for application startup.
INFO:     Application startup complete.
ERROR:    [Errno 48] error while attempting to bind on address ('127.0.0.1', 8088): address already in use
INFO:     Waiting for application shutdown.
INFO:     Application shutdown complete.
INFO:     Started server process [68530]
INFO:     Waiting for application startup.
INFO:     Application startup complete.
ERROR:    [Errno 48] error while attempting to bind on address ('127.0.0.1', 8088): address already in use
INFO:     Waiting for application shutdown.
INFO:     Application shutdown complete.
INFO:     Started server process [68542]
INFO:     Waiting for application startup.
INFO:     Application startup complete.
ERROR:    [Errno 48] error while attempting to bind on address ('127.0.0.1', 8088): address already in use
INFO:     Waiting for application shutdown.
INFO:     Application shutdown complete.
INFO:     Started server process [68559]
INFO:     Waiting for application startup.
INFO:     Application startup complete.
ERROR:    [Errno 48] error while attempting to bind on address ('127.0.0.1', 8088): address already in use
INFO:     Waiting for application shutdown.
INFO:     Application shutdown complete.
INFO:     Started server process [68576]
INFO:     Waiting for application startup.
INFO:     Application startup complete.
ERROR:    [Errno 48] error while attempting to bind on address ('127.0.0.1', 8088): address already in use
INFO:     Waiting for application shutdown.
INFO:     Application shutdown complete.
INFO:     Started server process [68586]
INFO:     Waiting for application startup.
INFO:     Application startup complete.
ERROR:    [Errno 48] error while attempting to bind on address ('127.0.0.1', 8088): address already in use
INFO:     Waiting for application shutdown.
INFO:     Application shutdown complete.
INFO:     Started server process [68597]
INFO:     Waiting for application startup.
INFO:     Application startup complete.
ERROR:    [Errno 48] error while attempting to bind on address ('127.0.0.1', 8088): address already in use
INFO:     Waiting for application shutdown.
INFO:     Application shutdown complete.
INFO:     Started server process [68609]
INFO:     Waiting for application startup.
INFO:     Application startup complete.
ERROR:    [Errno 48] error while attempting to bind on address ('127.0.0.1', 8088): address already in use
INFO:     Waiting for application shutdown.
INFO:     Application shutdown complete.
INFO:     Started server process [68627]
INFO:     Waiting for application startup.
INFO:     Application startup complete.
ERROR:    [Errno 48] error while attempting to bind on address ('127.0.0.1', 8088): address already in use
INFO:     Waiting for application shutdown.
INFO:     Application shutdown complete.
INFO:     Started server process [68638]
INFO:     Waiting for application startup.
INFO:     Application startup complete.
ERROR:    [Errno 48] error while attempting to bind on address ('127.0.0.1', 8088): address already in use
INFO:     Waiting for application shutdown.
INFO:     Application shutdown complete.
INFO:     Started server process [68653]
INFO:     Waiting for application startup.
INFO:     Application startup complete.
ERROR:    [Errno 48] error while attempting to bind on address ('127.0.0.1', 8088): address already in use
INFO:     Waiting for application shutdown.
INFO:     Application shutdown complete.
INFO:     Started server process [68669]
INFO:     Waiting for application startup.
INFO:     Application startup complete.
ERROR:    [Errno 48] error while attempting to bind on address ('127.0.0.1', 8088): address already in use
INFO:     Waiting for application shutdown.
INFO:     Application shutdown complete.
INFO:     Started server process [68678]
INFO:     Waiting for application startup.
INFO:     Application startup complete.
ERROR:    [Errno 48] error while attempting to bind on address ('127.0.0.1', 8088): address already in use
INFO:     Waiting for application shutdown.
INFO:     Application shutdown complete.
INFO:     Started server process [68691]
INFO:     Waiting for application startup.
INFO:     Application startup complete.
ERROR:    [Errno 48] error while attempting to bind on address ('127.0.0.1', 8088): address already in use
INFO:     Waiting for application shutdown.
INFO:     Application shutdown complete.
INFO:     Started server process [68707]
INFO:     Waiting for application startup.
INFO:     Application startup complete.
ERROR:    [Errno 48] error while attempting to bind on address ('127.0.0.1', 8088): address already in use
INFO:     Waiting for application shutdown.
INFO:     Application shutdown complete.
INFO:     Started server process [68720]
INFO:     Waiting for application startup.
INFO:     Application startup complete.
ERROR:    [Errno 48] error while attempting to bind on address ('127.0.0.1', 8088): address already in use
INFO:     Waiting for application shutdown.
INFO:     Application shutdown complete.
INFO:     Started server process [68736]
INFO:     Waiting for application startup.
INFO:     Application startup complete.
ERROR:    [Errno 48] error while attempting to bind on address ('127.0.0.1', 8088): address already in use
INFO:     Waiting for application shutdown.
INFO:     Application shutdown complete.
INFO:     Started server process [68749]
INFO:     Waiting for application startup.
INFO:     Application startup complete.
ERROR:    [Errno 48] error while attempting to bind on address ('127.0.0.1', 8088): address already in use
INFO:     Waiting for application shutdown.
INFO:     Application shutdown complete.
INFO:     Started server process [68763]
INFO:     Waiting for application startup.
INFO:     Application startup complete.
ERROR:    [Errno 48] error while attempting to bind on address ('127.0.0.1', 8088): address already in use
INFO:     Waiting for application shutdown.
INFO:     Application shutdown complete.
INFO:     Started server process [68772]
INFO:     Waiting for application startup.
INFO:     Application startup complete.
ERROR:    [Errno 48] error while attempting to bind on address ('127.0.0.1', 8088): address already in use
INFO:     Waiting for application shutdown.
INFO:     Application shutdown complete.
INFO:     Started server process [68777]
INFO:     Waiting for application startup.
INFO:     Application startup complete.
ERROR:    [Errno 48] error while attempting to bind on address ('127.0.0.1', 8088): address already in use
INFO:     Waiting for application shutdown.
INFO:     Application shutdown complete.
INFO:     Started server process [68789]
INFO:     Waiting for application startup.
INFO:     Application startup complete.
ERROR:    [Errno 48] error while attempting to bind on address ('127.0.0.1', 8088): address already in use
INFO:     Waiting for application shutdown.
INFO:     Application shutdown complete.
INFO:     Started server process [68804]
INFO:     Waiting for application startup.
INFO:     Application startup complete.
ERROR:    [Errno 48] error while attempting to bind on address ('127.0.0.1', 8088): address already in use
INFO:     Waiting for application shutdown.
INFO:     Application shutdown complete.
INFO:     Started server process [68812]
INFO:     Waiting for application startup.
INFO:     Application startup complete.
ERROR:    [Errno 48] error while attempting to bind on address ('127.0.0.1', 8088): address already in use
INFO:     Waiting for application shutdown.
INFO:     Application shutdown complete.
INFO:     Started server process [68820]
INFO:     Waiting for application startup.
INFO:     Application startup complete.
ERROR:    [Errno 48] error while attempting to bind on address ('127.0.0.1', 8088): address already in use
INFO:     Waiting for application shutdown.
INFO:     Application shutdown complete.
INFO:     Started server process [68836]
INFO:     Waiting for application startup.
INFO:     Application startup complete.
ERROR:    [Errno 48] error while attempting to bind on address ('127.0.0.1', 8088): address already in use
INFO:     Waiting for application shutdown.
INFO:     Application shutdown complete.
INFO:     Started server process [68844]
INFO:     Waiting for application startup.
INFO:     Application startup complete.
ERROR:    [Errno 48] error while attempting to bind on address ('127.0.0.1', 8088): address already in use
INFO:     Waiting for application shutdown.
INFO:     Application shutdown complete.
INFO:     Started server process [68865]
INFO:     Waiting for application startup.
INFO:     Application startup complete.
ERROR:    [Errno 48] error while attempting to bind on address ('127.0.0.1', 8088): address already in use
INFO:     Waiting for application shutdown.
INFO:     Application shutdown complete.
INFO:     Started server process [68874]
INFO:     Waiting for application startup.
INFO:     Application startup complete.
ERROR:    [Errno 48] error while attempting to bind on address ('127.0.0.1', 8088): address already in use
INFO:     Waiting for application shutdown.
INFO:     Application shutdown complete.
INFO:     Started server process [68883]
INFO:     Waiting for application startup.
INFO:     Application startup complete.
ERROR:    [Errno 48] error while attempting to bind on address ('127.0.0.1', 8088): address already in use
INFO:     Waiting for application shutdown.
INFO:     Application shutdown complete.
INFO:     Started server process [68892]
INFO:     Waiting for application startup.
INFO:     Application startup complete.
ERROR:    [Errno 48] error while attempting to bind on address ('127.0.0.1', 8088): address already in use
INFO:     Waiting for application shutdown.
INFO:     Application shutdown complete.
INFO:     Started server process [68901]
INFO:     Waiting for application startup.
INFO:     Application startup complete.
ERROR:    [Errno 48] error while attempting to bind on address ('127.0.0.1', 8088): address already in use
INFO:     Waiting for application shutdown.
INFO:     Application shutdown complete.
INFO:     Started server process [68921]
INFO:     Waiting for application startup.
INFO:     Application startup complete.
ERROR:    [Errno 48] error while attempting to bind on address ('127.0.0.1', 8088): address already in use
INFO:     Waiting for application shutdown.
INFO:     Application shutdown complete.
INFO:     Started server process [68935]
INFO:     Waiting for application startup.
INFO:     Application startup complete.
ERROR:    [Errno 48] error while attempting to bind on address ('127.0.0.1', 8088): address already in use
INFO:     Waiting for application shutdown.
INFO:     Application shutdown complete.
INFO:     Started server process [68950]
INFO:     Waiting for application startup.
INFO:     Application startup complete.
ERROR:    [Errno 48] error while attempting to bind on address ('127.0.0.1', 8088): address already in use
INFO:     Waiting for application shutdown.
INFO:     Application shutdown complete.
INFO:     Started server process [68968]
INFO:     Waiting for application startup.
INFO:     Application startup complete.
ERROR:    [Errno 48] error while attempting to bind on address ('127.0.0.1', 8088): address already in use
INFO:     Waiting for application shutdown.
INFO:     Application shutdown complete.
INFO:     Started server process [68979]
INFO:     Waiting for application startup.
INFO:     Application startup complete.
ERROR:    [Errno 48] error while attempting to bind on address ('127.0.0.1', 8088): address already in use
INFO:     Waiting for application shutdown.
INFO:     Application shutdown complete.
INFO:     Started server process [69001]
INFO:     Waiting for application startup.
INFO:     Application startup complete.
ERROR:    [Errno 48] error while attempting to bind on address ('127.0.0.1', 8088): address already in use
INFO:     Waiting for application shutdown.
INFO:     Application shutdown complete.
INFO:     Started server process [69023]
INFO:     Waiting for application startup.
INFO:     Application startup complete.
ERROR:    [Errno 48] error while attempting to bind on address ('127.0.0.1', 8088): address already in use
INFO:     Waiting for application shutdown.
INFO:     Application shutdown complete.
INFO:     Started server process [69031]
INFO:     Waiting for application startup.
INFO:     Application startup complete.
ERROR:    [Errno 48] error while attempting to bind on address ('127.0.0.1', 8088): address already in use
INFO:     Waiting for application shutdown.
INFO:     Application shutdown complete.
INFO:     Started server process [69040]
INFO:     Waiting for application startup.
INFO:     Application startup complete.
ERROR:    [Errno 48] error while attempting to bind on address ('127.0.0.1', 8088): address already in use
INFO:     Waiting for application shutdown.
INFO:     Application shutdown complete.
INFO:     Started server process [69054]
INFO:     Waiting for application startup.
INFO:     Application startup complete.
ERROR:    [Errno 48] error while attempting to bind on address ('127.0.0.1', 8088): address already in use
INFO:     Waiting for application shutdown.
INFO:     Application shutdown complete.
INFO:     Started server process [69063]
INFO:     Waiting for application startup.
INFO:     Application startup complete.
ERROR:    [Errno 48] error while attempting to bind on address ('127.0.0.1', 8088): address already in use
INFO:     Waiting for application shutdown.
INFO:     Application shutdown complete.
INFO:     Started server process [69071]
INFO:     Waiting for application startup.
INFO:     Application startup complete.
ERROR:    [Errno 48] error while attempting to bind on address ('127.0.0.1', 8088): address already in use
INFO:     Waiting for application shutdown.
INFO:     Application shutdown complete.
INFO:     Started server process [69081]
INFO:     Waiting for application startup.
INFO:     Application startup complete.
ERROR:    [Errno 48] error while attempting to bind on address ('127.0.0.1', 8088): address already in use
INFO:     Waiting for application shutdown.
INFO:     Application shutdown complete.
INFO:     Started server process [69091]
INFO:     Waiting for application startup.
INFO:     Application startup complete.
ERROR:    [Errno 48] error while attempting to bind on address ('127.0.0.1', 8088): address already in use
INFO:     Waiting for application shutdown.
INFO:     Application shutdown complete.
INFO:     Started server process [69098]
INFO:     Waiting for application startup.
INFO:     Application startup complete.
ERROR:    [Errno 48] error while attempting to bind on address ('127.0.0.1', 8088): address already in use
INFO:     Waiting for application shutdown.
INFO:     Application shutdown complete.
INFO:     Started server process [69105]
INFO:     Waiting for application startup.
INFO:     Application startup complete.
ERROR:    [Errno 48] error while attempting to bind on address ('127.0.0.1', 8088): address already in use
INFO:     Waiting for application shutdown.
INFO:     Application shutdown complete.
INFO:     Started server process [69114]
INFO:     Waiting for application startup.
INFO:     Application startup complete.
ERROR:    [Errno 48] error while attempting to bind on address ('127.0.0.1', 8088): address already in use
INFO:     Waiting for application shutdown.
INFO:     Application shutdown complete.
INFO:     Started server process [69123]
INFO:     Waiting for application startup.
INFO:     Application startup complete.
ERROR:    [Errno 48] error while attempting to bind on address ('127.0.0.1', 8088): address already in use
INFO:     Waiting for application shutdown.
INFO:     Application shutdown complete.
INFO:     Started server process [69133]
INFO:     Waiting for application startup.
INFO:     Application startup complete.
ERROR:    [Errno 48] error while attempting to bind on address ('127.0.0.1', 8088): address already in use
INFO:     Waiting for application shutdown.
INFO:     Application shutdown complete.
INFO:     Started server process [69143]
INFO:     Waiting for application startup.
INFO:     Application startup complete.
ERROR:    [Errno 48] error while attempting to bind on address ('127.0.0.1', 8088): address already in use
INFO:     Waiting for application shutdown.
INFO:     Application shutdown complete.
INFO:     Started server process [69152]
INFO:     Waiting for application startup.
INFO:     Application startup complete.
ERROR:    [Errno 48] error while attempting to bind on address ('127.0.0.1', 8088): address already in use
INFO:     Waiting for application shutdown.
INFO:     Application shutdown complete.
INFO:     Started server process [69167]
INFO:     Waiting for application startup.
INFO:     Application startup complete.
ERROR:    [Errno 48] error while attempting to bind on address ('127.0.0.1', 8088): address already in use
INFO:     Waiting for application shutdown.
INFO:     Application shutdown complete.
INFO:     Started server process [69176]
INFO:     Waiting for application startup.
INFO:     Application startup complete.
ERROR:    [Errno 48] error while attempting to bind on address ('127.0.0.1', 8088): address already in use
INFO:     Waiting for application shutdown.
INFO:     Application shutdown complete.
INFO:     Started server process [69187]
INFO:     Waiting for application startup.
INFO:     Application startup complete.
ERROR:    [Errno 48] error while attempting to bind on address ('127.0.0.1', 8088): address already in use
INFO:     Waiting for application shutdown.
INFO:     Application shutdown complete.
INFO:     Started server process [69210]
INFO:     Waiting for application startup.
INFO:     Application startup complete.
ERROR:    [Errno 48] error while attempting to bind on address ('127.0.0.1', 8088): address already in use
INFO:     Waiting for application shutdown.
INFO:     Application shutdown complete.
INFO:     Started server process [69218]
INFO:     Waiting for application startup.
INFO:     Application startup complete.
ERROR:    [Errno 48] error while attempting to bind on address ('127.0.0.1', 8088): address already in use
INFO:     Waiting for application shutdown.
INFO:     Application shutdown complete.
INFO:     Started server process [69226]
INFO:     Waiting for application startup.
INFO:     Application startup complete.
ERROR:    [Errno 48] error while attempting to bind on address ('127.0.0.1', 8088): address already in use
INFO:     Waiting for application shutdown.
INFO:     Application shutdown complete.
INFO:     Started server process [69234]
INFO:     Waiting for application startup.
INFO:     Application startup complete.
ERROR:    [Errno 48] error while attempting to bind on address ('127.0.0.1', 8088): address already in use
INFO:     Waiting for application shutdown.
INFO:     Application shutdown complete.
INFO:     Started server process [69244]
INFO:     Waiting for application startup.
INFO:     Application startup complete.
ERROR:    [Errno 48] error while attempting to bind on address ('127.0.0.1', 8088): address already in use
INFO:     Waiting for application shutdown.
INFO:     Application shutdown complete.
INFO:     Started server process [69256]
INFO:     Waiting for application startup.
INFO:     Application startup complete.
ERROR:    [Errno 48] error while attempting to bind on address ('127.0.0.1', 8088): address already in use
INFO:     Waiting for application shutdown.
INFO:     Application shutdown complete.
INFO:     Started server process [69267]
INFO:     Waiting for application startup.
INFO:     Application startup complete.
ERROR:    [Errno 48] error while attempting to bind on address ('127.0.0.1', 8088): address already in use
INFO:     Waiting for application shutdown.
INFO:     Application shutdown complete.
INFO:     Started server process [69275]
INFO:     Waiting for application startup.
INFO:     Application startup complete.
ERROR:    [Errno 48] error while attempting to bind on address ('127.0.0.1', 8088): address already in use
INFO:     Waiting for application shutdown.
INFO:     Application shutdown complete.
INFO:     Started server process [69282]
INFO:     Waiting for application startup.
INFO:     Application startup complete.
ERROR:    [Errno 48] error while attempting to bind on address ('127.0.0.1', 8088): address already in use
INFO:     Waiting for application shutdown.
INFO:     Application shutdown complete.
INFO:     Started server process [69290]
INFO:     Waiting for application startup.
INFO:     Application startup complete.
ERROR:    [Errno 48] error while attempting to bind on address ('127.0.0.1', 8088): address already in use
INFO:     Waiting for application shutdown.
INFO:     Application shutdown complete.
INFO:     Started server process [69300]
INFO:     Waiting for application startup.
INFO:     Application startup complete.
ERROR:    [Errno 48] error while attempting to bind on address ('127.0.0.1', 8088): address already in use
INFO:     Waiting for application shutdown.
INFO:     Application shutdown complete.
INFO:     Started server process [69310]
INFO:     Waiting for application startup.
INFO:     Application startup complete.
ERROR:    [Errno 48] error while attempting to bind on address ('127.0.0.1', 8088): address already in use
INFO:     Waiting for application shutdown.
INFO:     Application shutdown complete.
INFO:     Started server process [69335]
INFO:     Waiting for application startup.
INFO:     Application startup complete.
ERROR:    [Errno 48] error while attempting to bind on address ('127.0.0.1', 8088): address already in use
INFO:     Waiting for application shutdown.
INFO:     Application shutdown complete.
INFO:     Started server process [69347]
INFO:     Waiting for application startup.
INFO:     Application startup complete.
ERROR:    [Errno 48] error while attempting to bind on address ('127.0.0.1', 8088): address already in use
INFO:     Waiting for application shutdown.
INFO:     Application shutdown complete.
INFO:     Started server process [69354]
INFO:     Waiting for application startup.
INFO:     Application startup complete.
ERROR:    [Errno 48] error while attempting to bind on address ('127.0.0.1', 8088): address already in use
INFO:     Waiting for application shutdown.
INFO:     Application shutdown complete.
INFO:     Started server process [69363]
INFO:     Waiting for application startup.
INFO:     Application startup complete.
ERROR:    [Errno 48] error while attempting to bind on address ('127.0.0.1', 8088): address already in use
INFO:     Waiting for application shutdown.
INFO:     Application shutdown complete.
INFO:     Started server process [69373]
INFO:     Waiting for application startup.
INFO:     Application startup complete.
ERROR:    [Errno 48] error while attempting to bind on address ('127.0.0.1', 8088): address already in use
INFO:     Waiting for application shutdown.
INFO:     Application shutdown complete.
INFO:     Started server process [69384]
INFO:     Waiting for application startup.
INFO:     Application startup complete.
ERROR:    [Errno 48] error while attempting to bind on address ('127.0.0.1', 8088): address already in use
INFO:     Waiting for application shutdown.
INFO:     Application shutdown complete.
INFO:     Started server process [69391]
INFO:     Waiting for application startup.
INFO:     Application startup complete.
ERROR:    [Errno 48] error while attempting to bind on address ('127.0.0.1', 8088): address already in use
INFO:     Waiting for application shutdown.
INFO:     Application shutdown complete.
INFO:     Started server process [69403]
INFO:     Waiting for application startup.
INFO:     Application startup complete.
ERROR:    [Errno 48] error while attempting to bind on address ('127.0.0.1', 8088): address already in use
INFO:     Waiting for application shutdown.
INFO:     Application shutdown complete.
INFO:     Started server process [69411]
INFO:     Waiting for application startup.
INFO:     Application startup complete.
ERROR:    [Errno 48] error while attempting to bind on address ('127.0.0.1', 8088): address already in use
INFO:     Waiting for application shutdown.
INFO:     Application shutdown complete.
INFO:     Started server process [69423]
INFO:     Waiting for application startup.
INFO:     Application startup complete.
ERROR:    [Errno 48] error while attempting to bind on address ('127.0.0.1', 8088): address already in use
INFO:     Waiting for application shutdown.
INFO:     Application shutdown complete.
INFO:     Started server process [69434]
INFO:     Waiting for application startup.
INFO:     Application startup complete.
ERROR:    [Errno 48] error while attempting to bind on address ('127.0.0.1', 8088): address already in use
INFO:     Waiting for application shutdown.
INFO:     Application shutdown complete.
INFO:     Started server process [69442]
INFO:     Waiting for application startup.
INFO:     Application startup complete.
ERROR:    [Errno 48] error while attempting to bind on address ('127.0.0.1', 8088): address already in use
INFO:     Waiting for application shutdown.
INFO:     Application shutdown complete.
INFO:     Started server process [69449]
INFO:     Waiting for application startup.
INFO:     Application startup complete.
ERROR:    [Errno 48] error while attempting to bind on address ('127.0.0.1', 8088): address already in use
INFO:     Waiting for application shutdown.
INFO:     Application shutdown complete.
INFO:     Started server process [69462]
INFO:     Waiting for application startup.
INFO:     Application startup complete.
ERROR:    [Errno 48] error while attempting to bind on address ('127.0.0.1', 8088): address already in use
INFO:     Waiting for application shutdown.
INFO:     Application shutdown complete.
INFO:     Started server process [69484]
INFO:     Waiting for application startup.
INFO:     Application startup complete.
ERROR:    [Errno 48] error while attempting to bind on address ('127.0.0.1', 8088): address already in use
INFO:     Waiting for application shutdown.
INFO:     Application shutdown complete.
INFO:     Started server process [69496]
INFO:     Waiting for application startup.
INFO:     Application startup complete.
ERROR:    [Errno 48] error while attempting to bind on address ('127.0.0.1', 8088): address already in use
INFO:     Waiting for application shutdown.
INFO:     Application shutdown complete.
INFO:     Started server process [69505]
INFO:     Waiting for application startup.
INFO:     Application startup complete.
ERROR:    [Errno 48] error while attempting to bind on address ('127.0.0.1', 8088): address already in use
INFO:     Waiting for application shutdown.
INFO:     Application shutdown complete.
INFO:     Started server process [69512]
INFO:     Waiting for application startup.
INFO:     Application startup complete.
ERROR:    [Errno 48] error while attempting to bind on address ('127.0.0.1', 8088): address already in use
INFO:     Waiting for application shutdown.
INFO:     Application shutdown complete.
INFO:     Started server process [69537]
INFO:     Waiting for application startup.
INFO:     Application startup complete.
ERROR:    [Errno 48] error while attempting to bind on address ('127.0.0.1', 8088): address already in use
INFO:     Waiting for application shutdown.
INFO:     Application shutdown complete.
INFO:     Started server process [69554]
INFO:     Waiting for application startup.
INFO:     Application startup complete.
ERROR:    [Errno 48] error while attempting to bind on address ('127.0.0.1', 8088): address already in use
INFO:     Waiting for application shutdown.
INFO:     Application shutdown complete.
INFO:     Started server process [69562]
INFO:     Waiting for application startup.
INFO:     Application startup complete.
ERROR:    [Errno 48] error while attempting to bind on address ('127.0.0.1', 8088): address already in use
INFO:     Waiting for application shutdown.
INFO:     Application shutdown complete.
INFO:     Started server process [69577]
INFO:     Waiting for application startup.
INFO:     Application startup complete.
ERROR:    [Errno 48] error while attempting to bind on address ('127.0.0.1', 8088): address already in use
INFO:     Waiting for application shutdown.
INFO:     Application shutdown complete.
INFO:     Started server process [69587]
INFO:     Waiting for application startup.
INFO:     Application startup complete.
ERROR:    [Errno 48] error while attempting to bind on address ('127.0.0.1', 8088): address already in use
INFO:     Waiting for application shutdown.
INFO:     Application shutdown complete.
INFO:     Started server process [69598]
INFO:     Waiting for application startup.
INFO:     Application startup complete.
ERROR:    [Errno 48] error while attempting to bind on address ('127.0.0.1', 8088): address already in use
INFO:     Waiting for application shutdown.
INFO:     Application shutdown complete.
INFO:     Started server process [69606]
INFO:     Waiting for application startup.
INFO:     Application startup complete.
ERROR:    [Errno 48] error while attempting to bind on address ('127.0.0.1', 8088): address already in use
INFO:     Waiting for application shutdown.
INFO:     Application shutdown complete.
INFO:     Started server process [69615]
INFO:     Waiting for application startup.
INFO:     Application startup complete.
ERROR:    [Errno 48] error while attempting to bind on address ('127.0.0.1', 8088): address already in use
INFO:     Waiting for application shutdown.
INFO:     Application shutdown complete.
INFO:     Started server process [69622]
INFO:     Waiting for application startup.
INFO:     Application startup complete.
ERROR:    [Errno 48] error while attempting to bind on address ('127.0.0.1', 8088): address already in use
INFO:     Waiting for application shutdown.
INFO:     Application shutdown complete.
INFO:     Started server process [69632]
INFO:     Waiting for application startup.
INFO:     Application startup complete.
ERROR:    [Errno 48] error while attempting to bind on address ('127.0.0.1', 8088): address already in use
INFO:     Waiting for application shutdown.
INFO:     Application shutdown complete.
INFO:     Started server process [69640]
INFO:     Waiting for application startup.
INFO:     Application startup complete.
ERROR:    [Errno 48] error while attempting to bind on address ('127.0.0.1', 8088): address already in use
INFO:     Waiting for application shutdown.
INFO:     Application shutdown complete.
INFO:     Started server process [69653]
INFO:     Waiting for application startup.
INFO:     Application startup complete.
ERROR:    [Errno 48] error while attempting to bind on address ('127.0.0.1', 8088): address already in use
INFO:     Waiting for application shutdown.
INFO:     Application shutdown complete.
INFO:     Started server process [69668]
INFO:     Waiting for application startup.
INFO:     Application startup complete.
ERROR:    [Errno 48] error while attempting to bind on address ('127.0.0.1', 8088): address already in use
INFO:     Waiting for application shutdown.
INFO:     Application shutdown complete.
INFO:     Started server process [69677]
INFO:     Waiting for application startup.
INFO:     Application startup complete.
ERROR:    [Errno 48] error while attempting to bind on address ('127.0.0.1', 8088): address already in use
INFO:     Waiting for application shutdown.
INFO:     Application shutdown complete.
INFO:     Started server process [69685]
INFO:     Waiting for application startup.
INFO:     Application startup complete.
ERROR:    [Errno 48] error while attempting to bind on address ('127.0.0.1', 8088): address already in use
INFO:     Waiting for application shutdown.
INFO:     Application shutdown complete.
INFO:     Started server process [69694]
INFO:     Waiting for application startup.
INFO:     Application startup complete.
ERROR:    [Errno 48] error while attempting to bind on address ('127.0.0.1', 8088): address already in use
INFO:     Waiting for application shutdown.
INFO:     Application shutdown complete.
INFO:     Started server process [69705]
INFO:     Waiting for application startup.
INFO:     Application startup complete.
ERROR:    [Errno 48] error while attempting to bind on address ('127.0.0.1', 8088): address already in use
INFO:     Waiting for application shutdown.
INFO:     Application shutdown complete.
INFO:     Started server process [69712]
INFO:     Waiting for application startup.
INFO:     Application startup complete.
ERROR:    [Errno 48] error while attempting to bind on address ('127.0.0.1', 8088): address already in use
INFO:     Waiting for application shutdown.
INFO:     Application shutdown complete.
INFO:     Started server process [69719]
INFO:     Waiting for application startup.
INFO:     Application startup complete.
ERROR:    [Errno 48] error while attempting to bind on address ('127.0.0.1', 8088): address already in use
INFO:     Waiting for application shutdown.
INFO:     Application shutdown complete.
INFO:     Started server process [69729]
INFO:     Waiting for application startup.
INFO:     Application startup complete.
ERROR:    [Errno 48] error while attempting to bind on address ('127.0.0.1', 8088): address already in use
INFO:     Waiting for application shutdown.
INFO:     Application shutdown complete.
INFO:     Started server process [69742]
INFO:     Waiting for application startup.
INFO:     Application startup complete.
ERROR:    [Errno 48] error while attempting to bind on address ('127.0.0.1', 8088): address already in use
INFO:     Waiting for application shutdown.
INFO:     Application shutdown complete.
INFO:     Started server process [69749]
INFO:     Waiting for application startup.
INFO:     Application startup complete.
ERROR:    [Errno 48] error while attempting to bind on address ('127.0.0.1', 8088): address already in use
INFO:     Waiting for application shutdown.
INFO:     Application shutdown complete.
INFO:     Started server process [69758]
INFO:     Waiting for application startup.
INFO:     Application startup complete.
ERROR:    [Errno 48] error while attempting to bind on address ('127.0.0.1', 8088): address already in use
INFO:     Waiting for application shutdown.
INFO:     Application shutdown complete.
INFO:     Started server process [69766]
INFO:     Waiting for application startup.
INFO:     Application startup complete.
ERROR:    [Errno 48] error while attempting to bind on address ('127.0.0.1', 8088): address already in use
INFO:     Waiting for application shutdown.
INFO:     Application shutdown complete.
INFO:     Started server process [69774]
INFO:     Waiting for application startup.
INFO:     Application startup complete.
ERROR:    [Errno 48] error while attempting to bind on address ('127.0.0.1', 8088): address already in use
INFO:     Waiting for application shutdown.
INFO:     Application shutdown complete.
INFO:     Started server process [69786]
INFO:     Waiting for application startup.
INFO:     Application startup complete.
ERROR:    [Errno 48] error while attempting to bind on address ('127.0.0.1', 8088): address already in use
INFO:     Waiting for application shutdown.
INFO:     Application shutdown complete.
INFO:     Started server process [69794]
INFO:     Waiting for application startup.
INFO:     Application startup complete.
ERROR:    [Errno 48] error while attempting to bind on address ('127.0.0.1', 8088): address already in use
INFO:     Waiting for application shutdown.
INFO:     Application shutdown complete.
INFO:     Started server process [69801]
INFO:     Waiting for application startup.
INFO:     Application startup complete.
ERROR:    [Errno 48] error while attempting to bind on address ('127.0.0.1', 8088): address already in use
INFO:     Waiting for application shutdown.
INFO:     Application shutdown complete.
INFO:     Started server process [69809]
INFO:     Waiting for application startup.
INFO:     Application startup complete.
ERROR:    [Errno 48] error while attempting to bind on address ('127.0.0.1', 8088): address already in use
INFO:     Waiting for application shutdown.
INFO:     Application shutdown complete.
INFO:     Started server process [69816]
INFO:     Waiting for application startup.
INFO:     Application startup complete.
ERROR:    [Errno 48] error while attempting to bind on address ('127.0.0.1', 8088): address already in use
INFO:     Waiting for application shutdown.
INFO:     Application shutdown complete.
INFO:     Started server process [69824]
INFO:     Waiting for application startup.
INFO:     Application startup complete.
ERROR:    [Errno 48] error while attempting to bind on address ('127.0.0.1', 8088): address already in use
INFO:     Waiting for application shutdown.
INFO:     Application shutdown complete.
INFO:     Started server process [69839]
INFO:     Waiting for application startup.
INFO:     Application startup complete.
ERROR:    [Errno 48] error while attempting to bind on address ('127.0.0.1', 8088): address already in use
INFO:     Waiting for application shutdown.
INFO:     Application shutdown complete.
INFO:     Started server process [69847]
INFO:     Waiting for application startup.
INFO:     Application startup complete.
ERROR:    [Errno 48] error while attempting to bind on address ('127.0.0.1', 8088): address already in use
INFO:     Waiting for application shutdown.
INFO:     Application shutdown complete.
INFO:     Started server process [69854]
INFO:     Waiting for application startup.
INFO:     Application startup complete.
ERROR:    [Errno 48] error while attempting to bind on address ('127.0.0.1', 8088): address already in use
INFO:     Waiting for application shutdown.
INFO:     Application shutdown complete.
INFO:     Started server process [69862]
INFO:     Waiting for application startup.
INFO:     Application startup complete.
ERROR:    [Errno 48] error while attempting to bind on address ('127.0.0.1', 8088): address already in use
INFO:     Waiting for application shutdown.
INFO:     Application shutdown complete.
INFO:     Started server process [69869]
INFO:     Waiting for application startup.
INFO:     Application startup complete.
ERROR:    [Errno 48] error while attempting to bind on address ('127.0.0.1', 8088): address already in use
INFO:     Waiting for application shutdown.
INFO:     Application shutdown complete.
INFO:     Started server process [69877]
INFO:     Waiting for application startup.
INFO:     Application startup complete.
ERROR:    [Errno 48] error while attempting to bind on address ('127.0.0.1', 8088): address already in use
INFO:     Waiting for application shutdown.
INFO:     Application shutdown complete.
INFO:     Started server process [69889]
INFO:     Waiting for application startup.
INFO:     Application startup complete.
ERROR:    [Errno 48] error while attempting to bind on address ('127.0.0.1', 8088): address already in use
INFO:     Waiting for application shutdown.
INFO:     Application shutdown complete.
INFO:     Started server process [69897]
INFO:     Waiting for application startup.
INFO:     Application startup complete.
ERROR:    [Errno 48] error while attempting to bind on address ('127.0.0.1', 8088): address already in use
INFO:     Waiting for application shutdown.
INFO:     Application shutdown complete.
INFO:     Started server process [69904]
INFO:     Waiting for application startup.
INFO:     Application startup complete.
ERROR:    [Errno 48] error while attempting to bind on address ('127.0.0.1', 8088): address already in use
INFO:     Waiting for application shutdown.
INFO:     Application shutdown complete.
INFO:     Started server process [69916]
INFO:     Waiting for application startup.
INFO:     Application startup complete.
ERROR:    [Errno 48] error while attempting to bind on address ('127.0.0.1', 8088): address already in use
INFO:     Waiting for application shutdown.
INFO:     Application shutdown complete.
INFO:     Started server process [69923]
INFO:     Waiting for application startup.
INFO:     Application startup complete.
ERROR:    [Errno 48] error while attempting to bind on address ('127.0.0.1', 8088): address already in use
INFO:     Waiting for application shutdown.
INFO:     Application shutdown complete.
INFO:     Started server process [69934]
INFO:     Waiting for application startup.
INFO:     Application startup complete.
ERROR:    [Errno 48] error while attempting to bind on address ('127.0.0.1', 8088): address already in use
INFO:     Waiting for application shutdown.
INFO:     Application shutdown complete.
INFO:     Started server process [69947]
INFO:     Waiting for application startup.
INFO:     Application startup complete.
ERROR:    [Errno 48] error while attempting to bind on address ('127.0.0.1', 8088): address already in use
INFO:     Waiting for application shutdown.
INFO:     Application shutdown complete.
INFO:     Started server process [69982]
INFO:     Waiting for application startup.
INFO:     Application startup complete.
ERROR:    [Errno 48] error while attempting to bind on address ('127.0.0.1', 8088): address already in use
INFO:     Waiting for application shutdown.
INFO:     Application shutdown complete.
INFO:     Started server process [69989]
INFO:     Waiting for application startup.
INFO:     Application startup complete.
ERROR:    [Errno 48] error while attempting to bind on address ('127.0.0.1', 8088): address already in use
INFO:     Waiting for application shutdown.
INFO:     Application shutdown complete.
INFO:     Started server process [69997]
INFO:     Waiting for application startup.
INFO:     Application startup complete.
ERROR:    [Errno 48] error while attempting to bind on address ('127.0.0.1', 8088): address already in use
INFO:     Waiting for application shutdown.
INFO:     Application shutdown complete.
INFO:     Started server process [70005]
INFO:     Waiting for application startup.
INFO:     Application startup complete.
ERROR:    [Errno 48] error while attempting to bind on address ('127.0.0.1', 8088): address already in use
INFO:     Waiting for application shutdown.
INFO:     Application shutdown complete.
INFO:     Started server process [70016]
INFO:     Waiting for application startup.
INFO:     Application startup complete.
ERROR:    [Errno 48] error while attempting to bind on address ('127.0.0.1', 8088): address already in use
INFO:     Waiting for application shutdown.
INFO:     Application shutdown complete.
INFO:     Started server process [70027]
INFO:     Waiting for application startup.
INFO:     Application startup complete.
ERROR:    [Errno 48] error while attempting to bind on address ('127.0.0.1', 8088): address already in use
INFO:     Waiting for application shutdown.
INFO:     Application shutdown complete.
INFO:     Started server process [70051]
INFO:     Waiting for application startup.
INFO:     Application startup complete.
ERROR:    [Errno 48] error while attempting to bind on address ('127.0.0.1', 8088): address already in use
INFO:     Waiting for application shutdown.
INFO:     Application shutdown complete.
INFO:     Started server process [70061]
INFO:     Waiting for application startup.
INFO:     Application startup complete.
ERROR:    [Errno 48] error while attempting to bind on address ('127.0.0.1', 8088): address already in use
INFO:     Waiting for application shutdown.
INFO:     Application shutdown complete.
INFO:     Started server process [70104]
INFO:     Waiting for application startup.
INFO:     Application startup complete.
ERROR:    [Errno 48] error while attempting to bind on address ('127.0.0.1', 8088): address already in use
INFO:     Waiting for application shutdown.
INFO:     Application shutdown complete.
INFO:     Started server process [70122]
INFO:     Waiting for application startup.
INFO:     Application startup complete.
ERROR:    [Errno 48] error while attempting to bind on address ('127.0.0.1', 8088): address already in use
INFO:     Waiting for application shutdown.
INFO:     Application shutdown complete.
INFO:     Started server process [70133]
INFO:     Waiting for application startup.
INFO:     Application startup complete.
ERROR:    [Errno 48] error while attempting to bind on address ('127.0.0.1', 8088): address already in use
INFO:     Waiting for application shutdown.
INFO:     Application shutdown complete.
INFO:     Started server process [70141]
INFO:     Waiting for application startup.
INFO:     Application startup complete.
ERROR:    [Errno 48] error while attempting to bind on address ('127.0.0.1', 8088): address already in use
INFO:     Waiting for application shutdown.
INFO:     Application shutdown complete.
INFO:     Started server process [70149]
INFO:     Waiting for application startup.
INFO:     Application startup complete.
ERROR:    [Errno 48] error while attempting to bind on address ('127.0.0.1', 8088): address already in use
INFO:     Waiting for application shutdown.
INFO:     Application shutdown complete.
INFO:     Started server process [70158]
INFO:     Waiting for application startup.
INFO:     Application startup complete.
ERROR:    [Errno 48] error while attempting to bind on address ('127.0.0.1', 8088): address already in use
INFO:     Waiting for application shutdown.
INFO:     Application shutdown complete.
INFO:     Started server process [70177]
INFO:     Waiting for application startup.
INFO:     Application startup complete.
ERROR:    [Errno 48] error while attempting to bind on address ('127.0.0.1', 8088): address already in use
INFO:     Waiting for application shutdown.
INFO:     Application shutdown complete.
INFO:     Started server process [70196]
INFO:     Waiting for application startup.
INFO:     Application startup complete.
ERROR:    [Errno 48] error while attempting to bind on address ('127.0.0.1', 8088): address already in use
INFO:     Waiting for application shutdown.
INFO:     Application shutdown complete.
INFO:     Started server process [70209]
INFO:     Waiting for application startup.
INFO:     Application startup complete.
ERROR:    [Errno 48] error while attempting to bind on address ('127.0.0.1', 8088): address already in use
INFO:     Waiting for application shutdown.
INFO:     Application shutdown complete.
INFO:     Started server process [70218]
INFO:     Waiting for application startup.
INFO:     Application startup complete.
ERROR:    [Errno 48] error while attempting to bind on address ('127.0.0.1', 8088): address already in use
INFO:     Waiting for application shutdown.
INFO:     Application shutdown complete.
INFO:     Started server process [70229]
INFO:     Waiting for application startup.
INFO:     Application startup complete.
ERROR:    [Errno 48] error while attempting to bind on address ('127.0.0.1', 8088): address already in use
INFO:     Waiting for application shutdown.
INFO:     Application shutdown complete.
INFO:     Started server process [70241]
INFO:     Waiting for application startup.
INFO:     Application startup complete.
ERROR:    [Errno 48] error while attempting to bind on address ('127.0.0.1', 8088): address already in use
INFO:     Waiting for application shutdown.
INFO:     Application shutdown complete.
INFO:     Started server process [70251]
INFO:     Waiting for application startup.
INFO:     Application startup complete.
ERROR:    [Errno 48] error while attempting to bind on address ('127.0.0.1', 8088): address already in use
INFO:     Waiting for application shutdown.
INFO:     Application shutdown complete.
INFO:     Started server process [70263]
INFO:     Waiting for application startup.
INFO:     Application startup complete.
ERROR:    [Errno 48] error while attempting to bind on address ('127.0.0.1', 8088): address already in use
INFO:     Waiting for application shutdown.
INFO:     Application shutdown complete.
INFO:     Started server process [70271]
INFO:     Waiting for application startup.
INFO:     Application startup complete.
ERROR:    [Errno 48] error while attempting to bind on address ('127.0.0.1', 8088): address already in use
INFO:     Waiting for application shutdown.
INFO:     Application shutdown complete.
INFO:     Started server process [70279]
INFO:     Waiting for application startup.
INFO:     Application startup complete.
ERROR:    [Errno 48] error while attempting to bind on address ('127.0.0.1', 8088): address already in use
INFO:     Waiting for application shutdown.
INFO:     Application shutdown complete.
INFO:     Started server process [70291]
INFO:     Waiting for application startup.
INFO:     Application startup complete.
ERROR:    [Errno 48] error while attempting to bind on address ('127.0.0.1', 8088): address already in use
INFO:     Waiting for application shutdown.
INFO:     Application shutdown complete.
INFO:     Started server process [70307]
INFO:     Waiting for application startup.
INFO:     Application startup complete.
ERROR:    [Errno 48] error while attempting to bind on address ('127.0.0.1', 8088): address already in use
INFO:     Waiting for application shutdown.
INFO:     Application shutdown complete.
INFO:     Started server process [70316]
INFO:     Waiting for application startup.
INFO:     Application startup complete.
ERROR:    [Errno 48] error while attempting to bind on address ('127.0.0.1', 8088): address already in use
INFO:     Waiting for application shutdown.
INFO:     Application shutdown complete.
INFO:     Started server process [70326]
INFO:     Waiting for application startup.
INFO:     Application startup complete.
ERROR:    [Errno 48] error while attempting to bind on address ('127.0.0.1', 8088): address already in use
INFO:     Waiting for application shutdown.
INFO:     Application shutdown complete.
INFO:     Started server process [70337]
INFO:     Waiting for application startup.
INFO:     Application startup complete.
ERROR:    [Errno 48] error while attempting to bind on address ('127.0.0.1', 8088): address already in use
INFO:     Waiting for application shutdown.
INFO:     Application shutdown complete.
INFO:     Started server process [70345]
INFO:     Waiting for application startup.
INFO:     Application startup complete.
ERROR:    [Errno 48] error while attempting to bind on address ('127.0.0.1', 8088): address already in use
INFO:     Waiting for application shutdown.
INFO:     Application shutdown complete.
INFO:     Started server process [70354]
INFO:     Waiting for application startup.
INFO:     Application startup complete.
ERROR:    [Errno 48] error while attempting to bind on address ('127.0.0.1', 8088): address already in use
INFO:     Waiting for application shutdown.
INFO:     Application shutdown complete.
INFO:     Started server process [70361]
INFO:     Waiting for application startup.
INFO:     Application startup complete.
ERROR:    [Errno 48] error while attempting to bind on address ('127.0.0.1', 8088): address already in use
INFO:     Waiting for application shutdown.
INFO:     Application shutdown complete.
INFO:     Started server process [70373]
INFO:     Waiting for application startup.
INFO:     Application startup complete.
ERROR:    [Errno 48] error while attempting to bind on address ('127.0.0.1', 8088): address already in use
INFO:     Waiting for application shutdown.
INFO:     Application shutdown complete.
INFO:     Started server process [70381]
INFO:     Waiting for application startup.
INFO:     Application startup complete.
ERROR:    [Errno 48] error while attempting to bind on address ('127.0.0.1', 8088): address already in use
INFO:     Waiting for application shutdown.
INFO:     Application shutdown complete.
INFO:     Started server process [70388]
INFO:     Waiting for application startup.
INFO:     Application startup complete.
ERROR:    [Errno 48] error while attempting to bind on address ('127.0.0.1', 8088): address already in use
INFO:     Waiting for application shutdown.
INFO:     Application shutdown complete.
INFO:     Started server process [70397]
INFO:     Waiting for application startup.
INFO:     Application startup complete.
ERROR:    [Errno 48] error while attempting to bind on address ('127.0.0.1', 8088): address already in use
INFO:     Waiting for application shutdown.
INFO:     Application shutdown complete.
INFO:     Started server process [70405]
INFO:     Waiting for application startup.
INFO:     Application startup complete.
ERROR:    [Errno 48] error while attempting to bind on address ('127.0.0.1', 8088): address already in use
INFO:     Waiting for application shutdown.
INFO:     Application shutdown complete.
INFO:     Started server process [70417]
INFO:     Waiting for application startup.
INFO:     Application startup complete.
ERROR:    [Errno 48] error while attempting to bind on address ('127.0.0.1', 8088): address already in use
INFO:     Waiting for application shutdown.
INFO:     Application shutdown complete.
INFO:     Started server process [70428]
INFO:     Waiting for application startup.
INFO:     Application startup complete.
ERROR:    [Errno 48] error while attempting to bind on address ('127.0.0.1', 8088): address already in use
INFO:     Waiting for application shutdown.
INFO:     Application shutdown complete.
INFO:     Started server process [70436]
INFO:     Waiting for application startup.
INFO:     Application startup complete.
ERROR:    [Errno 48] error while attempting to bind on address ('127.0.0.1', 8088): address already in use
INFO:     Waiting for application shutdown.
INFO:     Application shutdown complete.
INFO:     Started server process [70443]
INFO:     Waiting for application startup.
INFO:     Application startup complete.
ERROR:    [Errno 48] error while attempting to bind on address ('127.0.0.1', 8088): address already in use
INFO:     Waiting for application shutdown.
INFO:     Application shutdown complete.
INFO:     Started server process [70451]
INFO:     Waiting for application startup.
INFO:     Application startup complete.
ERROR:    [Errno 48] error while attempting to bind on address ('127.0.0.1', 8088): address already in use
INFO:     Waiting for application shutdown.
INFO:     Application shutdown complete.
INFO:     Started server process [70462]
INFO:     Waiting for application startup.
INFO:     Application startup complete.
ERROR:    [Errno 48] error while attempting to bind on address ('127.0.0.1', 8088): address already in use
INFO:     Waiting for application shutdown.
INFO:     Application shutdown complete.
INFO:     Started server process [70472]
INFO:     Waiting for application startup.
INFO:     Application startup complete.
ERROR:    [Errno 48] error while attempting to bind on address ('127.0.0.1', 8088): address already in use
INFO:     Waiting for application shutdown.
INFO:     Application shutdown complete.
INFO:     Started server process [70481]
INFO:     Waiting for application startup.
INFO:     Application startup complete.
ERROR:    [Errno 48] error while attempting to bind on address ('127.0.0.1', 8088): address already in use
INFO:     Waiting for application shutdown.
INFO:     Application shutdown complete.
INFO:     Started server process [70492]
INFO:     Waiting for application startup.
INFO:     Application startup complete.
ERROR:    [Errno 48] error while attempting to bind on address ('127.0.0.1', 8088): address already in use
INFO:     Waiting for application shutdown.
INFO:     Application shutdown complete.
INFO:     Started server process [70499]
INFO:     Waiting for application startup.
INFO:     Application startup complete.
ERROR:    [Errno 48] error while attempting to bind on address ('127.0.0.1', 8088): address already in use
INFO:     Waiting for application shutdown.
INFO:     Application shutdown complete.
INFO:     Started server process [70509]
INFO:     Waiting for application startup.
INFO:     Application startup complete.
ERROR:    [Errno 48] error while attempting to bind on address ('127.0.0.1', 8088): address already in use
INFO:     Waiting for application shutdown.
INFO:     Application shutdown complete.
INFO:     Started server process [70518]
INFO:     Waiting for application startup.
INFO:     Application startup complete.
ERROR:    [Errno 48] error while attempting to bind on address ('127.0.0.1', 8088): address already in use
INFO:     Waiting for application shutdown.
INFO:     Application shutdown complete.
INFO:     Started server process [70528]
INFO:     Waiting for application startup.
INFO:     Application startup complete.
ERROR:    [Errno 48] error while attempting to bind on address ('127.0.0.1', 8088): address already in use
INFO:     Waiting for application shutdown.
INFO:     Application shutdown complete.
INFO:     Started server process [70538]
INFO:     Waiting for application startup.
INFO:     Application startup complete.
ERROR:    [Errno 48] error while attempting to bind on address ('127.0.0.1', 8088): address already in use
INFO:     Waiting for application shutdown.
INFO:     Application shutdown complete.
INFO:     Started server process [70545]
INFO:     Waiting for application startup.
INFO:     Application startup complete.
ERROR:    [Errno 48] error while attempting to bind on address ('127.0.0.1', 8088): address already in use
INFO:     Waiting for application shutdown.
INFO:     Application shutdown complete.
INFO:     Started server process [70552]
INFO:     Waiting for application startup.
INFO:     Application startup complete.
ERROR:    [Errno 48] error while attempting to bind on address ('127.0.0.1', 8088): address already in use
INFO:     Waiting for application shutdown.
INFO:     Application shutdown complete.
INFO:     Started server process [70564]
INFO:     Waiting for application startup.
INFO:     Application startup complete.
ERROR:    [Errno 48] error while attempting to bind on address ('127.0.0.1', 8088): address already in use
INFO:     Waiting for application shutdown.
INFO:     Application shutdown complete.
INFO:     Started server process [70571]
INFO:     Waiting for application startup.
INFO:     Application startup complete.
ERROR:    [Errno 48] error while attempting to bind on address ('127.0.0.1', 8088): address already in use
INFO:     Waiting for application shutdown.
INFO:     Application shutdown complete.
INFO:     Started server process [70582]
INFO:     Waiting for application startup.
INFO:     Application startup complete.
ERROR:    [Errno 48] error while attempting to bind on address ('127.0.0.1', 8088): address already in use
INFO:     Waiting for application shutdown.
INFO:     Application shutdown complete.
INFO:     Started server process [70592]
INFO:     Waiting for application startup.
INFO:     Application startup complete.
ERROR:    [Errno 48] error while attempting to bind on address ('127.0.0.1', 8088): address already in use
INFO:     Waiting for application shutdown.
INFO:     Application shutdown complete.
INFO:     Started server process [70599]
INFO:     Waiting for application startup.
INFO:     Application startup complete.
ERROR:    [Errno 48] error while attempting to bind on address ('127.0.0.1', 8088): address already in use
INFO:     Waiting for application shutdown.
INFO:     Application shutdown complete.
INFO:     Started server process [70607]
INFO:     Waiting for application startup.
INFO:     Application startup complete.
ERROR:    [Errno 48] error while attempting to bind on address ('127.0.0.1', 8088): address already in use
INFO:     Waiting for application shutdown.
INFO:     Application shutdown complete.
INFO:     Started server process [70616]
INFO:     Waiting for application startup.
INFO:     Application startup complete.
ERROR:    [Errno 48] error while attempting to bind on address ('127.0.0.1', 8088): address already in use
INFO:     Waiting for application shutdown.
INFO:     Application shutdown complete.
INFO:     Started server process [70623]
INFO:     Waiting for application startup.
INFO:     Application startup complete.
ERROR:    [Errno 48] error while attempting to bind on address ('127.0.0.1', 8088): address already in use
INFO:     Waiting for application shutdown.
INFO:     Application shutdown complete.
INFO:     Started server process [70633]
INFO:     Waiting for application startup.
INFO:     Application startup complete.
ERROR:    [Errno 48] error while attempting to bind on address ('127.0.0.1', 8088): address already in use
INFO:     Waiting for application shutdown.
INFO:     Application shutdown complete.
INFO:     Started server process [70647]
INFO:     Waiting for application startup.
INFO:     Application startup complete.
ERROR:    [Errno 48] error while attempting to bind on address ('127.0.0.1', 8088): address already in use
INFO:     Waiting for application shutdown.
INFO:     Application shutdown complete.
INFO:     Started server process [70654]
INFO:     Waiting for application startup.
INFO:     Application startup complete.
ERROR:    [Errno 48] error while attempting to bind on address ('127.0.0.1', 8088): address already in use
INFO:     Waiting for application shutdown.
INFO:     Application shutdown complete.
INFO:     Started server process [70662]
INFO:     Waiting for application startup.
INFO:     Application startup complete.
ERROR:    [Errno 48] error while attempting to bind on address ('127.0.0.1', 8088): address already in use
INFO:     Waiting for application shutdown.
INFO:     Application shutdown complete.
INFO:     Started server process [70671]
INFO:     Waiting for application startup.
INFO:     Application startup complete.
ERROR:    [Errno 48] error while attempting to bind on address ('127.0.0.1', 8088): address already in use
INFO:     Waiting for application shutdown.
INFO:     Application shutdown complete.
INFO:     Started server process [70679]
INFO:     Waiting for application startup.
INFO:     Application startup complete.
ERROR:    [Errno 48] error while attempting to bind on address ('127.0.0.1', 8088): address already in use
INFO:     Waiting for application shutdown.
INFO:     Application shutdown complete.
INFO:     Started server process [70690]
INFO:     Waiting for application startup.
INFO:     Application startup complete.
ERROR:    [Errno 48] error while attempting to bind on address ('127.0.0.1', 8088): address already in use
INFO:     Waiting for application shutdown.
INFO:     Application shutdown complete.
INFO:     Started server process [70700]
INFO:     Waiting for application startup.
INFO:     Application startup complete.
ERROR:    [Errno 48] error while attempting to bind on address ('127.0.0.1', 8088): address already in use
INFO:     Waiting for application shutdown.
INFO:     Application shutdown complete.
INFO:     Started server process [70707]
INFO:     Waiting for application startup.
INFO:     Application startup complete.
ERROR:    [Errno 48] error while attempting to bind on address ('127.0.0.1', 8088): address already in use
INFO:     Waiting for application shutdown.
INFO:     Application shutdown complete.
INFO:     Started server process [70715]
INFO:     Waiting for application startup.
INFO:     Application startup complete.
ERROR:    [Errno 48] error while attempting to bind on address ('127.0.0.1', 8088): address already in use
INFO:     Waiting for application shutdown.
INFO:     Application shutdown complete.
INFO:     Started server process [70723]
INFO:     Waiting for application startup.
INFO:     Application startup complete.
ERROR:    [Errno 48] error while attempting to bind on address ('127.0.0.1', 8088): address already in use
INFO:     Waiting for application shutdown.
INFO:     Application shutdown complete.
INFO:     Started server process [70731]
INFO:     Waiting for application startup.
INFO:     Application startup complete.
ERROR:    [Errno 48] error while attempting to bind on address ('127.0.0.1', 8088): address already in use
INFO:     Waiting for application shutdown.
INFO:     Application shutdown complete.
INFO:     Started server process [70744]
INFO:     Waiting for application startup.
INFO:     Application startup complete.
ERROR:    [Errno 48] error while attempting to bind on address ('127.0.0.1', 8088): address already in use
INFO:     Waiting for application shutdown.
INFO:     Application shutdown complete.
INFO:     Started server process [70758]
INFO:     Waiting for application startup.
INFO:     Application startup complete.
ERROR:    [Errno 48] error while attempting to bind on address ('127.0.0.1', 8088): address already in use
INFO:     Waiting for application shutdown.
INFO:     Application shutdown complete.
INFO:     Started server process [70773]
INFO:     Waiting for application startup.
INFO:     Application startup complete.
ERROR:    [Errno 48] error while attempting to bind on address ('127.0.0.1', 8088): address already in use
INFO:     Waiting for application shutdown.
INFO:     Application shutdown complete.
INFO:     Started server process [70780]
INFO:     Waiting for application startup.
INFO:     Application startup complete.
ERROR:    [Errno 48] error while attempting to bind on address ('127.0.0.1', 8088): address already in use
INFO:     Waiting for application shutdown.
INFO:     Application shutdown complete.
INFO:     Started server process [70788]
INFO:     Waiting for application startup.
INFO:     Application startup complete.
ERROR:    [Errno 48] error while attempting to bind on address ('127.0.0.1', 8088): address already in use
INFO:     Waiting for application shutdown.
INFO:     Application shutdown complete.
INFO:     Started server process [70798]
INFO:     Waiting for application startup.
INFO:     Application startup complete.
ERROR:    [Errno 48] error while attempting to bind on address ('127.0.0.1', 8088): address already in use
INFO:     Waiting for application shutdown.
INFO:     Application shutdown complete.
INFO:     Started server process [70809]
INFO:     Waiting for application startup.
INFO:     Application startup complete.
ERROR:    [Errno 48] error while attempting to bind on address ('127.0.0.1', 8088): address already in use
INFO:     Waiting for application shutdown.
INFO:     Application shutdown complete.
INFO:     Started server process [70817]
INFO:     Waiting for application startup.
INFO:     Application startup complete.
ERROR:    [Errno 48] error while attempting to bind on address ('127.0.0.1', 8088): address already in use
INFO:     Waiting for application shutdown.
INFO:     Application shutdown complete.
INFO:     Started server process [70825]
INFO:     Waiting for application startup.
INFO:     Application startup complete.
ERROR:    [Errno 48] error while attempting to bind on address ('127.0.0.1', 8088): address already in use
INFO:     Waiting for application shutdown.
INFO:     Application shutdown complete.
INFO:     Started server process [70845]
INFO:     Waiting for application startup.
INFO:     Application startup complete.
ERROR:    [Errno 48] error while attempting to bind on address ('127.0.0.1', 8088): address already in use
INFO:     Waiting for application shutdown.
INFO:     Application shutdown complete.
INFO:     Started server process [70854]
INFO:     Waiting for application startup.
INFO:     Application startup complete.
ERROR:    [Errno 48] error while attempting to bind on address ('127.0.0.1', 8088): address already in use
INFO:     Waiting for application shutdown.
INFO:     Application shutdown complete.
INFO:     Started server process [70862]
INFO:     Waiting for application startup.
INFO:     Application startup complete.
ERROR:    [Errno 48] error while attempting to bind on address ('127.0.0.1', 8088): address already in use
INFO:     Waiting for application shutdown.
INFO:     Application shutdown complete.
INFO:     Started server process [70873]
INFO:     Waiting for application startup.
INFO:     Application startup complete.
ERROR:    [Errno 48] error while attempting to bind on address ('127.0.0.1', 8088): address already in use
INFO:     Waiting for application shutdown.
INFO:     Application shutdown complete.
INFO:     Started server process [70882]
INFO:     Waiting for application startup.
INFO:     Application startup complete.
ERROR:    [Errno 48] error while attempting to bind on address ('127.0.0.1', 8088): address already in use
INFO:     Waiting for application shutdown.
INFO:     Application shutdown complete.
INFO:     Started server process [70892]
INFO:     Waiting for application startup.
INFO:     Application startup complete.
ERROR:    [Errno 48] error while attempting to bind on address ('127.0.0.1', 8088): address already in use
INFO:     Waiting for application shutdown.
INFO:     Application shutdown complete.
INFO:     Started server process [70900]
INFO:     Waiting for application startup.
INFO:     Application startup complete.
ERROR:    [Errno 48] error while attempting to bind on address ('127.0.0.1', 8088): address already in use
INFO:     Waiting for application shutdown.
INFO:     Application shutdown complete.
INFO:     Started server process [70909]
INFO:     Waiting for application startup.
INFO:     Application startup complete.
ERROR:    [Errno 48] error while attempting to bind on address ('127.0.0.1', 8088): address already in use
INFO:     Waiting for application shutdown.
INFO:     Application shutdown complete.
INFO:     Started server process [70918]
INFO:     Waiting for application startup.
INFO:     Application startup complete.
ERROR:    [Errno 48] error while attempting to bind on address ('127.0.0.1', 8088): address already in use
INFO:     Waiting for application shutdown.
INFO:     Application shutdown complete.
INFO:     Started server process [70928]
INFO:     Waiting for application startup.
INFO:     Application startup complete.
ERROR:    [Errno 48] error while attempting to bind on address ('127.0.0.1', 8088): address already in use
INFO:     Waiting for application shutdown.
INFO:     Application shutdown complete.
INFO:     Started server process [70940]
INFO:     Waiting for application startup.
INFO:     Application startup complete.
ERROR:    [Errno 48] error while attempting to bind on address ('127.0.0.1', 8088): address already in use
INFO:     Waiting for application shutdown.
INFO:     Application shutdown complete.
INFO:     Started server process [70963]
INFO:     Waiting for application startup.
INFO:     Application startup complete.
ERROR:    [Errno 48] error while attempting to bind on address ('127.0.0.1', 8088): address already in use
INFO:     Waiting for application shutdown.
INFO:     Application shutdown complete.
INFO:     Started server process [70971]
INFO:     Waiting for application startup.
INFO:     Application startup complete.
ERROR:    [Errno 48] error while attempting to bind on address ('127.0.0.1', 8088): address already in use
INFO:     Waiting for application shutdown.
INFO:     Application shutdown complete.
INFO:     Started server process [70981]
INFO:     Waiting for application startup.
INFO:     Application startup complete.
ERROR:    [Errno 48] error while attempting to bind on address ('127.0.0.1', 8088): address already in use
INFO:     Waiting for application shutdown.
INFO:     Application shutdown complete.
INFO:     Started server process [70992]
INFO:     Waiting for application startup.
INFO:     Application startup complete.
ERROR:    [Errno 48] error while attempting to bind on address ('127.0.0.1', 8088): address already in use
INFO:     Waiting for application shutdown.
INFO:     Application shutdown complete.
INFO:     Started server process [71000]
INFO:     Waiting for application startup.
INFO:     Application startup complete.
ERROR:    [Errno 48] error while attempting to bind on address ('127.0.0.1', 8088): address already in use
INFO:     Waiting for application shutdown.
INFO:     Application shutdown complete.
INFO:     Started server process [71008]
INFO:     Waiting for application startup.
INFO:     Application startup complete.
ERROR:    [Errno 48] error while attempting to bind on address ('127.0.0.1', 8088): address already in use
INFO:     Waiting for application shutdown.
INFO:     Application shutdown complete.
INFO:     Started server process [71016]
INFO:     Waiting for application startup.
INFO:     Application startup complete.
ERROR:    [Errno 48] error while attempting to bind on address ('127.0.0.1', 8088): address already in use
INFO:     Waiting for application shutdown.
INFO:     Application shutdown complete.
INFO:     Started server process [71028]
INFO:     Waiting for application startup.
INFO:     Application startup complete.
ERROR:    [Errno 48] error while attempting to bind on address ('127.0.0.1', 8088): address already in use
INFO:     Waiting for application shutdown.
INFO:     Application shutdown complete.
INFO:     Started server process [71038]
INFO:     Waiting for application startup.
INFO:     Application startup complete.
ERROR:    [Errno 48] error while attempting to bind on address ('127.0.0.1', 8088): address already in use
INFO:     Waiting for application shutdown.
INFO:     Application shutdown complete.
INFO:     Started server process [71054]
INFO:     Waiting for application startup.
INFO:     Application startup complete.
ERROR:    [Errno 48] error while attempting to bind on address ('127.0.0.1', 8088): address already in use
INFO:     Waiting for application shutdown.
INFO:     Application shutdown complete.
INFO:     Started server process [71064]
INFO:     Waiting for application startup.
INFO:     Application startup complete.
ERROR:    [Errno 48] error while attempting to bind on address ('127.0.0.1', 8088): address already in use
INFO:     Waiting for application shutdown.
INFO:     Application shutdown complete.
INFO:     Started server process [71072]
INFO:     Waiting for application startup.
INFO:     Application startup complete.
ERROR:    [Errno 48] error while attempting to bind on address ('127.0.0.1', 8088): address already in use
INFO:     Waiting for application shutdown.
INFO:     Application shutdown complete.
INFO:     Started server process [71080]
INFO:     Waiting for application startup.
INFO:     Application startup complete.
ERROR:    [Errno 48] error while attempting to bind on address ('127.0.0.1', 8088): address already in use
INFO:     Waiting for application shutdown.
INFO:     Application shutdown complete.
INFO:     Started server process [71087]
INFO:     Waiting for application startup.
INFO:     Application startup complete.
ERROR:    [Errno 48] error while attempting to bind on address ('127.0.0.1', 8088): address already in use
INFO:     Waiting for application shutdown.
INFO:     Application shutdown complete.
INFO:     Started server process [71096]
INFO:     Waiting for application startup.
INFO:     Application startup complete.
ERROR:    [Errno 48] error while attempting to bind on address ('127.0.0.1', 8088): address already in use
INFO:     Waiting for application shutdown.
INFO:     Application shutdown complete.
INFO:     Started server process [71110]
INFO:     Waiting for application startup.
INFO:     Application startup complete.
ERROR:    [Errno 48] error while attempting to bind on address ('127.0.0.1', 8088): address already in use
INFO:     Waiting for application shutdown.
INFO:     Application shutdown complete.
INFO:     Started server process [71119]
INFO:     Waiting for application startup.
INFO:     Application startup complete.
ERROR:    [Errno 48] error while attempting to bind on address ('127.0.0.1', 8088): address already in use
INFO:     Waiting for application shutdown.
INFO:     Application shutdown complete.
INFO:     Started server process [71127]
INFO:     Waiting for application startup.
INFO:     Application startup complete.
ERROR:    [Errno 48] error while attempting to bind on address ('127.0.0.1', 8088): address already in use
INFO:     Waiting for application shutdown.
INFO:     Application shutdown complete.
INFO:     Started server process [71135]
INFO:     Waiting for application startup.
INFO:     Application startup complete.
ERROR:    [Errno 48] error while attempting to bind on address ('127.0.0.1', 8088): address already in use
INFO:     Waiting for application shutdown.
INFO:     Application shutdown complete.
INFO:     Started server process [71143]
INFO:     Waiting for application startup.
INFO:     Application startup complete.
ERROR:    [Errno 48] error while attempting to bind on address ('127.0.0.1', 8088): address already in use
INFO:     Waiting for application shutdown.
INFO:     Application shutdown complete.
INFO:     Started server process [71155]
INFO:     Waiting for application startup.
INFO:     Application startup complete.
ERROR:    [Errno 48] error while attempting to bind on address ('127.0.0.1', 8088): address already in use
INFO:     Waiting for application shutdown.
INFO:     Application shutdown complete.
INFO:     Started server process [71165]
INFO:     Waiting for application startup.
INFO:     Application startup complete.
ERROR:    [Errno 48] error while attempting to bind on address ('127.0.0.1', 8088): address already in use
INFO:     Waiting for application shutdown.
INFO:     Application shutdown complete.
INFO:     Started server process [71173]
INFO:     Waiting for application startup.
INFO:     Application startup complete.
ERROR:    [Errno 48] error while attempting to bind on address ('127.0.0.1', 8088): address already in use
INFO:     Waiting for application shutdown.
INFO:     Application shutdown complete.
INFO:     Started server process [71185]
INFO:     Waiting for application startup.
INFO:     Application startup complete.
ERROR:    [Errno 48] error while attempting to bind on address ('127.0.0.1', 8088): address already in use
INFO:     Waiting for application shutdown.
INFO:     Application shutdown complete.
INFO:     Started server process [71192]
INFO:     Waiting for application startup.
INFO:     Application startup complete.
ERROR:    [Errno 48] error while attempting to bind on address ('127.0.0.1', 8088): address already in use
INFO:     Waiting for application shutdown.
INFO:     Application shutdown complete.
INFO:     Started server process [71200]
INFO:     Waiting for application startup.
INFO:     Application startup complete.
ERROR:    [Errno 48] error while attempting to bind on address ('127.0.0.1', 8088): address already in use
INFO:     Waiting for application shutdown.
INFO:     Application shutdown complete.
INFO:     Started server process [71222]
INFO:     Waiting for application startup.
INFO:     Application startup complete.
ERROR:    [Errno 48] error while attempting to bind on address ('127.0.0.1', 8088): address already in use
INFO:     Waiting for application shutdown.
INFO:     Application shutdown complete.
INFO:     Started server process [71230]
INFO:     Waiting for application startup.
INFO:     Application startup complete.
ERROR:    [Errno 48] error while attempting to bind on address ('127.0.0.1', 8088): address already in use
INFO:     Waiting for application shutdown.
INFO:     Application shutdown complete.
INFO:     Started server process [71238]
INFO:     Waiting for application startup.
INFO:     Application startup complete.
ERROR:    [Errno 48] error while attempting to bind on address ('127.0.0.1', 8088): address already in use
INFO:     Waiting for application shutdown.
INFO:     Application shutdown complete.
INFO:     Started server process [71247]
INFO:     Waiting for application startup.
INFO:     Application startup complete.
ERROR:    [Errno 48] error while attempting to bind on address ('127.0.0.1', 8088): address already in use
INFO:     Waiting for application shutdown.
INFO:     Application shutdown complete.
INFO:     Started server process [71259]
INFO:     Waiting for application startup.
INFO:     Application startup complete.
ERROR:    [Errno 48] error while attempting to bind on address ('127.0.0.1', 8088): address already in use
INFO:     Waiting for application shutdown.
INFO:     Application shutdown complete.
INFO:     Started server process [71270]
INFO:     Waiting for application startup.
INFO:     Application startup complete.
ERROR:    [Errno 48] error while attempting to bind on address ('127.0.0.1', 8088): address already in use
INFO:     Waiting for application shutdown.
INFO:     Application shutdown complete.
INFO:     Started server process [71283]
INFO:     Waiting for application startup.
INFO:     Application startup complete.
ERROR:    [Errno 48] error while attempting to bind on address ('127.0.0.1', 8088): address already in use
INFO:     Waiting for application shutdown.
INFO:     Application shutdown complete.
INFO:     Started server process [71291]
INFO:     Waiting for application startup.
INFO:     Application startup complete.
ERROR:    [Errno 48] error while attempting to bind on address ('127.0.0.1', 8088): address already in use
INFO:     Waiting for application shutdown.
INFO:     Application shutdown complete.
INFO:     Started server process [71299]
INFO:     Waiting for application startup.
INFO:     Application startup complete.
ERROR:    [Errno 48] error while attempting to bind on address ('127.0.0.1', 8088): address already in use
INFO:     Waiting for application shutdown.
INFO:     Application shutdown complete.
INFO:     Started server process [71307]
INFO:     Waiting for application startup.
INFO:     Application startup complete.
ERROR:    [Errno 48] error while attempting to bind on address ('127.0.0.1', 8088): address already in use
INFO:     Waiting for application shutdown.
INFO:     Application shutdown complete.
INFO:     Started server process [71314]
INFO:     Waiting for application startup.
INFO:     Application startup complete.
ERROR:    [Errno 48] error while attempting to bind on address ('127.0.0.1', 8088): address already in use
INFO:     Waiting for application shutdown.
INFO:     Application shutdown complete.
INFO:     Started server process [71323]
INFO:     Waiting for application startup.
INFO:     Application startup complete.
ERROR:    [Errno 48] error while attempting to bind on address ('127.0.0.1', 8088): address already in use
INFO:     Waiting for application shutdown.
INFO:     Application shutdown complete.
INFO:     Started server process [71347]
INFO:     Waiting for application startup.
INFO:     Application startup complete.
ERROR:    [Errno 48] error while attempting to bind on address ('127.0.0.1', 8088): address already in use
INFO:     Waiting for application shutdown.
INFO:     Application shutdown complete.
INFO:     Started server process [71374]
INFO:     Waiting for application startup.
INFO:     Application startup complete.
ERROR:    [Errno 48] error while attempting to bind on address ('127.0.0.1', 8088): address already in use
INFO:     Waiting for application shutdown.
INFO:     Application shutdown complete.
INFO:     Started server process [71392]
INFO:     Waiting for application startup.
INFO:     Application startup complete.
ERROR:    [Errno 48] error while attempting to bind on address ('127.0.0.1', 8088): address already in use
INFO:     Waiting for application shutdown.
INFO:     Application shutdown complete.
INFO:     Started server process [71401]
INFO:     Waiting for application startup.
INFO:     Application startup complete.
ERROR:    [Errno 48] error while attempting to bind on address ('127.0.0.1', 8088): address already in use
INFO:     Waiting for application shutdown.
INFO:     Application shutdown complete.
INFO:     Started server process [71415]
INFO:     Waiting for application startup.
INFO:     Application startup complete.
ERROR:    [Errno 48] error while attempting to bind on address ('127.0.0.1', 8088): address already in use
INFO:     Waiting for application shutdown.
INFO:     Application shutdown complete.
INFO:     Started server process [71425]
INFO:     Waiting for application startup.
INFO:     Application startup complete.
ERROR:    [Errno 48] error while attempting to bind on address ('127.0.0.1', 8088): address already in use
INFO:     Waiting for application shutdown.
INFO:     Application shutdown complete.
INFO:     Started server process [71433]
INFO:     Waiting for application startup.
INFO:     Application startup complete.
ERROR:    [Errno 48] error while attempting to bind on address ('127.0.0.1', 8088): address already in use
INFO:     Waiting for application shutdown.
INFO:     Application shutdown complete.
INFO:     Started server process [71446]
INFO:     Waiting for application startup.
INFO:     Application startup complete.
ERROR:    [Errno 48] error while attempting to bind on address ('127.0.0.1', 8088): address already in use
INFO:     Waiting for application shutdown.
INFO:     Application shutdown complete.
INFO:     Started server process [71469]
INFO:     Waiting for application startup.
INFO:     Application startup complete.
ERROR:    [Errno 48] error while attempting to bind on address ('127.0.0.1', 8088): address already in use
INFO:     Waiting for application shutdown.
INFO:     Application shutdown complete.
INFO:     Started server process [71486]
INFO:     Waiting for application startup.
INFO:     Application startup complete.
ERROR:    [Errno 48] error while attempting to bind on address ('127.0.0.1', 8088): address already in use
INFO:     Waiting for application shutdown.
INFO:     Application shutdown complete.
INFO:     Started server process [71493]
INFO:     Waiting for application startup.
INFO:     Application startup complete.
ERROR:    [Errno 48] error while attempting to bind on address ('127.0.0.1', 8088): address already in use
INFO:     Waiting for application shutdown.
INFO:     Application shutdown complete.
INFO:     Started server process [71503]
INFO:     Waiting for application startup.
INFO:     Application startup complete.
ERROR:    [Errno 48] error while attempting to bind on address ('127.0.0.1', 8088): address already in use
INFO:     Waiting for application shutdown.
INFO:     Application shutdown complete.
INFO:     Started server process [71513]
INFO:     Waiting for application startup.
INFO:     Application startup complete.
ERROR:    [Errno 48] error while attempting to bind on address ('127.0.0.1', 8088): address already in use
INFO:     Waiting for application shutdown.
INFO:     Application shutdown complete.
INFO:     Started server process [71521]
INFO:     Waiting for application startup.
INFO:     Application startup complete.
ERROR:    [Errno 48] error while attempting to bind on address ('127.0.0.1', 8088): address already in use
INFO:     Waiting for application shutdown.
INFO:     Application shutdown complete.
INFO:     Started server process [71529]
INFO:     Waiting for application startup.
INFO:     Application startup complete.
ERROR:    [Errno 48] error while attempting to bind on address ('127.0.0.1', 8088): address already in use
INFO:     Waiting for application shutdown.
INFO:     Application shutdown complete.
INFO:     Started server process [71570]
INFO:     Waiting for application startup.
INFO:     Application startup complete.
ERROR:    [Errno 48] error while attempting to bind on address ('127.0.0.1', 8088): address already in use
INFO:     Waiting for application shutdown.
INFO:     Application shutdown complete.
INFO:     Started server process [71585]
INFO:     Waiting for application startup.
INFO:     Application startup complete.
ERROR:    [Errno 48] error while attempting to bind on address ('127.0.0.1', 8088): address already in use
INFO:     Waiting for application shutdown.
INFO:     Application shutdown complete.
INFO:     Started server process [71594]
INFO:     Waiting for application startup.
INFO:     Application startup complete.
ERROR:    [Errno 48] error while attempting to bind on address ('127.0.0.1', 8088): address already in use
INFO:     Waiting for application shutdown.
INFO:     Application shutdown complete.
INFO:     Started server process [71603]
INFO:     Waiting for application startup.
INFO:     Application startup complete.
ERROR:    [Errno 48] error while attempting to bind on address ('127.0.0.1', 8088): address already in use
INFO:     Waiting for application shutdown.
INFO:     Application shutdown complete.
INFO:     Started server process [71610]
INFO:     Waiting for application startup.
INFO:     Application startup complete.
ERROR:    [Errno 48] error while attempting to bind on address ('127.0.0.1', 8088): address already in use
INFO:     Waiting for application shutdown.
INFO:     Application shutdown complete.
INFO:     Started server process [71617]
INFO:     Waiting for application startup.
INFO:     Application startup complete.
ERROR:    [Errno 48] error while attempting to bind on address ('127.0.0.1', 8088): address already in use
INFO:     Waiting for application shutdown.
INFO:     Application shutdown complete.
INFO:     Started server process [71627]
INFO:     Waiting for application startup.
INFO:     Application startup complete.
ERROR:    [Errno 48] error while attempting to bind on address ('127.0.0.1', 8088): address already in use
INFO:     Waiting for application shutdown.
INFO:     Application shutdown complete.
INFO:     Started server process [71636]
INFO:     Waiting for application startup.
INFO:     Application startup complete.
ERROR:    [Errno 48] error while attempting to bind on address ('127.0.0.1', 8088): address already in use
INFO:     Waiting for application shutdown.
INFO:     Application shutdown complete.
INFO:     Started server process [71646]
INFO:     Waiting for application startup.
INFO:     Application startup complete.
ERROR:    [Errno 48] error while attempting to bind on address ('127.0.0.1', 8088): address already in use
INFO:     Waiting for application shutdown.
INFO:     Application shutdown complete.
INFO:     Started server process [71671]
INFO:     Waiting for application startup.
INFO:     Application startup complete.
ERROR:    [Errno 48] error while attempting to bind on address ('127.0.0.1', 8088): address already in use
INFO:     Waiting for application shutdown.
INFO:     Application shutdown complete.
INFO:     Started server process [71680]
INFO:     Waiting for application startup.
INFO:     Application startup complete.
ERROR:    [Errno 48] error while attempting to bind on address ('127.0.0.1', 8088): address already in use
INFO:     Waiting for application shutdown.
INFO:     Application shutdown complete.
INFO:     Started server process [71688]
INFO:     Waiting for application startup.
INFO:     Application startup complete.
ERROR:    [Errno 48] error while attempting to bind on address ('127.0.0.1', 8088): address already in use
INFO:     Waiting for application shutdown.
INFO:     Application shutdown complete.
INFO:     Started server process [71706]
INFO:     Waiting for application startup.
INFO:     Application startup complete.
ERROR:    [Errno 48] error while attempting to bind on address ('127.0.0.1', 8088): address already in use
INFO:     Waiting for application shutdown.
INFO:     Application shutdown complete.
INFO:     Started server process [71715]
INFO:     Waiting for application startup.
INFO:     Application startup complete.
ERROR:    [Errno 48] error while attempting to bind on address ('127.0.0.1', 8088): address already in use
INFO:     Waiting for application shutdown.
INFO:     Application shutdown complete.
INFO:     Started server process [71726]
INFO:     Waiting for application startup.
INFO:     Application startup complete.
ERROR:    [Errno 48] error while attempting to bind on address ('127.0.0.1', 8088): address already in use
INFO:     Waiting for application shutdown.
INFO:     Application shutdown complete.
INFO:     Started server process [71739]
INFO:     Waiting for application startup.
INFO:     Application startup complete.
ERROR:    [Errno 48] error while attempting to bind on address ('127.0.0.1', 8088): address already in use
INFO:     Waiting for application shutdown.
INFO:     Application shutdown complete.
INFO:     Started server process [71762]
INFO:     Waiting for application startup.
INFO:     Application startup complete.
ERROR:    [Errno 48] error while attempting to bind on address ('127.0.0.1', 8088): address already in use
INFO:     Waiting for application shutdown.
INFO:     Application shutdown complete.
INFO:     Started server process [71770]
INFO:     Waiting for application startup.
INFO:     Application startup complete.
ERROR:    [Errno 48] error while attempting to bind on address ('127.0.0.1', 8088): address already in use
INFO:     Waiting for application shutdown.
INFO:     Application shutdown complete.
INFO:     Started server process [71778]
INFO:     Waiting for application startup.
INFO:     Application startup complete.
ERROR:    [Errno 48] error while attempting to bind on address ('127.0.0.1', 8088): address already in use
INFO:     Waiting for application shutdown.
INFO:     Application shutdown complete.
INFO:     Started server process [71789]
INFO:     Waiting for application startup.
INFO:     Application startup complete.
ERROR:    [Errno 48] error while attempting to bind on address ('127.0.0.1', 8088): address already in use
INFO:     Waiting for application shutdown.
INFO:     Application shutdown complete.
INFO:     Started server process [71796]
INFO:     Waiting for application startup.
INFO:     Application startup complete.
ERROR:    [Errno 48] error while attempting to bind on address ('127.0.0.1', 8088): address already in use
INFO:     Waiting for application shutdown.
INFO:     Application shutdown complete.
INFO:     Started server process [71814]
INFO:     Waiting for application startup.
INFO:     Application startup complete.
ERROR:    [Errno 48] error while attempting to bind on address ('127.0.0.1', 8088): address already in use
INFO:     Waiting for application shutdown.
INFO:     Application shutdown complete.
INFO:     Started server process [71822]
INFO:     Waiting for application startup.
INFO:     Application startup complete.
ERROR:    [Errno 48] error while attempting to bind on address ('127.0.0.1', 8088): address already in use
INFO:     Waiting for application shutdown.
INFO:     Application shutdown complete.
INFO:     Started server process [71832]
INFO:     Waiting for application startup.
INFO:     Application startup complete.
ERROR:    [Errno 48] error while attempting to bind on address ('127.0.0.1', 8088): address already in use
INFO:     Waiting for application shutdown.
INFO:     Application shutdown complete.
INFO:     Started server process [71842]
INFO:     Waiting for application startup.
INFO:     Application startup complete.
ERROR:    [Errno 48] error while attempting to bind on address ('127.0.0.1', 8088): address already in use
INFO:     Waiting for application shutdown.
INFO:     Application shutdown complete.
INFO:     Started server process [71850]
INFO:     Waiting for application startup.
INFO:     Application startup complete.
ERROR:    [Errno 48] error while attempting to bind on address ('127.0.0.1', 8088): address already in use
INFO:     Waiting for application shutdown.
INFO:     Application shutdown complete.
INFO:     Started server process [71859]
INFO:     Waiting for application startup.
INFO:     Application startup complete.
ERROR:    [Errno 48] error while attempting to bind on address ('127.0.0.1', 8088): address already in use
INFO:     Waiting for application shutdown.
INFO:     Application shutdown complete.
INFO:     Started server process [71869]
INFO:     Waiting for application startup.
INFO:     Application startup complete.
ERROR:    [Errno 48] error while attempting to bind on address ('127.0.0.1', 8088): address already in use
INFO:     Waiting for application shutdown.
INFO:     Application shutdown complete.
INFO:     Started server process [71877]
INFO:     Waiting for application startup.
INFO:     Application startup complete.
ERROR:    [Errno 48] error while attempting to bind on address ('127.0.0.1', 8088): address already in use
INFO:     Waiting for application shutdown.
INFO:     Application shutdown complete.
INFO:     Started server process [71884]
INFO:     Waiting for application startup.
INFO:     Application startup complete.
ERROR:    [Errno 48] error while attempting to bind on address ('127.0.0.1', 8088): address already in use
INFO:     Waiting for application shutdown.
INFO:     Application shutdown complete.
INFO:     Started server process [71900]
INFO:     Waiting for application startup.
INFO:     Application startup complete.
ERROR:    [Errno 48] error while attempting to bind on address ('127.0.0.1', 8088): address already in use
INFO:     Waiting for application shutdown.
INFO:     Application shutdown complete.
INFO:     Started server process [71918]
INFO:     Waiting for application startup.
INFO:     Application startup complete.
ERROR:    [Errno 48] error while attempting to bind on address ('127.0.0.1', 8088): address already in use
INFO:     Waiting for application shutdown.
INFO:     Application shutdown complete.
INFO:     Started server process [71925]
INFO:     Waiting for application startup.
INFO:     Application startup complete.
ERROR:    [Errno 48] error while attempting to bind on address ('127.0.0.1', 8088): address already in use
INFO:     Waiting for application shutdown.
INFO:     Application shutdown complete.
INFO:     Started server process [71933]
INFO:     Waiting for application startup.
INFO:     Application startup complete.
ERROR:    [Errno 48] error while attempting to bind on address ('127.0.0.1', 8088): address already in use
INFO:     Waiting for application shutdown.
INFO:     Application shutdown complete.
INFO:     Started server process [71953]
INFO:     Waiting for application startup.
INFO:     Application startup complete.
ERROR:    [Errno 48] error while attempting to bind on address ('127.0.0.1', 8088): address already in use
INFO:     Waiting for application shutdown.
INFO:     Application shutdown complete.
INFO:     Started server process [71973]
INFO:     Waiting for application startup.
INFO:     Application startup complete.
ERROR:    [Errno 48] error while attempting to bind on address ('127.0.0.1', 8088): address already in use
INFO:     Waiting for application shutdown.
INFO:     Application shutdown complete.
INFO:     Started server process [71988]
INFO:     Waiting for application startup.
INFO:     Application startup complete.
ERROR:    [Errno 48] error while attempting to bind on address ('127.0.0.1', 8088): address already in use
INFO:     Waiting for application shutdown.
INFO:     Application shutdown complete.
INFO:     Started server process [72020]
INFO:     Waiting for application startup.
INFO:     Application startup complete.
ERROR:    [Errno 48] error while attempting to bind on address ('127.0.0.1', 8088): address already in use
INFO:     Waiting for application shutdown.
INFO:     Application shutdown complete.
INFO:     Started server process [72038]
INFO:     Waiting for application startup.
INFO:     Application startup complete.
ERROR:    [Errno 48] error while attempting to bind on address ('127.0.0.1', 8088): address already in use
INFO:     Waiting for application shutdown.
INFO:     Application shutdown complete.
INFO:     Started server process [72051]
INFO:     Waiting for application startup.
INFO:     Application startup complete.
ERROR:    [Errno 48] error while attempting to bind on address ('127.0.0.1', 8088): address already in use
INFO:     Waiting for application shutdown.
INFO:     Application shutdown complete.
INFO:     Started server process [72070]
INFO:     Waiting for application startup.
INFO:     Application startup complete.
ERROR:    [Errno 48] error while attempting to bind on address ('127.0.0.1', 8088): address already in use
INFO:     Waiting for application shutdown.
INFO:     Application shutdown complete.
INFO:     Started server process [72081]
INFO:     Waiting for application startup.
INFO:     Application startup complete.
ERROR:    [Errno 48] error while attempting to bind on address ('127.0.0.1', 8088): address already in use
INFO:     Waiting for application shutdown.
INFO:     Application shutdown complete.
INFO:     Started server process [72097]
INFO:     Waiting for application startup.
INFO:     Application startup complete.
ERROR:    [Errno 48] error while attempting to bind on address ('127.0.0.1', 8088): address already in use
INFO:     Waiting for application shutdown.
INFO:     Application shutdown complete.
INFO:     Started server process [72106]
INFO:     Waiting for application startup.
INFO:     Application startup complete.
ERROR:    [Errno 48] error while attempting to bind on address ('127.0.0.1', 8088): address already in use
INFO:     Waiting for application shutdown.
INFO:     Application shutdown complete.
INFO:     Started server process [72117]
INFO:     Waiting for application startup.
INFO:     Application startup complete.
ERROR:    [Errno 48] error while attempting to bind on address ('127.0.0.1', 8088): address already in use
INFO:     Waiting for application shutdown.
INFO:     Application shutdown complete.
INFO:     Started server process [72136]
INFO:     Waiting for application startup.
INFO:     Application startup complete.
ERROR:    [Errno 48] error while attempting to bind on address ('127.0.0.1', 8088): address already in use
INFO:     Waiting for application shutdown.
INFO:     Application shutdown complete.
INFO:     Started server process [72144]
INFO:     Waiting for application startup.
INFO:     Application startup complete.
ERROR:    [Errno 48] error while attempting to bind on address ('127.0.0.1', 8088): address already in use
INFO:     Waiting for application shutdown.
INFO:     Application shutdown complete.
INFO:     Started server process [72153]
INFO:     Waiting for application startup.
INFO:     Application startup complete.
ERROR:    [Errno 48] error while attempting to bind on address ('127.0.0.1', 8088): address already in use
INFO:     Waiting for application shutdown.
INFO:     Application shutdown complete.
INFO:     Started server process [72168]
INFO:     Waiting for application startup.
INFO:     Application startup complete.
ERROR:    [Errno 48] error while attempting to bind on address ('127.0.0.1', 8088): address already in use
INFO:     Waiting for application shutdown.
INFO:     Application shutdown complete.
INFO:     Started server process [72193]
INFO:     Waiting for application startup.
INFO:     Application startup complete.
ERROR:    [Errno 48] error while attempting to bind on address ('127.0.0.1', 8088): address already in use
INFO:     Waiting for application shutdown.
INFO:     Application shutdown complete.
INFO:     Started server process [72201]
INFO:     Waiting for application startup.
INFO:     Application startup complete.
ERROR:    [Errno 48] error while attempting to bind on address ('127.0.0.1', 8088): address already in use
INFO:     Waiting for application shutdown.
INFO:     Application shutdown complete.
INFO:     Started server process [72215]
INFO:     Waiting for application startup.
INFO:     Application startup complete.
ERROR:    [Errno 48] error while attempting to bind on address ('127.0.0.1', 8088): address already in use
INFO:     Waiting for application shutdown.
INFO:     Application shutdown complete.
INFO:     Started server process [72225]
INFO:     Waiting for application startup.
INFO:     Application startup complete.
ERROR:    [Errno 48] error while attempting to bind on address ('127.0.0.1', 8088): address already in use
INFO:     Waiting for application shutdown.
INFO:     Application shutdown complete.
INFO:     Started server process [72235]
INFO:     Waiting for application startup.
INFO:     Application startup complete.
ERROR:    [Errno 48] error while attempting to bind on address ('127.0.0.1', 8088): address already in use
INFO:     Waiting for application shutdown.
INFO:     Application shutdown complete.
INFO:     Started server process [72243]
INFO:     Waiting for application startup.
INFO:     Application startup complete.
ERROR:    [Errno 48] error while attempting to bind on address ('127.0.0.1', 8088): address already in use
INFO:     Waiting for application shutdown.
INFO:     Application shutdown complete.
INFO:     Started server process [72250]
INFO:     Waiting for application startup.
INFO:     Application startup complete.
ERROR:    [Errno 48] error while attempting to bind on address ('127.0.0.1', 8088): address already in use
INFO:     Waiting for application shutdown.
INFO:     Application shutdown complete.
INFO:     Started server process [72257]
INFO:     Waiting for application startup.
INFO:     Application startup complete.
ERROR:    [Errno 48] error while attempting to bind on address ('127.0.0.1', 8088): address already in use
INFO:     Waiting for application shutdown.
INFO:     Application shutdown complete.
INFO:     Started server process [72266]
INFO:     Waiting for application startup.
INFO:     Application startup complete.
ERROR:    [Errno 48] error while attempting to bind on address ('127.0.0.1', 8088): address already in use
INFO:     Waiting for application shutdown.
INFO:     Application shutdown complete.
INFO:     Started server process [72274]
INFO:     Waiting for application startup.
INFO:     Application startup complete.
ERROR:    [Errno 48] error while attempting to bind on address ('127.0.0.1', 8088): address already in use
INFO:     Waiting for application shutdown.
INFO:     Application shutdown complete.
INFO:     Started server process [72286]
INFO:     Waiting for application startup.
INFO:     Application startup complete.
ERROR:    [Errno 48] error while attempting to bind on address ('127.0.0.1', 8088): address already in use
INFO:     Waiting for application shutdown.
INFO:     Application shutdown complete.
INFO:     Started server process [72294]
INFO:     Waiting for application startup.
INFO:     Application startup complete.
ERROR:    [Errno 48] error while attempting to bind on address ('127.0.0.1', 8088): address already in use
INFO:     Waiting for application shutdown.
INFO:     Application shutdown complete.
INFO:     Started server process [72308]
INFO:     Waiting for application startup.
INFO:     Application startup complete.
ERROR:    [Errno 48] error while attempting to bind on address ('127.0.0.1', 8088): address already in use
INFO:     Waiting for application shutdown.
INFO:     Application shutdown complete.
INFO:     Started server process [72317]
INFO:     Waiting for application startup.
INFO:     Application startup complete.
ERROR:    [Errno 48] error while attempting to bind on address ('127.0.0.1', 8088): address already in use
INFO:     Waiting for application shutdown.
INFO:     Application shutdown complete.
INFO:     Started server process [72325]
INFO:     Waiting for application startup.
INFO:     Application startup complete.
ERROR:    [Errno 48] error while attempting to bind on address ('127.0.0.1', 8088): address already in use
INFO:     Waiting for application shutdown.
INFO:     Application shutdown complete.
INFO:     Started server process [72337]
INFO:     Waiting for application startup.
INFO:     Application startup complete.
ERROR:    [Errno 48] error while attempting to bind on address ('127.0.0.1', 8088): address already in use
INFO:     Waiting for application shutdown.
INFO:     Application shutdown complete.
INFO:     Started server process [72345]
INFO:     Waiting for application startup.
INFO:     Application startup complete.
ERROR:    [Errno 48] error while attempting to bind on address ('127.0.0.1', 8088): address already in use
INFO:     Waiting for application shutdown.
INFO:     Application shutdown complete.
INFO:     Started server process [72353]
INFO:     Waiting for application startup.
INFO:     Application startup complete.
ERROR:    [Errno 48] error while attempting to bind on address ('127.0.0.1', 8088): address already in use
INFO:     Waiting for application shutdown.
INFO:     Application shutdown complete.
INFO:     Started server process [72360]
INFO:     Waiting for application startup.
INFO:     Application startup complete.
ERROR:    [Errno 48] error while attempting to bind on address ('127.0.0.1', 8088): address already in use
INFO:     Waiting for application shutdown.
INFO:     Application shutdown complete.
INFO:     Started server process [72369]
INFO:     Waiting for application startup.
INFO:     Application startup complete.
ERROR:    [Errno 48] error while attempting to bind on address ('127.0.0.1', 8088): address already in use
INFO:     Waiting for application shutdown.
INFO:     Application shutdown complete.
INFO:     Started server process [72377]
INFO:     Waiting for application startup.
INFO:     Application startup complete.
ERROR:    [Errno 48] error while attempting to bind on address ('127.0.0.1', 8088): address already in use
INFO:     Waiting for application shutdown.
INFO:     Application shutdown complete.
INFO:     Started server process [72393]
INFO:     Waiting for application startup.
INFO:     Application startup complete.
ERROR:    [Errno 48] error while attempting to bind on address ('127.0.0.1', 8088): address already in use
INFO:     Waiting for application shutdown.
INFO:     Application shutdown complete.
INFO:     Started server process [72403]
INFO:     Waiting for application startup.
INFO:     Application startup complete.
ERROR:    [Errno 48] error while attempting to bind on address ('127.0.0.1', 8088): address already in use
INFO:     Waiting for application shutdown.
INFO:     Application shutdown complete.
INFO:     Started server process [72423]
INFO:     Waiting for application startup.
INFO:     Application startup complete.
ERROR:    [Errno 48] error while attempting to bind on address ('127.0.0.1', 8088): address already in use
INFO:     Waiting for application shutdown.
INFO:     Application shutdown complete.
INFO:     Started server process [72435]
INFO:     Waiting for application startup.
INFO:     Application startup complete.
ERROR:    [Errno 48] error while attempting to bind on address ('127.0.0.1', 8088): address already in use
INFO:     Waiting for application shutdown.
INFO:     Application shutdown complete.
INFO:     Started server process [72443]
INFO:     Waiting for application startup.
INFO:     Application startup complete.
ERROR:    [Errno 48] error while attempting to bind on address ('127.0.0.1', 8088): address already in use
INFO:     Waiting for application shutdown.
INFO:     Application shutdown complete.
INFO:     Started server process [72454]
INFO:     Waiting for application startup.
INFO:     Application startup complete.
ERROR:    [Errno 48] error while attempting to bind on address ('127.0.0.1', 8088): address already in use
INFO:     Waiting for application shutdown.
INFO:     Application shutdown complete.
INFO:     Started server process [72464]
INFO:     Waiting for application startup.
INFO:     Application startup complete.
ERROR:    [Errno 48] error while attempting to bind on address ('127.0.0.1', 8088): address already in use
INFO:     Waiting for application shutdown.
INFO:     Application shutdown complete.
INFO:     Started server process [72472]
INFO:     Waiting for application startup.
INFO:     Application startup complete.
ERROR:    [Errno 48] error while attempting to bind on address ('127.0.0.1', 8088): address already in use
INFO:     Waiting for application shutdown.
INFO:     Application shutdown complete.
INFO:     Started server process [72484]
INFO:     Waiting for application startup.
INFO:     Application startup complete.
ERROR:    [Errno 48] error while attempting to bind on address ('127.0.0.1', 8088): address already in use
INFO:     Waiting for application shutdown.
INFO:     Application shutdown complete.
INFO:     Started server process [72492]
INFO:     Waiting for application startup.
INFO:     Application startup complete.
ERROR:    [Errno 48] error while attempting to bind on address ('127.0.0.1', 8088): address already in use
INFO:     Waiting for application shutdown.
INFO:     Application shutdown complete.
INFO:     Started server process [72499]
INFO:     Waiting for application startup.
INFO:     Application startup complete.
ERROR:    [Errno 48] error while attempting to bind on address ('127.0.0.1', 8088): address already in use
INFO:     Waiting for application shutdown.
INFO:     Application shutdown complete.
INFO:     Started server process [72509]
INFO:     Waiting for application startup.
INFO:     Application startup complete.
ERROR:    [Errno 48] error while attempting to bind on address ('127.0.0.1', 8088): address already in use
INFO:     Waiting for application shutdown.
INFO:     Application shutdown complete.
INFO:     Started server process [72525]
INFO:     Waiting for application startup.
INFO:     Application startup complete.
ERROR:    [Errno 48] error while attempting to bind on address ('127.0.0.1', 8088): address already in use
INFO:     Waiting for application shutdown.
INFO:     Application shutdown complete.
INFO:     Started server process [72533]
INFO:     Waiting for application startup.
INFO:     Application startup complete.
ERROR:    [Errno 48] error while attempting to bind on address ('127.0.0.1', 8088): address already in use
INFO:     Waiting for application shutdown.
INFO:     Application shutdown complete.
INFO:     Started server process [72544]
INFO:     Waiting for application startup.
INFO:     Application startup complete.
ERROR:    [Errno 48] error while attempting to bind on address ('127.0.0.1', 8088): address already in use
INFO:     Waiting for application shutdown.
INFO:     Application shutdown complete.
INFO:     Started server process [72552]
INFO:     Waiting for application startup.
INFO:     Application startup complete.
ERROR:    [Errno 48] error while attempting to bind on address ('127.0.0.1', 8088): address already in use
INFO:     Waiting for application shutdown.
INFO:     Application shutdown complete.
INFO:     Started server process [72561]
INFO:     Waiting for application startup.
INFO:     Application startup complete.
ERROR:    [Errno 48] error while attempting to bind on address ('127.0.0.1', 8088): address already in use
INFO:     Waiting for application shutdown.
INFO:     Application shutdown complete.
INFO:     Started server process [72573]
INFO:     Waiting for application startup.
INFO:     Application startup complete.
ERROR:    [Errno 48] error while attempting to bind on address ('127.0.0.1', 8088): address already in use
INFO:     Waiting for application shutdown.
INFO:     Application shutdown complete.
INFO:     Started server process [72581]
INFO:     Waiting for application startup.
INFO:     Application startup complete.
ERROR:    [Errno 48] error while attempting to bind on address ('127.0.0.1', 8088): address already in use
INFO:     Waiting for application shutdown.
INFO:     Application shutdown complete.
INFO:     Started server process [72588]
INFO:     Waiting for application startup.
INFO:     Application startup complete.
ERROR:    [Errno 48] error while attempting to bind on address ('127.0.0.1', 8088): address already in use
INFO:     Waiting for application shutdown.
INFO:     Application shutdown complete.
INFO:     Started server process [72597]
INFO:     Waiting for application startup.
INFO:     Application startup complete.
ERROR:    [Errno 48] error while attempting to bind on address ('127.0.0.1', 8088): address already in use
INFO:     Waiting for application shutdown.
INFO:     Application shutdown complete.
INFO:     Started server process [72605]
INFO:     Waiting for application startup.
INFO:     Application startup complete.
ERROR:    [Errno 48] error while attempting to bind on address ('127.0.0.1', 8088): address already in use
INFO:     Waiting for application shutdown.
INFO:     Application shutdown complete.
INFO:     Started server process [72613]
INFO:     Waiting for application startup.
INFO:     Application startup complete.
ERROR:    [Errno 48] error while attempting to bind on address ('127.0.0.1', 8088): address already in use
INFO:     Waiting for application shutdown.
INFO:     Application shutdown complete.
INFO:     Started server process [72643]
INFO:     Waiting for application startup.
INFO:     Application startup complete.
ERROR:    [Errno 48] error while attempting to bind on address ('127.0.0.1', 8088): address already in use
INFO:     Waiting for application shutdown.
INFO:     Application shutdown complete.
INFO:     Started server process [72650]
INFO:     Waiting for application startup.
INFO:     Application startup complete.
ERROR:    [Errno 48] error while attempting to bind on address ('127.0.0.1', 8088): address already in use
INFO:     Waiting for application shutdown.
INFO:     Application shutdown complete.
INFO:     Started server process [72659]
INFO:     Waiting for application startup.
INFO:     Application startup complete.
ERROR:    [Errno 48] error while attempting to bind on address ('127.0.0.1', 8088): address already in use
INFO:     Waiting for application shutdown.
INFO:     Application shutdown complete.
INFO:     Started server process [72668]
INFO:     Waiting for application startup.
INFO:     Application startup complete.
ERROR:    [Errno 48] error while attempting to bind on address ('127.0.0.1', 8088): address already in use
INFO:     Waiting for application shutdown.
INFO:     Application shutdown complete.
INFO:     Started server process [72676]
INFO:     Waiting for application startup.
INFO:     Application startup complete.
ERROR:    [Errno 48] error while attempting to bind on address ('127.0.0.1', 8088): address already in use
INFO:     Waiting for application shutdown.
INFO:     Application shutdown complete.
INFO:     Started server process [72686]
INFO:     Waiting for application startup.
INFO:     Application startup complete.
ERROR:    [Errno 48] error while attempting to bind on address ('127.0.0.1', 8088): address already in use
INFO:     Waiting for application shutdown.
INFO:     Application shutdown complete.
INFO:     Started server process [72698]
INFO:     Waiting for application startup.
INFO:     Application startup complete.
ERROR:    [Errno 48] error while attempting to bind on address ('127.0.0.1', 8088): address already in use
INFO:     Waiting for application shutdown.
INFO:     Application shutdown complete.
INFO:     Started server process [72709]
INFO:     Waiting for application startup.
INFO:     Application startup complete.
ERROR:    [Errno 48] error while attempting to bind on address ('127.0.0.1', 8088): address already in use
INFO:     Waiting for application shutdown.
INFO:     Application shutdown complete.
INFO:     Started server process [72722]
INFO:     Waiting for application startup.
INFO:     Application startup complete.
ERROR:    [Errno 48] error while attempting to bind on address ('127.0.0.1', 8088): address already in use
INFO:     Waiting for application shutdown.
INFO:     Application shutdown complete.
INFO:     Started server process [72731]
INFO:     Waiting for application startup.
INFO:     Application startup complete.
ERROR:    [Errno 48] error while attempting to bind on address ('127.0.0.1', 8088): address already in use
INFO:     Waiting for application shutdown.
INFO:     Application shutdown complete.
INFO:     Started server process [72740]
INFO:     Waiting for application startup.
INFO:     Application startup complete.
ERROR:    [Errno 48] error while attempting to bind on address ('127.0.0.1', 8088): address already in use
INFO:     Waiting for application shutdown.
INFO:     Application shutdown complete.
INFO:     Started server process [72752]
INFO:     Waiting for application startup.
INFO:     Application startup complete.
ERROR:    [Errno 48] error while attempting to bind on address ('127.0.0.1', 8088): address already in use
INFO:     Waiting for application shutdown.
INFO:     Application shutdown complete.
INFO:     Started server process [72761]
INFO:     Waiting for application startup.
INFO:     Application startup complete.
ERROR:    [Errno 48] error while attempting to bind on address ('127.0.0.1', 8088): address already in use
INFO:     Waiting for application shutdown.
INFO:     Application shutdown complete.
INFO:     Started server process [72770]
INFO:     Waiting for application startup.
INFO:     Application startup complete.
ERROR:    [Errno 48] error while attempting to bind on address ('127.0.0.1', 8088): address already in use
INFO:     Waiting for application shutdown.
INFO:     Application shutdown complete.
INFO:     Started server process [72785]
INFO:     Waiting for application startup.
INFO:     Application startup complete.
ERROR:    [Errno 48] error while attempting to bind on address ('127.0.0.1', 8088): address already in use
INFO:     Waiting for application shutdown.
INFO:     Application shutdown complete.
INFO:     Started server process [72806]
INFO:     Waiting for application startup.
INFO:     Application startup complete.
ERROR:    [Errno 48] error while attempting to bind on address ('127.0.0.1', 8088): address already in use
INFO:     Waiting for application shutdown.
INFO:     Application shutdown complete.
INFO:     Started server process [72814]
INFO:     Waiting for application startup.
INFO:     Application startup complete.
ERROR:    [Errno 48] error while attempting to bind on address ('127.0.0.1', 8088): address already in use
INFO:     Waiting for application shutdown.
INFO:     Application shutdown complete.
INFO:     Started server process [72825]
INFO:     Waiting for application startup.
INFO:     Application startup complete.
ERROR:    [Errno 48] error while attempting to bind on address ('127.0.0.1', 8088): address already in use
INFO:     Waiting for application shutdown.
INFO:     Application shutdown complete.
INFO:     Started server process [72834]
INFO:     Waiting for application startup.
INFO:     Application startup complete.
ERROR:    [Errno 48] error while attempting to bind on address ('127.0.0.1', 8088): address already in use
INFO:     Waiting for application shutdown.
INFO:     Application shutdown complete.
INFO:     Started server process [72841]
INFO:     Waiting for application startup.
INFO:     Application startup complete.
ERROR:    [Errno 48] error while attempting to bind on address ('127.0.0.1', 8088): address already in use
INFO:     Waiting for application shutdown.
INFO:     Application shutdown complete.
INFO:     Started server process [72848]
INFO:     Waiting for application startup.
INFO:     Application startup complete.
ERROR:    [Errno 48] error while attempting to bind on address ('127.0.0.1', 8088): address already in use
INFO:     Waiting for application shutdown.
INFO:     Application shutdown complete.
INFO:     Started server process [72857]
INFO:     Waiting for application startup.
INFO:     Application startup complete.
ERROR:    [Errno 48] error while attempting to bind on address ('127.0.0.1', 8088): address already in use
INFO:     Waiting for application shutdown.
INFO:     Application shutdown complete.
INFO:     Started server process [72866]
INFO:     Waiting for application startup.
INFO:     Application startup complete.
ERROR:    [Errno 48] error while attempting to bind on address ('127.0.0.1', 8088): address already in use
INFO:     Waiting for application shutdown.
INFO:     Application shutdown complete.
INFO:     Started server process [72876]
INFO:     Waiting for application startup.
INFO:     Application startup complete.
ERROR:    [Errno 48] error while attempting to bind on address ('127.0.0.1', 8088): address already in use
INFO:     Waiting for application shutdown.
INFO:     Application shutdown complete.
INFO:     Started server process [72884]
INFO:     Waiting for application startup.
INFO:     Application startup complete.
ERROR:    [Errno 48] error while attempting to bind on address ('127.0.0.1', 8088): address already in use
INFO:     Waiting for application shutdown.
INFO:     Application shutdown complete.
INFO:     Started server process [72893]
INFO:     Waiting for application startup.
INFO:     Application startup complete.
ERROR:    [Errno 48] error while attempting to bind on address ('127.0.0.1', 8088): address already in use
INFO:     Waiting for application shutdown.
INFO:     Application shutdown complete.
INFO:     Started server process [72901]
INFO:     Waiting for application startup.
INFO:     Application startup complete.
ERROR:    [Errno 48] error while attempting to bind on address ('127.0.0.1', 8088): address already in use
INFO:     Waiting for application shutdown.
INFO:     Application shutdown complete.
INFO:     Started server process [72911]
INFO:     Waiting for application startup.
INFO:     Application startup complete.
ERROR:    [Errno 48] error while attempting to bind on address ('127.0.0.1', 8088): address already in use
INFO:     Waiting for application shutdown.
INFO:     Application shutdown complete.
INFO:     Started server process [72923]
INFO:     Waiting for application startup.
INFO:     Application startup complete.
ERROR:    [Errno 48] error while attempting to bind on address ('127.0.0.1', 8088): address already in use
INFO:     Waiting for application shutdown.
INFO:     Application shutdown complete.
INFO:     Started server process [72931]
INFO:     Waiting for application startup.
INFO:     Application startup complete.
ERROR:    [Errno 48] error while attempting to bind on address ('127.0.0.1', 8088): address already in use
INFO:     Waiting for application shutdown.
INFO:     Application shutdown complete.
INFO:     Started server process [72939]
INFO:     Waiting for application startup.
INFO:     Application startup complete.
ERROR:    [Errno 48] error while attempting to bind on address ('127.0.0.1', 8088): address already in use
INFO:     Waiting for application shutdown.
INFO:     Application shutdown complete.
INFO:     Started server process [72946]
INFO:     Waiting for application startup.
INFO:     Application startup complete.
ERROR:    [Errno 48] error while attempting to bind on address ('127.0.0.1', 8088): address already in use
INFO:     Waiting for application shutdown.
INFO:     Application shutdown complete.
INFO:     Started server process [72954]
INFO:     Waiting for application startup.
INFO:     Application startup complete.
ERROR:    [Errno 48] error while attempting to bind on address ('127.0.0.1', 8088): address already in use
INFO:     Waiting for application shutdown.
INFO:     Application shutdown complete.
INFO:     Started server process [72975]
INFO:     Waiting for application startup.
INFO:     Application startup complete.
ERROR:    [Errno 48] error while attempting to bind on address ('127.0.0.1', 8088): address already in use
INFO:     Waiting for application shutdown.
INFO:     Application shutdown complete.
INFO:     Started server process [72991]
INFO:     Waiting for application startup.
INFO:     Application startup complete.
ERROR:    [Errno 48] error while attempting to bind on address ('127.0.0.1', 8088): address already in use
INFO:     Waiting for application shutdown.
INFO:     Application shutdown complete.
INFO:     Started server process [73014]
INFO:     Waiting for application startup.
INFO:     Application startup complete.
ERROR:    [Errno 48] error while attempting to bind on address ('127.0.0.1', 8088): address already in use
INFO:     Waiting for application shutdown.
INFO:     Application shutdown complete.
INFO:     Started server process [73031]
INFO:     Waiting for application startup.
INFO:     Application startup complete.
ERROR:    [Errno 48] error while attempting to bind on address ('127.0.0.1', 8088): address already in use
INFO:     Waiting for application shutdown.
INFO:     Application shutdown complete.
INFO:     Started server process [73045]
INFO:     Waiting for application startup.
INFO:     Application startup complete.
ERROR:    [Errno 48] error while attempting to bind on address ('127.0.0.1', 8088): address already in use
INFO:     Waiting for application shutdown.
INFO:     Application shutdown complete.
INFO:     Started server process [73059]
INFO:     Waiting for application startup.
INFO:     Application startup complete.
ERROR:    [Errno 48] error while attempting to bind on address ('127.0.0.1', 8088): address already in use
INFO:     Waiting for application shutdown.
INFO:     Application shutdown complete.
INFO:     Started server process [73075]
INFO:     Waiting for application startup.
INFO:     Application startup complete.
ERROR:    [Errno 48] error while attempting to bind on address ('127.0.0.1', 8088): address already in use
INFO:     Waiting for application shutdown.
INFO:     Application shutdown complete.
INFO:     Started server process [73098]
INFO:     Waiting for application startup.
INFO:     Application startup complete.
ERROR:    [Errno 48] error while attempting to bind on address ('127.0.0.1', 8088): address already in use
INFO:     Waiting for application shutdown.
INFO:     Application shutdown complete.
INFO:     Started server process [73133]
INFO:     Waiting for application startup.
INFO:     Application startup complete.
ERROR:    [Errno 48] error while attempting to bind on address ('127.0.0.1', 8088): address already in use
INFO:     Waiting for application shutdown.
INFO:     Application shutdown complete.
INFO:     Started server process [73154]
INFO:     Waiting for application startup.
INFO:     Application startup complete.
ERROR:    [Errno 48] error while attempting to bind on address ('127.0.0.1', 8088): address already in use
INFO:     Waiting for application shutdown.
INFO:     Application shutdown complete.
INFO:     Started server process [73174]
INFO:     Waiting for application startup.
INFO:     Application startup complete.
ERROR:    [Errno 48] error while attempting to bind on address ('127.0.0.1', 8088): address already in use
INFO:     Waiting for application shutdown.
INFO:     Application shutdown complete.
INFO:     Started server process [73193]
INFO:     Waiting for application startup.
INFO:     Application startup complete.
ERROR:    [Errno 48] error while attempting to bind on address ('127.0.0.1', 8088): address already in use
INFO:     Waiting for application shutdown.
INFO:     Application shutdown complete.
INFO:     Started server process [73215]
INFO:     Waiting for application startup.
INFO:     Application startup complete.
ERROR:    [Errno 48] error while attempting to bind on address ('127.0.0.1', 8088): address already in use
INFO:     Waiting for application shutdown.
INFO:     Application shutdown complete.
INFO:     Started server process [73237]
INFO:     Waiting for application startup.
INFO:     Application startup complete.
ERROR:    [Errno 48] error while attempting to bind on address ('127.0.0.1', 8088): address already in use
INFO:     Waiting for application shutdown.
INFO:     Application shutdown complete.
INFO:     Started server process [73259]
INFO:     Waiting for application startup.
INFO:     Application startup complete.
ERROR:    [Errno 48] error while attempting to bind on address ('127.0.0.1', 8088): address already in use
INFO:     Waiting for application shutdown.
INFO:     Application shutdown complete.
INFO:     Started server process [73279]
INFO:     Waiting for application startup.
INFO:     Application startup complete.
ERROR:    [Errno 48] error while attempting to bind on address ('127.0.0.1', 8088): address already in use
INFO:     Waiting for application shutdown.
INFO:     Application shutdown complete.
INFO:     Started server process [73309]
INFO:     Waiting for application startup.
INFO:     Application startup complete.
ERROR:    [Errno 48] error while attempting to bind on address ('127.0.0.1', 8088): address already in use
INFO:     Waiting for application shutdown.
INFO:     Application shutdown complete.
INFO:     Started server process [73329]
INFO:     Waiting for application startup.
INFO:     Application startup complete.
ERROR:    [Errno 48] error while attempting to bind on address ('127.0.0.1', 8088): address already in use
INFO:     Waiting for application shutdown.
INFO:     Application shutdown complete.
INFO:     Started server process [73352]
INFO:     Waiting for application startup.
INFO:     Application startup complete.
ERROR:    [Errno 48] error while attempting to bind on address ('127.0.0.1', 8088): address already in use
INFO:     Waiting for application shutdown.
INFO:     Application shutdown complete.
INFO:     Started server process [73376]
INFO:     Waiting for application startup.
INFO:     Application startup complete.
ERROR:    [Errno 48] error while attempting to bind on address ('127.0.0.1', 8088): address already in use
INFO:     Waiting for application shutdown.
INFO:     Application shutdown complete.
INFO:     Started server process [73398]
INFO:     Waiting for application startup.
INFO:     Application startup complete.
ERROR:    [Errno 48] error while attempting to bind on address ('127.0.0.1', 8088): address already in use
INFO:     Waiting for application shutdown.
INFO:     Application shutdown complete.
INFO:     Started server process [73424]
INFO:     Waiting for application startup.
INFO:     Application startup complete.
ERROR:    [Errno 48] error while attempting to bind on address ('127.0.0.1', 8088): address already in use
INFO:     Waiting for application shutdown.
INFO:     Application shutdown complete.
INFO:     Started server process [73439]
INFO:     Waiting for application startup.
INFO:     Application startup complete.
ERROR:    [Errno 48] error while attempting to bind on address ('127.0.0.1', 8088): address already in use
INFO:     Waiting for application shutdown.
INFO:     Application shutdown complete.
INFO:     Started server process [73456]
INFO:     Waiting for application startup.
INFO:     Application startup complete.
ERROR:    [Errno 48] error while attempting to bind on address ('127.0.0.1', 8088): address already in use
INFO:     Waiting for application shutdown.
INFO:     Application shutdown complete.
INFO:     Started server process [73475]
INFO:     Waiting for application startup.
INFO:     Application startup complete.
ERROR:    [Errno 48] error while attempting to bind on address ('127.0.0.1', 8088): address already in use
INFO:     Waiting for application shutdown.
INFO:     Application shutdown complete.
INFO:     Started server process [73491]
INFO:     Waiting for application startup.
INFO:     Application startup complete.
ERROR:    [Errno 48] error while attempting to bind on address ('127.0.0.1', 8088): address already in use
INFO:     Waiting for application shutdown.
INFO:     Application shutdown complete.
INFO:     Started server process [73507]
INFO:     Waiting for application startup.
INFO:     Application startup complete.
ERROR:    [Errno 48] error while attempting to bind on address ('127.0.0.1', 8088): address already in use
INFO:     Waiting for application shutdown.
INFO:     Application shutdown complete.
INFO:     Started server process [73523]
INFO:     Waiting for application startup.
INFO:     Application startup complete.
ERROR:    [Errno 48] error while attempting to bind on address ('127.0.0.1', 8088): address already in use
INFO:     Waiting for application shutdown.
INFO:     Application shutdown complete.
INFO:     Started server process [73541]
INFO:     Waiting for application startup.
INFO:     Application startup complete.
ERROR:    [Errno 48] error while attempting to bind on address ('127.0.0.1', 8088): address already in use
INFO:     Waiting for application shutdown.
INFO:     Application shutdown complete.
INFO:     Started server process [73585]
INFO:     Waiting for application startup.
INFO:     Application startup complete.
ERROR:    [Errno 48] error while attempting to bind on address ('127.0.0.1', 8088): address already in use
INFO:     Waiting for application shutdown.
INFO:     Application shutdown complete.
INFO:     Started server process [73614]
INFO:     Waiting for application startup.
INFO:     Application startup complete.
ERROR:    [Errno 48] error while attempting to bind on address ('127.0.0.1', 8088): address already in use
INFO:     Waiting for application shutdown.
INFO:     Application shutdown complete.
INFO:     Started server process [73642]
INFO:     Waiting for application startup.
INFO:     Application startup complete.
ERROR:    [Errno 48] error while attempting to bind on address ('127.0.0.1', 8088): address already in use
INFO:     Waiting for application shutdown.
INFO:     Application shutdown complete.
INFO:     Started server process [73664]
INFO:     Waiting for application startup.
INFO:     Application startup complete.
ERROR:    [Errno 48] error while attempting to bind on address ('127.0.0.1', 8088): address already in use
INFO:     Waiting for application shutdown.
INFO:     Application shutdown complete.
INFO:     Started server process [73682]
INFO:     Waiting for application startup.
INFO:     Application startup complete.
ERROR:    [Errno 48] error while attempting to bind on address ('127.0.0.1', 8088): address already in use
INFO:     Waiting for application shutdown.
INFO:     Application shutdown complete.
INFO:     Started server process [73714]
INFO:     Waiting for application startup.
INFO:     Application startup complete.
ERROR:    [Errno 48] error while attempting to bind on address ('127.0.0.1', 8088): address already in use
INFO:     Waiting for application shutdown.
INFO:     Application shutdown complete.
INFO:     Started server process [73729]
INFO:     Waiting for application startup.
INFO:     Application startup complete.
ERROR:    [Errno 48] error while attempting to bind on address ('127.0.0.1', 8088): address already in use
INFO:     Waiting for application shutdown.
INFO:     Application shutdown complete.
INFO:     Started server process [73745]
INFO:     Waiting for application startup.
INFO:     Application startup complete.
ERROR:    [Errno 48] error while attempting to bind on address ('127.0.0.1', 8088): address already in use
INFO:     Waiting for application shutdown.
INFO:     Application shutdown complete.
INFO:     Started server process [73759]
INFO:     Waiting for application startup.
INFO:     Application startup complete.
ERROR:    [Errno 48] error while attempting to bind on address ('127.0.0.1', 8088): address already in use
INFO:     Waiting for application shutdown.
INFO:     Application shutdown complete.
INFO:     Started server process [73773]
INFO:     Waiting for application startup.
INFO:     Application startup complete.
ERROR:    [Errno 48] error while attempting to bind on address ('127.0.0.1', 8088): address already in use
INFO:     Waiting for application shutdown.
INFO:     Application shutdown complete.
INFO:     Started server process [73801]
INFO:     Waiting for application startup.
INFO:     Application startup complete.
ERROR:    [Errno 48] error while attempting to bind on address ('127.0.0.1', 8088): address already in use
INFO:     Waiting for application shutdown.
INFO:     Application shutdown complete.
INFO:     Started server process [73817]
INFO:     Waiting for application startup.
INFO:     Application startup complete.
ERROR:    [Errno 48] error while attempting to bind on address ('127.0.0.1', 8088): address already in use
INFO:     Waiting for application shutdown.
INFO:     Application shutdown complete.
INFO:     Started server process [73835]
INFO:     Waiting for application startup.
INFO:     Application startup complete.
ERROR:    [Errno 48] error while attempting to bind on address ('127.0.0.1', 8088): address already in use
INFO:     Waiting for application shutdown.
INFO:     Application shutdown complete.
INFO:     Started server process [73850]
INFO:     Waiting for application startup.
INFO:     Application startup complete.
ERROR:    [Errno 48] error while attempting to bind on address ('127.0.0.1', 8088): address already in use
INFO:     Waiting for application shutdown.
INFO:     Application shutdown complete.
INFO:     Started server process [73866]
INFO:     Waiting for application startup.
INFO:     Application startup complete.
ERROR:    [Errno 48] error while attempting to bind on address ('127.0.0.1', 8088): address already in use
INFO:     Waiting for application shutdown.
INFO:     Application shutdown complete.
INFO:     Started server process [73893]
INFO:     Waiting for application startup.
INFO:     Application startup complete.
ERROR:    [Errno 48] error while attempting to bind on address ('127.0.0.1', 8088): address already in use
INFO:     Waiting for application shutdown.
INFO:     Application shutdown complete.
INFO:     Started server process [73923]
INFO:     Waiting for application startup.
INFO:     Application startup complete.
ERROR:    [Errno 48] error while attempting to bind on address ('127.0.0.1', 8088): address already in use
INFO:     Waiting for application shutdown.
INFO:     Application shutdown complete.
INFO:     Started server process [73943]
INFO:     Waiting for application startup.
INFO:     Application startup complete.
ERROR:    [Errno 48] error while attempting to bind on address ('127.0.0.1', 8088): address already in use
INFO:     Waiting for application shutdown.
INFO:     Application shutdown complete.
INFO:     Started server process [73980]
INFO:     Waiting for application startup.
INFO:     Application startup complete.
ERROR:    [Errno 48] error while attempting to bind on address ('127.0.0.1', 8088): address already in use
INFO:     Waiting for application shutdown.
INFO:     Application shutdown complete.
INFO:     Started server process [74004]
INFO:     Waiting for application startup.
INFO:     Application startup complete.
ERROR:    [Errno 48] error while attempting to bind on address ('127.0.0.1', 8088): address already in use
INFO:     Waiting for application shutdown.
INFO:     Application shutdown complete.
INFO:     Started server process [74014]
INFO:     Waiting for application startup.
INFO:     Application startup complete.
ERROR:    [Errno 48] error while attempting to bind on address ('127.0.0.1', 8088): address already in use
INFO:     Waiting for application shutdown.
INFO:     Application shutdown complete.
INFO:     Started server process [74024]
INFO:     Waiting for application startup.
INFO:     Application startup complete.
ERROR:    [Errno 48] error while attempting to bind on address ('127.0.0.1', 8088): address already in use
INFO:     Waiting for application shutdown.
INFO:     Application shutdown complete.
INFO:     Started server process [74042]
INFO:     Waiting for application startup.
INFO:     Application startup complete.
ERROR:    [Errno 48] error while attempting to bind on address ('127.0.0.1', 8088): address already in use
INFO:     Waiting for application shutdown.
INFO:     Application shutdown complete.
INFO:     Started server process [74050]
INFO:     Waiting for application startup.
INFO:     Application startup complete.
ERROR:    [Errno 48] error while attempting to bind on address ('127.0.0.1', 8088): address already in use
INFO:     Waiting for application shutdown.
INFO:     Application shutdown complete.
INFO:     Started server process [74063]
INFO:     Waiting for application startup.
INFO:     Application startup complete.
ERROR:    [Errno 48] error while attempting to bind on address ('127.0.0.1', 8088): address already in use
INFO:     Waiting for application shutdown.
INFO:     Application shutdown complete.
INFO:     Started server process [74074]
INFO:     Waiting for application startup.
INFO:     Application startup complete.
ERROR:    [Errno 48] error while attempting to bind on address ('127.0.0.1', 8088): address already in use
INFO:     Waiting for application shutdown.
INFO:     Application shutdown complete.
INFO:     Started server process [74088]
INFO:     Waiting for application startup.
INFO:     Application startup complete.
ERROR:    [Errno 48] error while attempting to bind on address ('127.0.0.1', 8088): address already in use
INFO:     Waiting for application shutdown.
INFO:     Application shutdown complete.
INFO:     Started server process [74104]
INFO:     Waiting for application startup.
INFO:     Application startup complete.
ERROR:    [Errno 48] error while attempting to bind on address ('127.0.0.1', 8088): address already in use
INFO:     Waiting for application shutdown.
INFO:     Application shutdown complete.
INFO:     Started server process [74119]
INFO:     Waiting for application startup.
INFO:     Application startup complete.
ERROR:    [Errno 48] error while attempting to bind on address ('127.0.0.1', 8088): address already in use
INFO:     Waiting for application shutdown.
INFO:     Application shutdown complete.
INFO:     Started server process [74140]
INFO:     Waiting for application startup.
INFO:     Application startup complete.
ERROR:    [Errno 48] error while attempting to bind on address ('127.0.0.1', 8088): address already in use
INFO:     Waiting for application shutdown.
INFO:     Application shutdown complete.
INFO:     Started server process [74163]
INFO:     Waiting for application startup.
INFO:     Application startup complete.
ERROR:    [Errno 48] error while attempting to bind on address ('127.0.0.1', 8088): address already in use
INFO:     Waiting for application shutdown.
INFO:     Application shutdown complete.
INFO:     Started server process [74171]
INFO:     Waiting for application startup.
INFO:     Application startup complete.
ERROR:    [Errno 48] error while attempting to bind on address ('127.0.0.1', 8088): address already in use
INFO:     Waiting for application shutdown.
INFO:     Application shutdown complete.
INFO:     Started server process [74181]
INFO:     Waiting for application startup.
INFO:     Application startup complete.
ERROR:    [Errno 48] error while attempting to bind on address ('127.0.0.1', 8088): address already in use
INFO:     Waiting for application shutdown.
INFO:     Application shutdown complete.
INFO:     Started server process [74189]
INFO:     Waiting for application startup.
INFO:     Application startup complete.
ERROR:    [Errno 48] error while attempting to bind on address ('127.0.0.1', 8088): address already in use
INFO:     Waiting for application shutdown.
INFO:     Application shutdown complete.
INFO:     Started server process [74199]
INFO:     Waiting for application startup.
INFO:     Application startup complete.
ERROR:    [Errno 48] error while attempting to bind on address ('127.0.0.1', 8088): address already in use
INFO:     Waiting for application shutdown.
INFO:     Application shutdown complete.
INFO:     Started server process [74208]
INFO:     Waiting for application startup.
INFO:     Application startup complete.
ERROR:    [Errno 48] error while attempting to bind on address ('127.0.0.1', 8088): address already in use
INFO:     Waiting for application shutdown.
INFO:     Application shutdown complete.
INFO:     Started server process [74218]
INFO:     Waiting for application startup.
INFO:     Application startup complete.
ERROR:    [Errno 48] error while attempting to bind on address ('127.0.0.1', 8088): address already in use
INFO:     Waiting for application shutdown.
INFO:     Application shutdown complete.
INFO:     Started server process [74226]
INFO:     Waiting for application startup.
INFO:     Application startup complete.
ERROR:    [Errno 48] error while attempting to bind on address ('127.0.0.1', 8088): address already in use
INFO:     Waiting for application shutdown.
INFO:     Application shutdown complete.
INFO:     Started server process [74235]
INFO:     Waiting for application startup.
INFO:     Application startup complete.
ERROR:    [Errno 48] error while attempting to bind on address ('127.0.0.1', 8088): address already in use
INFO:     Waiting for application shutdown.
INFO:     Application shutdown complete.
INFO:     Started server process [74244]
INFO:     Waiting for application startup.
INFO:     Application startup complete.
ERROR:    [Errno 48] error while attempting to bind on address ('127.0.0.1', 8088): address already in use
INFO:     Waiting for application shutdown.
INFO:     Application shutdown complete.
INFO:     Started server process [74255]
INFO:     Waiting for application startup.
INFO:     Application startup complete.
ERROR:    [Errno 48] error while attempting to bind on address ('127.0.0.1', 8088): address already in use
INFO:     Waiting for application shutdown.
INFO:     Application shutdown complete.
INFO:     Started server process [74265]
INFO:     Waiting for application startup.
INFO:     Application startup complete.
ERROR:    [Errno 48] error while attempting to bind on address ('127.0.0.1', 8088): address already in use
INFO:     Waiting for application shutdown.
INFO:     Application shutdown complete.
INFO:     Started server process [74273]
INFO:     Waiting for application startup.
INFO:     Application startup complete.
ERROR:    [Errno 48] error while attempting to bind on address ('127.0.0.1', 8088): address already in use
INFO:     Waiting for application shutdown.
INFO:     Application shutdown complete.
INFO:     Started server process [74281]
INFO:     Waiting for application startup.
INFO:     Application startup complete.
ERROR:    [Errno 48] error while attempting to bind on address ('127.0.0.1', 8088): address already in use
INFO:     Waiting for application shutdown.
INFO:     Application shutdown complete.
INFO:     Started server process [74289]
INFO:     Waiting for application startup.
INFO:     Application startup complete.
ERROR:    [Errno 48] error while attempting to bind on address ('127.0.0.1', 8088): address already in use
INFO:     Waiting for application shutdown.
INFO:     Application shutdown complete.
INFO:     Started server process [74299]
INFO:     Waiting for application startup.
INFO:     Application startup complete.
ERROR:    [Errno 48] error while attempting to bind on address ('127.0.0.1', 8088): address already in use
INFO:     Waiting for application shutdown.
INFO:     Application shutdown complete.
INFO:     Started server process [74309]
INFO:     Waiting for application startup.
INFO:     Application startup complete.
ERROR:    [Errno 48] error while attempting to bind on address ('127.0.0.1', 8088): address already in use
INFO:     Waiting for application shutdown.
INFO:     Application shutdown complete.
INFO:     Started server process [74318]
INFO:     Waiting for application startup.
INFO:     Application startup complete.
ERROR:    [Errno 48] error while attempting to bind on address ('127.0.0.1', 8088): address already in use
INFO:     Waiting for application shutdown.
INFO:     Application shutdown complete.
INFO:     Started server process [74326]
INFO:     Waiting for application startup.
INFO:     Application startup complete.
ERROR:    [Errno 48] error while attempting to bind on address ('127.0.0.1', 8088): address already in use
INFO:     Waiting for application shutdown.
INFO:     Application shutdown complete.
INFO:     Started server process [74352]
INFO:     Waiting for application startup.
INFO:     Application startup complete.
ERROR:    [Errno 48] error while attempting to bind on address ('127.0.0.1', 8088): address already in use
INFO:     Waiting for application shutdown.
INFO:     Application shutdown complete.
INFO:     Started server process [74359]
INFO:     Waiting for application startup.
INFO:     Application startup complete.
ERROR:    [Errno 48] error while attempting to bind on address ('127.0.0.1', 8088): address already in use
INFO:     Waiting for application shutdown.
INFO:     Application shutdown complete.
INFO:     Started server process [74390]
INFO:     Waiting for application startup.
INFO:     Application startup complete.
ERROR:    [Errno 48] error while attempting to bind on address ('127.0.0.1', 8088): address already in use
INFO:     Waiting for application shutdown.
INFO:     Application shutdown complete.
INFO:     Started server process [74401]
INFO:     Waiting for application startup.
INFO:     Application startup complete.
ERROR:    [Errno 48] error while attempting to bind on address ('127.0.0.1', 8088): address already in use
INFO:     Waiting for application shutdown.
INFO:     Application shutdown complete.
INFO:     Started server process [74409]
INFO:     Waiting for application startup.
INFO:     Application startup complete.
ERROR:    [Errno 48] error while attempting to bind on address ('127.0.0.1', 8088): address already in use
INFO:     Waiting for application shutdown.
INFO:     Application shutdown complete.
INFO:     Started server process [74419]
INFO:     Waiting for application startup.
INFO:     Application startup complete.
ERROR:    [Errno 48] error while attempting to bind on address ('127.0.0.1', 8088): address already in use
INFO:     Waiting for application shutdown.
INFO:     Application shutdown complete.
INFO:     Started server process [74428]
INFO:     Waiting for application startup.
INFO:     Application startup complete.
ERROR:    [Errno 48] error while attempting to bind on address ('127.0.0.1', 8088): address already in use
INFO:     Waiting for application shutdown.
INFO:     Application shutdown complete.
INFO:     Started server process [74436]
INFO:     Waiting for application startup.
INFO:     Application startup complete.
ERROR:    [Errno 48] error while attempting to bind on address ('127.0.0.1', 8088): address already in use
INFO:     Waiting for application shutdown.
INFO:     Application shutdown complete.
INFO:     Started server process [74445]
INFO:     Waiting for application startup.
INFO:     Application startup complete.
ERROR:    [Errno 48] error while attempting to bind on address ('127.0.0.1', 8088): address already in use
INFO:     Waiting for application shutdown.
INFO:     Application shutdown complete.
INFO:     Started server process [74464]
INFO:     Waiting for application startup.
INFO:     Application startup complete.
ERROR:    [Errno 48] error while attempting to bind on address ('127.0.0.1', 8088): address already in use
INFO:     Waiting for application shutdown.
INFO:     Application shutdown complete.
INFO:     Started server process [74477]
INFO:     Waiting for application startup.
INFO:     Application startup complete.
ERROR:    [Errno 48] error while attempting to bind on address ('127.0.0.1', 8088): address already in use
INFO:     Waiting for application shutdown.
INFO:     Application shutdown complete.
INFO:     Started server process [74499]
INFO:     Waiting for application startup.
INFO:     Application startup complete.
ERROR:    [Errno 48] error while attempting to bind on address ('127.0.0.1', 8088): address already in use
INFO:     Waiting for application shutdown.
INFO:     Application shutdown complete.
INFO:     Started server process [74509]
INFO:     Waiting for application startup.
INFO:     Application startup complete.
ERROR:    [Errno 48] error while attempting to bind on address ('127.0.0.1', 8088): address already in use
INFO:     Waiting for application shutdown.
INFO:     Application shutdown complete.
INFO:     Started server process [74522]
INFO:     Waiting for application startup.
INFO:     Application startup complete.
ERROR:    [Errno 48] error while attempting to bind on address ('127.0.0.1', 8088): address already in use
INFO:     Waiting for application shutdown.
INFO:     Application shutdown complete.
INFO:     Started server process [74529]
INFO:     Waiting for application startup.
INFO:     Application startup complete.
ERROR:    [Errno 48] error while attempting to bind on address ('127.0.0.1', 8088): address already in use
INFO:     Waiting for application shutdown.
INFO:     Application shutdown complete.
INFO:     Started server process [74540]
INFO:     Waiting for application startup.
INFO:     Application startup complete.
ERROR:    [Errno 48] error while attempting to bind on address ('127.0.0.1', 8088): address already in use
INFO:     Waiting for application shutdown.
INFO:     Application shutdown complete.
INFO:     Started server process [74556]
INFO:     Waiting for application startup.
INFO:     Application startup complete.
ERROR:    [Errno 48] error while attempting to bind on address ('127.0.0.1', 8088): address already in use
INFO:     Waiting for application shutdown.
INFO:     Application shutdown complete.
INFO:     Started server process [74578]
INFO:     Waiting for application startup.
INFO:     Application startup complete.
ERROR:    [Errno 48] error while attempting to bind on address ('127.0.0.1', 8088): address already in use
INFO:     Waiting for application shutdown.
INFO:     Application shutdown complete.
INFO:     Started server process [74600]
INFO:     Waiting for application startup.
INFO:     Application startup complete.
ERROR:    [Errno 48] error while attempting to bind on address ('127.0.0.1', 8088): address already in use
INFO:     Waiting for application shutdown.
INFO:     Application shutdown complete.
INFO:     Started server process [74610]
INFO:     Waiting for application startup.
INFO:     Application startup complete.
ERROR:    [Errno 48] error while attempting to bind on address ('127.0.0.1', 8088): address already in use
INFO:     Waiting for application shutdown.
INFO:     Application shutdown complete.
INFO:     Started server process [74619]
INFO:     Waiting for application startup.
INFO:     Application startup complete.
ERROR:    [Errno 48] error while attempting to bind on address ('127.0.0.1', 8088): address already in use
INFO:     Waiting for application shutdown.
INFO:     Application shutdown complete.
INFO:     Started server process [74629]
INFO:     Waiting for application startup.
INFO:     Application startup complete.
ERROR:    [Errno 48] error while attempting to bind on address ('127.0.0.1', 8088): address already in use
INFO:     Waiting for application shutdown.
INFO:     Application shutdown complete.
INFO:     Started server process [74636]
INFO:     Waiting for application startup.
INFO:     Application startup complete.
ERROR:    [Errno 48] error while attempting to bind on address ('127.0.0.1', 8088): address already in use
INFO:     Waiting for application shutdown.
INFO:     Application shutdown complete.
INFO:     Started server process [74643]
INFO:     Waiting for application startup.
INFO:     Application startup complete.
ERROR:    [Errno 48] error while attempting to bind on address ('127.0.0.1', 8088): address already in use
INFO:     Waiting for application shutdown.
INFO:     Application shutdown complete.
INFO:     Started server process [74654]
INFO:     Waiting for application startup.
INFO:     Application startup complete.
ERROR:    [Errno 48] error while attempting to bind on address ('127.0.0.1', 8088): address already in use
INFO:     Waiting for application shutdown.
INFO:     Application shutdown complete.
INFO:     Started server process [74661]
INFO:     Waiting for application startup.
INFO:     Application startup complete.
ERROR:    [Errno 48] error while attempting to bind on address ('127.0.0.1', 8088): address already in use
INFO:     Waiting for application shutdown.
INFO:     Application shutdown complete.
INFO:     Started server process [74671]
INFO:     Waiting for application startup.
INFO:     Application startup complete.
ERROR:    [Errno 48] error while attempting to bind on address ('127.0.0.1', 8088): address already in use
INFO:     Waiting for application shutdown.
INFO:     Application shutdown complete.
INFO:     Started server process [74679]
INFO:     Waiting for application startup.
INFO:     Application startup complete.
ERROR:    [Errno 48] error while attempting to bind on address ('127.0.0.1', 8088): address already in use
INFO:     Waiting for application shutdown.
INFO:     Application shutdown complete.
INFO:     Started server process [74687]
INFO:     Waiting for application startup.
INFO:     Application startup complete.
ERROR:    [Errno 48] error while attempting to bind on address ('127.0.0.1', 8088): address already in use
INFO:     Waiting for application shutdown.
INFO:     Application shutdown complete.
INFO:     Started server process [74696]
INFO:     Waiting for application startup.
INFO:     Application startup complete.
ERROR:    [Errno 48] error while attempting to bind on address ('127.0.0.1', 8088): address already in use
INFO:     Waiting for application shutdown.
INFO:     Application shutdown complete.
INFO:     Started server process [74706]
INFO:     Waiting for application startup.
INFO:     Application startup complete.
ERROR:    [Errno 48] error while attempting to bind on address ('127.0.0.1', 8088): address already in use
INFO:     Waiting for application shutdown.
INFO:     Application shutdown complete.
INFO:     Started server process [74718]
INFO:     Waiting for application startup.
INFO:     Application startup complete.
ERROR:    [Errno 48] error while attempting to bind on address ('127.0.0.1', 8088): address already in use
INFO:     Waiting for application shutdown.
INFO:     Application shutdown complete.
INFO:     Started server process [74726]
INFO:     Waiting for application startup.
INFO:     Application startup complete.
ERROR:    [Errno 48] error while attempting to bind on address ('127.0.0.1', 8088): address already in use
INFO:     Waiting for application shutdown.
INFO:     Application shutdown complete.
INFO:     Started server process [74735]
INFO:     Waiting for application startup.
INFO:     Application startup complete.
ERROR:    [Errno 48] error while attempting to bind on address ('127.0.0.1', 8088): address already in use
INFO:     Waiting for application shutdown.
INFO:     Application shutdown complete.
INFO:     Started server process [74744]
INFO:     Waiting for application startup.
INFO:     Application startup complete.
ERROR:    [Errno 48] error while attempting to bind on address ('127.0.0.1', 8088): address already in use
INFO:     Waiting for application shutdown.
INFO:     Application shutdown complete.
INFO:     Started server process [74752]
INFO:     Waiting for application startup.
INFO:     Application startup complete.
ERROR:    [Errno 48] error while attempting to bind on address ('127.0.0.1', 8088): address already in use
INFO:     Waiting for application shutdown.
INFO:     Application shutdown complete.
INFO:     Started server process [74763]
INFO:     Waiting for application startup.
INFO:     Application startup complete.
ERROR:    [Errno 48] error while attempting to bind on address ('127.0.0.1', 8088): address already in use
INFO:     Waiting for application shutdown.
INFO:     Application shutdown complete.
INFO:     Started server process [74772]
INFO:     Waiting for application startup.
INFO:     Application startup complete.
ERROR:    [Errno 48] error while attempting to bind on address ('127.0.0.1', 8088): address already in use
INFO:     Waiting for application shutdown.
INFO:     Application shutdown complete.
INFO:     Started server process [74783]
INFO:     Waiting for application startup.
INFO:     Application startup complete.
ERROR:    [Errno 48] error while attempting to bind on address ('127.0.0.1', 8088): address already in use
INFO:     Waiting for application shutdown.
INFO:     Application shutdown complete.
INFO:     Started server process [74805]
INFO:     Waiting for application startup.
INFO:     Application startup complete.
ERROR:    [Errno 48] error while attempting to bind on address ('127.0.0.1', 8088): address already in use
INFO:     Waiting for application shutdown.
INFO:     Application shutdown complete.
INFO:     Started server process [74821]
INFO:     Waiting for application startup.
INFO:     Application startup complete.
ERROR:    [Errno 48] error while attempting to bind on address ('127.0.0.1', 8088): address already in use
INFO:     Waiting for application shutdown.
INFO:     Application shutdown complete.
INFO:     Started server process [74829]
INFO:     Waiting for application startup.
INFO:     Application startup complete.
ERROR:    [Errno 48] error while attempting to bind on address ('127.0.0.1', 8088): address already in use
INFO:     Waiting for application shutdown.
INFO:     Application shutdown complete.
INFO:     Started server process [74843]
INFO:     Waiting for application startup.
INFO:     Application startup complete.
ERROR:    [Errno 48] error while attempting to bind on address ('127.0.0.1', 8088): address already in use
INFO:     Waiting for application shutdown.
INFO:     Application shutdown complete.
INFO:     Started server process [74854]
INFO:     Waiting for application startup.
INFO:     Application startup complete.
ERROR:    [Errno 48] error while attempting to bind on address ('127.0.0.1', 8088): address already in use
INFO:     Waiting for application shutdown.
INFO:     Application shutdown complete.
INFO:     Started server process [74862]
INFO:     Waiting for application startup.
INFO:     Application startup complete.
ERROR:    [Errno 48] error while attempting to bind on address ('127.0.0.1', 8088): address already in use
INFO:     Waiting for application shutdown.
INFO:     Application shutdown complete.
INFO:     Started server process [74870]
INFO:     Waiting for application startup.
INFO:     Application startup complete.
ERROR:    [Errno 48] error while attempting to bind on address ('127.0.0.1', 8088): address already in use
INFO:     Waiting for application shutdown.
INFO:     Application shutdown complete.
INFO:     Started server process [74878]
INFO:     Waiting for application startup.
INFO:     Application startup complete.
ERROR:    [Errno 48] error while attempting to bind on address ('127.0.0.1', 8088): address already in use
INFO:     Waiting for application shutdown.
INFO:     Application shutdown complete.
INFO:     Started server process [74889]
INFO:     Waiting for application startup.
INFO:     Application startup complete.
ERROR:    [Errno 48] error while attempting to bind on address ('127.0.0.1', 8088): address already in use
INFO:     Waiting for application shutdown.
INFO:     Application shutdown complete.
INFO:     Started server process [74901]
INFO:     Waiting for application startup.
INFO:     Application startup complete.
ERROR:    [Errno 48] error while attempting to bind on address ('127.0.0.1', 8088): address already in use
INFO:     Waiting for application shutdown.
INFO:     Application shutdown complete.
INFO:     Started server process [74911]
INFO:     Waiting for application startup.
INFO:     Application startup complete.
ERROR:    [Errno 48] error while attempting to bind on address ('127.0.0.1', 8088): address already in use
INFO:     Waiting for application shutdown.
INFO:     Application shutdown complete.
INFO:     Started server process [74919]
INFO:     Waiting for application startup.
INFO:     Application startup complete.
ERROR:    [Errno 48] error while attempting to bind on address ('127.0.0.1', 8088): address already in use
INFO:     Waiting for application shutdown.
INFO:     Application shutdown complete.
INFO:     Started server process [74927]
INFO:     Waiting for application startup.
INFO:     Application startup complete.
ERROR:    [Errno 48] error while attempting to bind on address ('127.0.0.1', 8088): address already in use
INFO:     Waiting for application shutdown.
INFO:     Application shutdown complete.
INFO:     Started server process [74934]
INFO:     Waiting for application startup.
INFO:     Application startup complete.
ERROR:    [Errno 48] error while attempting to bind on address ('127.0.0.1', 8088): address already in use
INFO:     Waiting for application shutdown.
INFO:     Application shutdown complete.
INFO:     Started server process [74944]
INFO:     Waiting for application startup.
INFO:     Application startup complete.
ERROR:    [Errno 48] error while attempting to bind on address ('127.0.0.1', 8088): address already in use
INFO:     Waiting for application shutdown.
INFO:     Application shutdown complete.
INFO:     Started server process [74954]
INFO:     Waiting for application startup.
INFO:     Application startup complete.
ERROR:    [Errno 48] error while attempting to bind on address ('127.0.0.1', 8088): address already in use
INFO:     Waiting for application shutdown.
INFO:     Application shutdown complete.
INFO:     Started server process [74962]
INFO:     Waiting for application startup.
INFO:     Application startup complete.
ERROR:    [Errno 48] error while attempting to bind on address ('127.0.0.1', 8088): address already in use
INFO:     Waiting for application shutdown.
INFO:     Application shutdown complete.
INFO:     Started server process [74971]
INFO:     Waiting for application startup.
INFO:     Application startup complete.
ERROR:    [Errno 48] error while attempting to bind on address ('127.0.0.1', 8088): address already in use
INFO:     Waiting for application shutdown.
INFO:     Application shutdown complete.
INFO:     Started server process [74979]
INFO:     Waiting for application startup.
INFO:     Application startup complete.
ERROR:    [Errno 48] error while attempting to bind on address ('127.0.0.1', 8088): address already in use
INFO:     Waiting for application shutdown.
INFO:     Application shutdown complete.
INFO:     Started server process [74986]
INFO:     Waiting for application startup.
INFO:     Application startup complete.
ERROR:    [Errno 48] error while attempting to bind on address ('127.0.0.1', 8088): address already in use
INFO:     Waiting for application shutdown.
INFO:     Application shutdown complete.
INFO:     Started server process [74996]
INFO:     Waiting for application startup.
INFO:     Application startup complete.
ERROR:    [Errno 48] error while attempting to bind on address ('127.0.0.1', 8088): address already in use
INFO:     Waiting for application shutdown.
INFO:     Application shutdown complete.
INFO:     Started server process [75006]
INFO:     Waiting for application startup.
INFO:     Application startup complete.
ERROR:    [Errno 48] error while attempting to bind on address ('127.0.0.1', 8088): address already in use
INFO:     Waiting for application shutdown.
INFO:     Application shutdown complete.
INFO:     Started server process [75016]
INFO:     Waiting for application startup.
INFO:     Application startup complete.
ERROR:    [Errno 48] error while attempting to bind on address ('127.0.0.1', 8088): address already in use
INFO:     Waiting for application shutdown.
INFO:     Application shutdown complete.
INFO:     Started server process [75023]
INFO:     Waiting for application startup.
INFO:     Application startup complete.
ERROR:    [Errno 48] error while attempting to bind on address ('127.0.0.1', 8088): address already in use
INFO:     Waiting for application shutdown.
INFO:     Application shutdown complete.
INFO:     Started server process [75032]
INFO:     Waiting for application startup.
INFO:     Application startup complete.
ERROR:    [Errno 48] error while attempting to bind on address ('127.0.0.1', 8088): address already in use
INFO:     Waiting for application shutdown.
INFO:     Application shutdown complete.
INFO:     Started server process [75043]
INFO:     Waiting for application startup.
INFO:     Application startup complete.
ERROR:    [Errno 48] error while attempting to bind on address ('127.0.0.1', 8088): address already in use
INFO:     Waiting for application shutdown.
INFO:     Application shutdown complete.
INFO:     Started server process [75050]
INFO:     Waiting for application startup.
INFO:     Application startup complete.
ERROR:    [Errno 48] error while attempting to bind on address ('127.0.0.1', 8088): address already in use
INFO:     Waiting for application shutdown.
INFO:     Application shutdown complete.
INFO:     Started server process [75063]
INFO:     Waiting for application startup.
INFO:     Application startup complete.
ERROR:    [Errno 48] error while attempting to bind on address ('127.0.0.1', 8088): address already in use
INFO:     Waiting for application shutdown.
INFO:     Application shutdown complete.
INFO:     Started server process [75078]
INFO:     Waiting for application startup.
INFO:     Application startup complete.
ERROR:    [Errno 48] error while attempting to bind on address ('127.0.0.1', 8088): address already in use
INFO:     Waiting for application shutdown.
INFO:     Application shutdown complete.
INFO:     Started server process [75094]
INFO:     Waiting for application startup.
INFO:     Application startup complete.
ERROR:    [Errno 48] error while attempting to bind on address ('127.0.0.1', 8088): address already in use
INFO:     Waiting for application shutdown.
INFO:     Application shutdown complete.
INFO:     Started server process [75102]
INFO:     Waiting for application startup.
INFO:     Application startup complete.
ERROR:    [Errno 48] error while attempting to bind on address ('127.0.0.1', 8088): address already in use
INFO:     Waiting for application shutdown.
INFO:     Application shutdown complete.
INFO:     Started server process [75112]
INFO:     Waiting for application startup.
INFO:     Application startup complete.
ERROR:    [Errno 48] error while attempting to bind on address ('127.0.0.1', 8088): address already in use
INFO:     Waiting for application shutdown.
INFO:     Application shutdown complete.
INFO:     Started server process [75120]
INFO:     Waiting for application startup.
INFO:     Application startup complete.
ERROR:    [Errno 48] error while attempting to bind on address ('127.0.0.1', 8088): address already in use
INFO:     Waiting for application shutdown.
INFO:     Application shutdown complete.
INFO:     Started server process [75140]
INFO:     Waiting for application startup.
INFO:     Application startup complete.
ERROR:    [Errno 48] error while attempting to bind on address ('127.0.0.1', 8088): address already in use
INFO:     Waiting for application shutdown.
INFO:     Application shutdown complete.
INFO:     Started server process [75147]
INFO:     Waiting for application startup.
INFO:     Application startup complete.
ERROR:    [Errno 48] error while attempting to bind on address ('127.0.0.1', 8088): address already in use
INFO:     Waiting for application shutdown.
INFO:     Application shutdown complete.
INFO:     Started server process [75163]
INFO:     Waiting for application startup.
INFO:     Application startup complete.
ERROR:    [Errno 48] error while attempting to bind on address ('127.0.0.1', 8088): address already in use
INFO:     Waiting for application shutdown.
INFO:     Application shutdown complete.
INFO:     Started server process [75172]
INFO:     Waiting for application startup.
INFO:     Application startup complete.
ERROR:    [Errno 48] error while attempting to bind on address ('127.0.0.1', 8088): address already in use
INFO:     Waiting for application shutdown.
INFO:     Application shutdown complete.
INFO:     Started server process [75193]
INFO:     Waiting for application startup.
INFO:     Application startup complete.
ERROR:    [Errno 48] error while attempting to bind on address ('127.0.0.1', 8088): address already in use
INFO:     Waiting for application shutdown.
INFO:     Application shutdown complete.
INFO:     Started server process [75200]
INFO:     Waiting for application startup.
INFO:     Application startup complete.
ERROR:    [Errno 48] error while attempting to bind on address ('127.0.0.1', 8088): address already in use
INFO:     Waiting for application shutdown.
INFO:     Application shutdown complete.
INFO:     Started server process [75211]
INFO:     Waiting for application startup.
INFO:     Application startup complete.
ERROR:    [Errno 48] error while attempting to bind on address ('127.0.0.1', 8088): address already in use
INFO:     Waiting for application shutdown.
INFO:     Application shutdown complete.
INFO:     Started server process [75218]
INFO:     Waiting for application startup.
INFO:     Application startup complete.
ERROR:    [Errno 48] error while attempting to bind on address ('127.0.0.1', 8088): address already in use
INFO:     Waiting for application shutdown.
INFO:     Application shutdown complete.
INFO:     Started server process [75225]
INFO:     Waiting for application startup.
INFO:     Application startup complete.
ERROR:    [Errno 48] error while attempting to bind on address ('127.0.0.1', 8088): address already in use
INFO:     Waiting for application shutdown.
INFO:     Application shutdown complete.
INFO:     Started server process [75244]
INFO:     Waiting for application startup.
INFO:     Application startup complete.
ERROR:    [Errno 48] error while attempting to bind on address ('127.0.0.1', 8088): address already in use
INFO:     Waiting for application shutdown.
INFO:     Application shutdown complete.
INFO:     Started server process [75253]
INFO:     Waiting for application startup.
INFO:     Application startup complete.
ERROR:    [Errno 48] error while attempting to bind on address ('127.0.0.1', 8088): address already in use
INFO:     Waiting for application shutdown.
INFO:     Application shutdown complete.
INFO:     Started server process [75262]
INFO:     Waiting for application startup.
INFO:     Application startup complete.
ERROR:    [Errno 48] error while attempting to bind on address ('127.0.0.1', 8088): address already in use
INFO:     Waiting for application shutdown.
INFO:     Application shutdown complete.
INFO:     Started server process [75272]
INFO:     Waiting for application startup.
INFO:     Application startup complete.
ERROR:    [Errno 48] error while attempting to bind on address ('127.0.0.1', 8088): address already in use
INFO:     Waiting for application shutdown.
INFO:     Application shutdown complete.
INFO:     Started server process [75279]
INFO:     Waiting for application startup.
INFO:     Application startup complete.
ERROR:    [Errno 48] error while attempting to bind on address ('127.0.0.1', 8088): address already in use
INFO:     Waiting for application shutdown.
INFO:     Application shutdown complete.
INFO:     Started server process [75288]
INFO:     Waiting for application startup.
INFO:     Application startup complete.
ERROR:    [Errno 48] error while attempting to bind on address ('127.0.0.1', 8088): address already in use
INFO:     Waiting for application shutdown.
INFO:     Application shutdown complete.
INFO:     Started server process [75296]
INFO:     Waiting for application startup.
INFO:     Application startup complete.
ERROR:    [Errno 48] error while attempting to bind on address ('127.0.0.1', 8088): address already in use
INFO:     Waiting for application shutdown.
INFO:     Application shutdown complete.
INFO:     Started server process [75305]
INFO:     Waiting for application startup.
INFO:     Application startup complete.
ERROR:    [Errno 48] error while attempting to bind on address ('127.0.0.1', 8088): address already in use
INFO:     Waiting for application shutdown.
INFO:     Application shutdown complete.
INFO:     Started server process [75316]
INFO:     Waiting for application startup.
INFO:     Application startup complete.
ERROR:    [Errno 48] error while attempting to bind on address ('127.0.0.1', 8088): address already in use
INFO:     Waiting for application shutdown.
INFO:     Application shutdown complete.
INFO:     Started server process [75326]
INFO:     Waiting for application startup.
INFO:     Application startup complete.
ERROR:    [Errno 48] error while attempting to bind on address ('127.0.0.1', 8088): address already in use
INFO:     Waiting for application shutdown.
INFO:     Application shutdown complete.
INFO:     Started server process [75334]
INFO:     Waiting for application startup.
INFO:     Application startup complete.
ERROR:    [Errno 48] error while attempting to bind on address ('127.0.0.1', 8088): address already in use
INFO:     Waiting for application shutdown.
INFO:     Application shutdown complete.
INFO:     Started server process [75342]
INFO:     Waiting for application startup.
INFO:     Application startup complete.
ERROR:    [Errno 48] error while attempting to bind on address ('127.0.0.1', 8088): address already in use
INFO:     Waiting for application shutdown.
INFO:     Application shutdown complete.
INFO:     Started server process [75350]
INFO:     Waiting for application startup.
INFO:     Application startup complete.
ERROR:    [Errno 48] error while attempting to bind on address ('127.0.0.1', 8088): address already in use
INFO:     Waiting for application shutdown.
INFO:     Application shutdown complete.
INFO:     Started server process [75361]
INFO:     Waiting for application startup.
INFO:     Application startup complete.
ERROR:    [Errno 48] error while attempting to bind on address ('127.0.0.1', 8088): address already in use
INFO:     Waiting for application shutdown.
INFO:     Application shutdown complete.
INFO:     Started server process [75376]
INFO:     Waiting for application startup.
INFO:     Application startup complete.
ERROR:    [Errno 48] error while attempting to bind on address ('127.0.0.1', 8088): address already in use
INFO:     Waiting for application shutdown.
INFO:     Application shutdown complete.
INFO:     Started server process [75394]
INFO:     Waiting for application startup.
INFO:     Application startup complete.
ERROR:    [Errno 48] error while attempting to bind on address ('127.0.0.1', 8088): address already in use
INFO:     Waiting for application shutdown.
INFO:     Application shutdown complete.
INFO:     Started server process [75402]
INFO:     Waiting for application startup.
INFO:     Application startup complete.
ERROR:    [Errno 48] error while attempting to bind on address ('127.0.0.1', 8088): address already in use
INFO:     Waiting for application shutdown.
INFO:     Application shutdown complete.
INFO:     Started server process [75409]
INFO:     Waiting for application startup.
INFO:     Application startup complete.
ERROR:    [Errno 48] error while attempting to bind on address ('127.0.0.1', 8088): address already in use
INFO:     Waiting for application shutdown.
INFO:     Application shutdown complete.
INFO:     Started server process [75418]
INFO:     Waiting for application startup.
INFO:     Application startup complete.
ERROR:    [Errno 48] error while attempting to bind on address ('127.0.0.1', 8088): address already in use
INFO:     Waiting for application shutdown.
INFO:     Application shutdown complete.
INFO:     Started server process [75428]
INFO:     Waiting for application startup.
INFO:     Application startup complete.
ERROR:    [Errno 48] error while attempting to bind on address ('127.0.0.1', 8088): address already in use
INFO:     Waiting for application shutdown.
INFO:     Application shutdown complete.
INFO:     Started server process [75441]
INFO:     Waiting for application startup.
INFO:     Application startup complete.
ERROR:    [Errno 48] error while attempting to bind on address ('127.0.0.1', 8088): address already in use
INFO:     Waiting for application shutdown.
INFO:     Application shutdown complete.
INFO:     Started server process [75449]
INFO:     Waiting for application startup.
INFO:     Application startup complete.
ERROR:    [Errno 48] error while attempting to bind on address ('127.0.0.1', 8088): address already in use
INFO:     Waiting for application shutdown.
INFO:     Application shutdown complete.
INFO:     Started server process [75457]
INFO:     Waiting for application startup.
INFO:     Application startup complete.
ERROR:    [Errno 48] error while attempting to bind on address ('127.0.0.1', 8088): address already in use
INFO:     Waiting for application shutdown.
INFO:     Application shutdown complete.
INFO:     Started server process [75468]
INFO:     Waiting for application startup.
INFO:     Application startup complete.
ERROR:    [Errno 48] error while attempting to bind on address ('127.0.0.1', 8088): address already in use
INFO:     Waiting for application shutdown.
INFO:     Application shutdown complete.
INFO:     Started server process [75486]
INFO:     Waiting for application startup.
INFO:     Application startup complete.
ERROR:    [Errno 48] error while attempting to bind on address ('127.0.0.1', 8088): address already in use
INFO:     Waiting for application shutdown.
INFO:     Application shutdown complete.
INFO:     Started server process [75499]
INFO:     Waiting for application startup.
INFO:     Application startup complete.
ERROR:    [Errno 48] error while attempting to bind on address ('127.0.0.1', 8088): address already in use
INFO:     Waiting for application shutdown.
INFO:     Application shutdown complete.
INFO:     Started server process [75517]
INFO:     Waiting for application startup.
INFO:     Application startup complete.
ERROR:    [Errno 48] error while attempting to bind on address ('127.0.0.1', 8088): address already in use
INFO:     Waiting for application shutdown.
INFO:     Application shutdown complete.
INFO:     Started server process [75528]
INFO:     Waiting for application startup.
INFO:     Application startup complete.
ERROR:    [Errno 48] error while attempting to bind on address ('127.0.0.1', 8088): address already in use
INFO:     Waiting for application shutdown.
INFO:     Application shutdown complete.
INFO:     Started server process [75535]
INFO:     Waiting for application startup.
INFO:     Application startup complete.
ERROR:    [Errno 48] error while attempting to bind on address ('127.0.0.1', 8088): address already in use
INFO:     Waiting for application shutdown.
INFO:     Application shutdown complete.
INFO:     Started server process [75542]
INFO:     Waiting for application startup.
INFO:     Application startup complete.
ERROR:    [Errno 48] error while attempting to bind on address ('127.0.0.1', 8088): address already in use
INFO:     Waiting for application shutdown.
INFO:     Application shutdown complete.
INFO:     Started server process [75551]
INFO:     Waiting for application startup.
INFO:     Application startup complete.
ERROR:    [Errno 48] error while attempting to bind on address ('127.0.0.1', 8088): address already in use
INFO:     Waiting for application shutdown.
INFO:     Application shutdown complete.
INFO:     Started server process [75573]
INFO:     Waiting for application startup.
INFO:     Application startup complete.
ERROR:    [Errno 48] error while attempting to bind on address ('127.0.0.1', 8088): address already in use
INFO:     Waiting for application shutdown.
INFO:     Application shutdown complete.
INFO:     Started server process [75581]
INFO:     Waiting for application startup.
INFO:     Application startup complete.
ERROR:    [Errno 48] error while attempting to bind on address ('127.0.0.1', 8088): address already in use
INFO:     Waiting for application shutdown.
INFO:     Application shutdown complete.
INFO:     Started server process [75590]
INFO:     Waiting for application startup.
INFO:     Application startup complete.
ERROR:    [Errno 48] error while attempting to bind on address ('127.0.0.1', 8088): address already in use
INFO:     Waiting for application shutdown.
INFO:     Application shutdown complete.
INFO:     Started server process [75597]
INFO:     Waiting for application startup.
INFO:     Application startup complete.
ERROR:    [Errno 48] error while attempting to bind on address ('127.0.0.1', 8088): address already in use
INFO:     Waiting for application shutdown.
INFO:     Application shutdown complete.
INFO:     Started server process [75604]
INFO:     Waiting for application startup.
INFO:     Application startup complete.
ERROR:    [Errno 48] error while attempting to bind on address ('127.0.0.1', 8088): address already in use
INFO:     Waiting for application shutdown.
INFO:     Application shutdown complete.
INFO:     Started server process [75616]
INFO:     Waiting for application startup.
INFO:     Application startup complete.
ERROR:    [Errno 48] error while attempting to bind on address ('127.0.0.1', 8088): address already in use
INFO:     Waiting for application shutdown.
INFO:     Application shutdown complete.
INFO:     Started server process [75629]
INFO:     Waiting for application startup.
INFO:     Application startup complete.
ERROR:    [Errno 48] error while attempting to bind on address ('127.0.0.1', 8088): address already in use
INFO:     Waiting for application shutdown.
INFO:     Application shutdown complete.
INFO:     Started server process [75639]
INFO:     Waiting for application startup.
INFO:     Application startup complete.
ERROR:    [Errno 48] error while attempting to bind on address ('127.0.0.1', 8088): address already in use
INFO:     Waiting for application shutdown.
INFO:     Application shutdown complete.
INFO:     Started server process [75647]
INFO:     Waiting for application startup.
INFO:     Application startup complete.
ERROR:    [Errno 48] error while attempting to bind on address ('127.0.0.1', 8088): address already in use
INFO:     Waiting for application shutdown.
INFO:     Application shutdown complete.
INFO:     Started server process [75655]
INFO:     Waiting for application startup.
INFO:     Application startup complete.
ERROR:    [Errno 48] error while attempting to bind on address ('127.0.0.1', 8088): address already in use
INFO:     Waiting for application shutdown.
INFO:     Application shutdown complete.
INFO:     Started server process [75662]
INFO:     Waiting for application startup.
INFO:     Application startup complete.
ERROR:    [Errno 48] error while attempting to bind on address ('127.0.0.1', 8088): address already in use
INFO:     Waiting for application shutdown.
INFO:     Application shutdown complete.
INFO:     Started server process [75674]
INFO:     Waiting for application startup.
INFO:     Application startup complete.
ERROR:    [Errno 48] error while attempting to bind on address ('127.0.0.1', 8088): address already in use
INFO:     Waiting for application shutdown.
INFO:     Application shutdown complete.
INFO:     Started server process [75690]
INFO:     Waiting for application startup.
INFO:     Application startup complete.
ERROR:    [Errno 48] error while attempting to bind on address ('127.0.0.1', 8088): address already in use
INFO:     Waiting for application shutdown.
INFO:     Application shutdown complete.
INFO:     Started server process [75697]
INFO:     Waiting for application startup.
INFO:     Application startup complete.
ERROR:    [Errno 48] error while attempting to bind on address ('127.0.0.1', 8088): address already in use
INFO:     Waiting for application shutdown.
INFO:     Application shutdown complete.
INFO:     Started server process [75713]
INFO:     Waiting for application startup.
INFO:     Application startup complete.
ERROR:    [Errno 48] error while attempting to bind on address ('127.0.0.1', 8088): address already in use
INFO:     Waiting for application shutdown.
INFO:     Application shutdown complete.
INFO:     Started server process [75720]
INFO:     Waiting for application startup.
INFO:     Application startup complete.
ERROR:    [Errno 48] error while attempting to bind on address ('127.0.0.1', 8088): address already in use
INFO:     Waiting for application shutdown.
INFO:     Application shutdown complete.
INFO:     Started server process [75730]
INFO:     Waiting for application startup.
INFO:     Application startup complete.
ERROR:    [Errno 48] error while attempting to bind on address ('127.0.0.1', 8088): address already in use
INFO:     Waiting for application shutdown.
INFO:     Application shutdown complete.
INFO:     Started server process [75743]
INFO:     Waiting for application startup.
INFO:     Application startup complete.
ERROR:    [Errno 48] error while attempting to bind on address ('127.0.0.1', 8088): address already in use
INFO:     Waiting for application shutdown.
INFO:     Application shutdown complete.
INFO:     Started server process [75751]
INFO:     Waiting for application startup.
INFO:     Application startup complete.
ERROR:    [Errno 48] error while attempting to bind on address ('127.0.0.1', 8088): address already in use
INFO:     Waiting for application shutdown.
INFO:     Application shutdown complete.
INFO:     Started server process [75759]
INFO:     Waiting for application startup.
INFO:     Application startup complete.
ERROR:    [Errno 48] error while attempting to bind on address ('127.0.0.1', 8088): address already in use
INFO:     Waiting for application shutdown.
INFO:     Application shutdown complete.
INFO:     Started server process [75777]
INFO:     Waiting for application startup.
INFO:     Application startup complete.
ERROR:    [Errno 48] error while attempting to bind on address ('127.0.0.1', 8088): address already in use
INFO:     Waiting for application shutdown.
INFO:     Application shutdown complete.
INFO:     Started server process [75794]
INFO:     Waiting for application startup.
INFO:     Application startup complete.
ERROR:    [Errno 48] error while attempting to bind on address ('127.0.0.1', 8088): address already in use
INFO:     Waiting for application shutdown.
INFO:     Application shutdown complete.
INFO:     Started server process [75810]
INFO:     Waiting for application startup.
INFO:     Application startup complete.
ERROR:    [Errno 48] error while attempting to bind on address ('127.0.0.1', 8088): address already in use
INFO:     Waiting for application shutdown.
INFO:     Application shutdown complete.
INFO:     Started server process [75823]
INFO:     Waiting for application startup.
INFO:     Application startup complete.
ERROR:    [Errno 48] error while attempting to bind on address ('127.0.0.1', 8088): address already in use
INFO:     Waiting for application shutdown.
INFO:     Application shutdown complete.
INFO:     Started server process [75840]
INFO:     Waiting for application startup.
INFO:     Application startup complete.
ERROR:    [Errno 48] error while attempting to bind on address ('127.0.0.1', 8088): address already in use
INFO:     Waiting for application shutdown.
INFO:     Application shutdown complete.
INFO:     Started server process [75847]
INFO:     Waiting for application startup.
INFO:     Application startup complete.
ERROR:    [Errno 48] error while attempting to bind on address ('127.0.0.1', 8088): address already in use
INFO:     Waiting for application shutdown.
INFO:     Application shutdown complete.
INFO:     Started server process [75859]
INFO:     Waiting for application startup.
INFO:     Application startup complete.
ERROR:    [Errno 48] error while attempting to bind on address ('127.0.0.1', 8088): address already in use
INFO:     Waiting for application shutdown.
INFO:     Application shutdown complete.
INFO:     Started server process [75867]
INFO:     Waiting for application startup.
INFO:     Application startup complete.
ERROR:    [Errno 48] error while attempting to bind on address ('127.0.0.1', 8088): address already in use
INFO:     Waiting for application shutdown.
INFO:     Application shutdown complete.
INFO:     Started server process [75874]
INFO:     Waiting for application startup.
INFO:     Application startup complete.
ERROR:    [Errno 48] error while attempting to bind on address ('127.0.0.1', 8088): address already in use
INFO:     Waiting for application shutdown.
INFO:     Application shutdown complete.
INFO:     Started server process [75889]
INFO:     Waiting for application startup.
INFO:     Application startup complete.
ERROR:    [Errno 48] error while attempting to bind on address ('127.0.0.1', 8088): address already in use
INFO:     Waiting for application shutdown.
INFO:     Application shutdown complete.
INFO:     Started server process [75898]
INFO:     Waiting for application startup.
INFO:     Application startup complete.
ERROR:    [Errno 48] error while attempting to bind on address ('127.0.0.1', 8088): address already in use
INFO:     Waiting for application shutdown.
INFO:     Application shutdown complete.
INFO:     Started server process [75905]
INFO:     Waiting for application startup.
INFO:     Application startup complete.
ERROR:    [Errno 48] error while attempting to bind on address ('127.0.0.1', 8088): address already in use
INFO:     Waiting for application shutdown.
INFO:     Application shutdown complete.
INFO:     Started server process [75914]
INFO:     Waiting for application startup.
INFO:     Application startup complete.
ERROR:    [Errno 48] error while attempting to bind on address ('127.0.0.1', 8088): address already in use
INFO:     Waiting for application shutdown.
INFO:     Application shutdown complete.
INFO:     Started server process [75921]
INFO:     Waiting for application startup.
INFO:     Application startup complete.
ERROR:    [Errno 48] error while attempting to bind on address ('127.0.0.1', 8088): address already in use
INFO:     Waiting for application shutdown.
INFO:     Application shutdown complete.
INFO:     Started server process [75929]
INFO:     Waiting for application startup.
INFO:     Application startup complete.
ERROR:    [Errno 48] error while attempting to bind on address ('127.0.0.1', 8088): address already in use
INFO:     Waiting for application shutdown.
INFO:     Application shutdown complete.
INFO:     Started server process [75942]
INFO:     Waiting for application startup.
INFO:     Application startup complete.
ERROR:    [Errno 48] error while attempting to bind on address ('127.0.0.1', 8088): address already in use
INFO:     Waiting for application shutdown.
INFO:     Application shutdown complete.
INFO:     Started server process [75951]
INFO:     Waiting for application startup.
INFO:     Application startup complete.
ERROR:    [Errno 48] error while attempting to bind on address ('127.0.0.1', 8088): address already in use
INFO:     Waiting for application shutdown.
INFO:     Application shutdown complete.
INFO:     Started server process [75958]
INFO:     Waiting for application startup.
INFO:     Application startup complete.
ERROR:    [Errno 48] error while attempting to bind on address ('127.0.0.1', 8088): address already in use
INFO:     Waiting for application shutdown.
INFO:     Application shutdown complete.
INFO:     Started server process [75966]
INFO:     Waiting for application startup.
INFO:     Application startup complete.
ERROR:    [Errno 48] error while attempting to bind on address ('127.0.0.1', 8088): address already in use
INFO:     Waiting for application shutdown.
INFO:     Application shutdown complete.
INFO:     Started server process [75974]
INFO:     Waiting for application startup.
INFO:     Application startup complete.
ERROR:    [Errno 48] error while attempting to bind on address ('127.0.0.1', 8088): address already in use
INFO:     Waiting for application shutdown.
INFO:     Application shutdown complete.
INFO:     Started server process [75986]
INFO:     Waiting for application startup.
INFO:     Application startup complete.
ERROR:    [Errno 48] error while attempting to bind on address ('127.0.0.1', 8088): address already in use
INFO:     Waiting for application shutdown.
INFO:     Application shutdown complete.
INFO:     Started server process [76001]
INFO:     Waiting for application startup.
INFO:     Application startup complete.
ERROR:    [Errno 48] error while attempting to bind on address ('127.0.0.1', 8088): address already in use
INFO:     Waiting for application shutdown.
INFO:     Application shutdown complete.
INFO:     Started server process [76010]
INFO:     Waiting for application startup.
INFO:     Application startup complete.
ERROR:    [Errno 48] error while attempting to bind on address ('127.0.0.1', 8088): address already in use
INFO:     Waiting for application shutdown.
INFO:     Application shutdown complete.
INFO:     Started server process [76022]
INFO:     Waiting for application startup.
INFO:     Application startup complete.
ERROR:    [Errno 48] error while attempting to bind on address ('127.0.0.1', 8088): address already in use
INFO:     Waiting for application shutdown.
INFO:     Application shutdown complete.
INFO:     Started server process [76034]
INFO:     Waiting for application startup.
INFO:     Application startup complete.
ERROR:    [Errno 48] error while attempting to bind on address ('127.0.0.1', 8088): address already in use
INFO:     Waiting for application shutdown.
INFO:     Application shutdown complete.
INFO:     Started server process [76041]
INFO:     Waiting for application startup.
INFO:     Application startup complete.
ERROR:    [Errno 48] error while attempting to bind on address ('127.0.0.1', 8088): address already in use
INFO:     Waiting for application shutdown.
INFO:     Application shutdown complete.
INFO:     Started server process [76056]
INFO:     Waiting for application startup.
INFO:     Application startup complete.
ERROR:    [Errno 48] error while attempting to bind on address ('127.0.0.1', 8088): address already in use
INFO:     Waiting for application shutdown.
INFO:     Application shutdown complete.
INFO:     Started server process [76064]
INFO:     Waiting for application startup.
INFO:     Application startup complete.
ERROR:    [Errno 48] error while attempting to bind on address ('127.0.0.1', 8088): address already in use
INFO:     Waiting for application shutdown.
INFO:     Application shutdown complete.
INFO:     Started server process [76071]
INFO:     Waiting for application startup.
INFO:     Application startup complete.
ERROR:    [Errno 48] error while attempting to bind on address ('127.0.0.1', 8088): address already in use
INFO:     Waiting for application shutdown.
INFO:     Application shutdown complete.
INFO:     Started server process [76080]
INFO:     Waiting for application startup.
INFO:     Application startup complete.
ERROR:    [Errno 48] error while attempting to bind on address ('127.0.0.1', 8088): address already in use
INFO:     Waiting for application shutdown.
INFO:     Application shutdown complete.
INFO:     Started server process [76088]
INFO:     Waiting for application startup.
INFO:     Application startup complete.
ERROR:    [Errno 48] error while attempting to bind on address ('127.0.0.1', 8088): address already in use
INFO:     Waiting for application shutdown.
INFO:     Application shutdown complete.
INFO:     Started server process [76096]
INFO:     Waiting for application startup.
INFO:     Application startup complete.
ERROR:    [Errno 48] error while attempting to bind on address ('127.0.0.1', 8088): address already in use
INFO:     Waiting for application shutdown.
INFO:     Application shutdown complete.
INFO:     Started server process [76109]
INFO:     Waiting for application startup.
INFO:     Application startup complete.
ERROR:    [Errno 48] error while attempting to bind on address ('127.0.0.1', 8088): address already in use
INFO:     Waiting for application shutdown.
INFO:     Application shutdown complete.
INFO:     Started server process [76129]
INFO:     Waiting for application startup.
INFO:     Application startup complete.
ERROR:    [Errno 48] error while attempting to bind on address ('127.0.0.1', 8088): address already in use
INFO:     Waiting for application shutdown.
INFO:     Application shutdown complete.
INFO:     Started server process [76145]
INFO:     Waiting for application startup.
INFO:     Application startup complete.
ERROR:    [Errno 48] error while attempting to bind on address ('127.0.0.1', 8088): address already in use
INFO:     Waiting for application shutdown.
INFO:     Application shutdown complete.
INFO:     Started server process [76152]
INFO:     Waiting for application startup.
INFO:     Application startup complete.
ERROR:    [Errno 48] error while attempting to bind on address ('127.0.0.1', 8088): address already in use
INFO:     Waiting for application shutdown.
INFO:     Application shutdown complete.
INFO:     Started server process [76162]
INFO:     Waiting for application startup.
INFO:     Application startup complete.
ERROR:    [Errno 48] error while attempting to bind on address ('127.0.0.1', 8088): address already in use
INFO:     Waiting for application shutdown.
INFO:     Application shutdown complete.
INFO:     Started server process [76173]
INFO:     Waiting for application startup.
INFO:     Application startup complete.
ERROR:    [Errno 48] error while attempting to bind on address ('127.0.0.1', 8088): address already in use
INFO:     Waiting for application shutdown.
INFO:     Application shutdown complete.
INFO:     Started server process [76184]
INFO:     Waiting for application startup.
INFO:     Application startup complete.
ERROR:    [Errno 48] error while attempting to bind on address ('127.0.0.1', 8088): address already in use
INFO:     Waiting for application shutdown.
INFO:     Application shutdown complete.
INFO:     Started server process [76196]
INFO:     Waiting for application startup.
INFO:     Application startup complete.
ERROR:    [Errno 48] error while attempting to bind on address ('127.0.0.1', 8088): address already in use
INFO:     Waiting for application shutdown.
INFO:     Application shutdown complete.
INFO:     Started server process [76203]
INFO:     Waiting for application startup.
INFO:     Application startup complete.
ERROR:    [Errno 48] error while attempting to bind on address ('127.0.0.1', 8088): address already in use
INFO:     Waiting for application shutdown.
INFO:     Application shutdown complete.
INFO:     Started server process [76211]
INFO:     Waiting for application startup.
INFO:     Application startup complete.
ERROR:    [Errno 48] error while attempting to bind on address ('127.0.0.1', 8088): address already in use
INFO:     Waiting for application shutdown.
INFO:     Application shutdown complete.
INFO:     Started server process [76221]
INFO:     Waiting for application startup.
INFO:     Application startup complete.
ERROR:    [Errno 48] error while attempting to bind on address ('127.0.0.1', 8088): address already in use
INFO:     Waiting for application shutdown.
INFO:     Application shutdown complete.
INFO:     Started server process [76232]
INFO:     Waiting for application startup.
INFO:     Application startup complete.
ERROR:    [Errno 48] error while attempting to bind on address ('127.0.0.1', 8088): address already in use
INFO:     Waiting for application shutdown.
INFO:     Application shutdown complete.
INFO:     Started server process [76244]
INFO:     Waiting for application startup.
INFO:     Application startup complete.
ERROR:    [Errno 48] error while attempting to bind on address ('127.0.0.1', 8088): address already in use
INFO:     Waiting for application shutdown.
INFO:     Application shutdown complete.
INFO:     Started server process [76253]
INFO:     Waiting for application startup.
INFO:     Application startup complete.
ERROR:    [Errno 48] error while attempting to bind on address ('127.0.0.1', 8088): address already in use
INFO:     Waiting for application shutdown.
INFO:     Application shutdown complete.
INFO:     Started server process [76260]
INFO:     Waiting for application startup.
INFO:     Application startup complete.
ERROR:    [Errno 48] error while attempting to bind on address ('127.0.0.1', 8088): address already in use
INFO:     Waiting for application shutdown.
INFO:     Application shutdown complete.
INFO:     Started server process [76267]
INFO:     Waiting for application startup.
INFO:     Application startup complete.
ERROR:    [Errno 48] error while attempting to bind on address ('127.0.0.1', 8088): address already in use
INFO:     Waiting for application shutdown.
INFO:     Application shutdown complete.
INFO:     Started server process [76274]
INFO:     Waiting for application startup.
INFO:     Application startup complete.
ERROR:    [Errno 48] error while attempting to bind on address ('127.0.0.1', 8088): address already in use
INFO:     Waiting for application shutdown.
INFO:     Application shutdown complete.
INFO:     Started server process [76302]
INFO:     Waiting for application startup.
INFO:     Application startup complete.
ERROR:    [Errno 48] error while attempting to bind on address ('127.0.0.1', 8088): address already in use
INFO:     Waiting for application shutdown.
INFO:     Application shutdown complete.
INFO:     Started server process [76316]
INFO:     Waiting for application startup.
INFO:     Application startup complete.
ERROR:    [Errno 48] error while attempting to bind on address ('127.0.0.1', 8088): address already in use
INFO:     Waiting for application shutdown.
INFO:     Application shutdown complete.
INFO:     Started server process [76331]
INFO:     Waiting for application startup.
INFO:     Application startup complete.
ERROR:    [Errno 48] error while attempting to bind on address ('127.0.0.1', 8088): address already in use
INFO:     Waiting for application shutdown.
INFO:     Application shutdown complete.
INFO:     Started server process [76338]
INFO:     Waiting for application startup.
INFO:     Application startup complete.
ERROR:    [Errno 48] error while attempting to bind on address ('127.0.0.1', 8088): address already in use
INFO:     Waiting for application shutdown.
INFO:     Application shutdown complete.
INFO:     Started server process [76345]
INFO:     Waiting for application startup.
INFO:     Application startup complete.
ERROR:    [Errno 48] error while attempting to bind on address ('127.0.0.1', 8088): address already in use
INFO:     Waiting for application shutdown.
INFO:     Application shutdown complete.
INFO:     Started server process [76355]
INFO:     Waiting for application startup.
INFO:     Application startup complete.
ERROR:    [Errno 48] error while attempting to bind on address ('127.0.0.1', 8088): address already in use
INFO:     Waiting for application shutdown.
INFO:     Application shutdown complete.
INFO:     Started server process [76364]
INFO:     Waiting for application startup.
INFO:     Application startup complete.
ERROR:    [Errno 48] error while attempting to bind on address ('127.0.0.1', 8088): address already in use
INFO:     Waiting for application shutdown.
INFO:     Application shutdown complete.
INFO:     Started server process [76373]
INFO:     Waiting for application startup.
INFO:     Application startup complete.
ERROR:    [Errno 48] error while attempting to bind on address ('127.0.0.1', 8088): address already in use
INFO:     Waiting for application shutdown.
INFO:     Application shutdown complete.
INFO:     Started server process [76383]
INFO:     Waiting for application startup.
INFO:     Application startup complete.
ERROR:    [Errno 48] error while attempting to bind on address ('127.0.0.1', 8088): address already in use
INFO:     Waiting for application shutdown.
INFO:     Application shutdown complete.
INFO:     Started server process [76403]
INFO:     Waiting for application startup.
INFO:     Application startup complete.
ERROR:    [Errno 48] error while attempting to bind on address ('127.0.0.1', 8088): address already in use
INFO:     Waiting for application shutdown.
INFO:     Application shutdown complete.
INFO:     Started server process [76412]
INFO:     Waiting for application startup.
INFO:     Application startup complete.
ERROR:    [Errno 48] error while attempting to bind on address ('127.0.0.1', 8088): address already in use
INFO:     Waiting for application shutdown.
INFO:     Application shutdown complete.
INFO:     Started server process [76423]
INFO:     Waiting for application startup.
INFO:     Application startup complete.
ERROR:    [Errno 48] error while attempting to bind on address ('127.0.0.1', 8088): address already in use
INFO:     Waiting for application shutdown.
INFO:     Application shutdown complete.
INFO:     Started server process [76430]
INFO:     Waiting for application startup.
INFO:     Application startup complete.
ERROR:    [Errno 48] error while attempting to bind on address ('127.0.0.1', 8088): address already in use
INFO:     Waiting for application shutdown.
INFO:     Application shutdown complete.
INFO:     Started server process [76439]
INFO:     Waiting for application startup.
INFO:     Application startup complete.
ERROR:    [Errno 48] error while attempting to bind on address ('127.0.0.1', 8088): address already in use
INFO:     Waiting for application shutdown.
INFO:     Application shutdown complete.
INFO:     Started server process [76447]
INFO:     Waiting for application startup.
INFO:     Application startup complete.
ERROR:    [Errno 48] error while attempting to bind on address ('127.0.0.1', 8088): address already in use
INFO:     Waiting for application shutdown.
INFO:     Application shutdown complete.
INFO:     Started server process [76455]
INFO:     Waiting for application startup.
INFO:     Application startup complete.
ERROR:    [Errno 48] error while attempting to bind on address ('127.0.0.1', 8088): address already in use
INFO:     Waiting for application shutdown.
INFO:     Application shutdown complete.
INFO:     Started server process [76463]
INFO:     Waiting for application startup.
INFO:     Application startup complete.
ERROR:    [Errno 48] error while attempting to bind on address ('127.0.0.1', 8088): address already in use
INFO:     Waiting for application shutdown.
INFO:     Application shutdown complete.
INFO:     Started server process [76474]
INFO:     Waiting for application startup.
INFO:     Application startup complete.
ERROR:    [Errno 48] error while attempting to bind on address ('127.0.0.1', 8088): address already in use
INFO:     Waiting for application shutdown.
INFO:     Application shutdown complete.
INFO:     Started server process [76484]
INFO:     Waiting for application startup.
INFO:     Application startup complete.
ERROR:    [Errno 48] error while attempting to bind on address ('127.0.0.1', 8088): address already in use
INFO:     Waiting for application shutdown.
INFO:     Application shutdown complete.
INFO:     Started server process [76494]
INFO:     Waiting for application startup.
INFO:     Application startup complete.
ERROR:    [Errno 48] error while attempting to bind on address ('127.0.0.1', 8088): address already in use
INFO:     Waiting for application shutdown.
INFO:     Application shutdown complete.
INFO:     Started server process [76503]
INFO:     Waiting for application startup.
INFO:     Application startup complete.
ERROR:    [Errno 48] error while attempting to bind on address ('127.0.0.1', 8088): address already in use
INFO:     Waiting for application shutdown.
INFO:     Application shutdown complete.
INFO:     Started server process [76510]
INFO:     Waiting for application startup.
INFO:     Application startup complete.
ERROR:    [Errno 48] error while attempting to bind on address ('127.0.0.1', 8088): address already in use
INFO:     Waiting for application shutdown.
INFO:     Application shutdown complete.
INFO:     Started server process [76524]
INFO:     Waiting for application startup.
INFO:     Application startup complete.
ERROR:    [Errno 48] error while attempting to bind on address ('127.0.0.1', 8088): address already in use
INFO:     Waiting for application shutdown.
INFO:     Application shutdown complete.
INFO:     Started server process [76535]
INFO:     Waiting for application startup.
INFO:     Application startup complete.
ERROR:    [Errno 48] error while attempting to bind on address ('127.0.0.1', 8088): address already in use
INFO:     Waiting for application shutdown.
INFO:     Application shutdown complete.
INFO:     Started server process [76545]
INFO:     Waiting for application startup.
INFO:     Application startup complete.
ERROR:    [Errno 48] error while attempting to bind on address ('127.0.0.1', 8088): address already in use
INFO:     Waiting for application shutdown.
INFO:     Application shutdown complete.
INFO:     Started server process [76552]
INFO:     Waiting for application startup.
INFO:     Application startup complete.
ERROR:    [Errno 48] error while attempting to bind on address ('127.0.0.1', 8088): address already in use
INFO:     Waiting for application shutdown.
INFO:     Application shutdown complete.
INFO:     Started server process [76560]
INFO:     Waiting for application startup.
INFO:     Application startup complete.
ERROR:    [Errno 48] error while attempting to bind on address ('127.0.0.1', 8088): address already in use
INFO:     Waiting for application shutdown.
INFO:     Application shutdown complete.
INFO:     Started server process [76567]
INFO:     Waiting for application startup.
INFO:     Application startup complete.
ERROR:    [Errno 48] error while attempting to bind on address ('127.0.0.1', 8088): address already in use
INFO:     Waiting for application shutdown.
INFO:     Application shutdown complete.
INFO:     Started server process [76576]
INFO:     Waiting for application startup.
INFO:     Application startup complete.
ERROR:    [Errno 48] error while attempting to bind on address ('127.0.0.1', 8088): address already in use
INFO:     Waiting for application shutdown.
INFO:     Application shutdown complete.
INFO:     Started server process [76595]
INFO:     Waiting for application startup.
INFO:     Application startup complete.
ERROR:    [Errno 48] error while attempting to bind on address ('127.0.0.1', 8088): address already in use
INFO:     Waiting for application shutdown.
INFO:     Application shutdown complete.
INFO:     Started server process [76602]
INFO:     Waiting for application startup.
INFO:     Application startup complete.
ERROR:    [Errno 48] error while attempting to bind on address ('127.0.0.1', 8088): address already in use
INFO:     Waiting for application shutdown.
INFO:     Application shutdown complete.
INFO:     Started server process [76611]
INFO:     Waiting for application startup.
INFO:     Application startup complete.
ERROR:    [Errno 48] error while attempting to bind on address ('127.0.0.1', 8088): address already in use
INFO:     Waiting for application shutdown.
INFO:     Application shutdown complete.
INFO:     Started server process [76619]
INFO:     Waiting for application startup.
INFO:     Application startup complete.
ERROR:    [Errno 48] error while attempting to bind on address ('127.0.0.1', 8088): address already in use
INFO:     Waiting for application shutdown.
INFO:     Application shutdown complete.
INFO:     Started server process [76626]
INFO:     Waiting for application startup.
INFO:     Application startup complete.
ERROR:    [Errno 48] error while attempting to bind on address ('127.0.0.1', 8088): address already in use
INFO:     Waiting for application shutdown.
INFO:     Application shutdown complete.
INFO:     Started server process [76636]
INFO:     Waiting for application startup.
INFO:     Application startup complete.
ERROR:    [Errno 48] error while attempting to bind on address ('127.0.0.1', 8088): address already in use
INFO:     Waiting for application shutdown.
INFO:     Application shutdown complete.
INFO:     Started server process [76645]
INFO:     Waiting for application startup.
INFO:     Application startup complete.
ERROR:    [Errno 48] error while attempting to bind on address ('127.0.0.1', 8088): address already in use
INFO:     Waiting for application shutdown.
INFO:     Application shutdown complete.
INFO:     Started server process [76652]
INFO:     Waiting for application startup.
INFO:     Application startup complete.
ERROR:    [Errno 48] error while attempting to bind on address ('127.0.0.1', 8088): address already in use
INFO:     Waiting for application shutdown.
INFO:     Application shutdown complete.
INFO:     Started server process [76661]
INFO:     Waiting for application startup.
INFO:     Application startup complete.
ERROR:    [Errno 48] error while attempting to bind on address ('127.0.0.1', 8088): address already in use
INFO:     Waiting for application shutdown.
INFO:     Application shutdown complete.
INFO:     Started server process [76669]
INFO:     Waiting for application startup.
INFO:     Application startup complete.
ERROR:    [Errno 48] error while attempting to bind on address ('127.0.0.1', 8088): address already in use
INFO:     Waiting for application shutdown.
INFO:     Application shutdown complete.
INFO:     Started server process [76683]
INFO:     Waiting for application startup.
INFO:     Application startup complete.
ERROR:    [Errno 48] error while attempting to bind on address ('127.0.0.1', 8088): address already in use
INFO:     Waiting for application shutdown.
INFO:     Application shutdown complete.
INFO:     Started server process [76692]
INFO:     Waiting for application startup.
INFO:     Application startup complete.
ERROR:    [Errno 48] error while attempting to bind on address ('127.0.0.1', 8088): address already in use
INFO:     Waiting for application shutdown.
INFO:     Application shutdown complete.
INFO:     Started server process [76702]
INFO:     Waiting for application startup.
INFO:     Application startup complete.
ERROR:    [Errno 48] error while attempting to bind on address ('127.0.0.1', 8088): address already in use
INFO:     Waiting for application shutdown.
INFO:     Application shutdown complete.
INFO:     Started server process [76719]
INFO:     Waiting for application startup.
INFO:     Application startup complete.
ERROR:    [Errno 48] error while attempting to bind on address ('127.0.0.1', 8088): address already in use
INFO:     Waiting for application shutdown.
INFO:     Application shutdown complete.
INFO:     Started server process [76737]
INFO:     Waiting for application startup.
INFO:     Application startup complete.
ERROR:    [Errno 48] error while attempting to bind on address ('127.0.0.1', 8088): address already in use
INFO:     Waiting for application shutdown.
INFO:     Application shutdown complete.
INFO:     Started server process [76747]
INFO:     Waiting for application startup.
INFO:     Application startup complete.
ERROR:    [Errno 48] error while attempting to bind on address ('127.0.0.1', 8088): address already in use
INFO:     Waiting for application shutdown.
INFO:     Application shutdown complete.
INFO:     Started server process [76757]
INFO:     Waiting for application startup.
INFO:     Application startup complete.
ERROR:    [Errno 48] error while attempting to bind on address ('127.0.0.1', 8088): address already in use
INFO:     Waiting for application shutdown.
INFO:     Application shutdown complete.
INFO:     Started server process [76765]
INFO:     Waiting for application startup.
INFO:     Application startup complete.
ERROR:    [Errno 48] error while attempting to bind on address ('127.0.0.1', 8088): address already in use
INFO:     Waiting for application shutdown.
INFO:     Application shutdown complete.
INFO:     Started server process [76774]
INFO:     Waiting for application startup.
INFO:     Application startup complete.
ERROR:    [Errno 48] error while attempting to bind on address ('127.0.0.1', 8088): address already in use
INFO:     Waiting for application shutdown.
INFO:     Application shutdown complete.
INFO:     Started server process [76783]
INFO:     Waiting for application startup.
INFO:     Application startup complete.
ERROR:    [Errno 48] error while attempting to bind on address ('127.0.0.1', 8088): address already in use
INFO:     Waiting for application shutdown.
INFO:     Application shutdown complete.
INFO:     Started server process [76791]
INFO:     Waiting for application startup.
INFO:     Application startup complete.
ERROR:    [Errno 48] error while attempting to bind on address ('127.0.0.1', 8088): address already in use
INFO:     Waiting for application shutdown.
INFO:     Application shutdown complete.
INFO:     Started server process [76799]
INFO:     Waiting for application startup.
INFO:     Application startup complete.
ERROR:    [Errno 48] error while attempting to bind on address ('127.0.0.1', 8088): address already in use
INFO:     Waiting for application shutdown.
INFO:     Application shutdown complete.
INFO:     Started server process [76809]
INFO:     Waiting for application startup.
INFO:     Application startup complete.
ERROR:    [Errno 48] error while attempting to bind on address ('127.0.0.1', 8088): address already in use
INFO:     Waiting for application shutdown.
INFO:     Application shutdown complete.
INFO:     Started server process [76817]
INFO:     Waiting for application startup.
INFO:     Application startup complete.
ERROR:    [Errno 48] error while attempting to bind on address ('127.0.0.1', 8088): address already in use
INFO:     Waiting for application shutdown.
INFO:     Application shutdown complete.
INFO:     Started server process [76825]
INFO:     Waiting for application startup.
INFO:     Application startup complete.
ERROR:    [Errno 48] error while attempting to bind on address ('127.0.0.1', 8088): address already in use
INFO:     Waiting for application shutdown.
INFO:     Application shutdown complete.
INFO:     Started server process [76834]
INFO:     Waiting for application startup.
INFO:     Application startup complete.
ERROR:    [Errno 48] error while attempting to bind on address ('127.0.0.1', 8088): address already in use
INFO:     Waiting for application shutdown.
INFO:     Application shutdown complete.
INFO:     Started server process [76841]
INFO:     Waiting for application startup.
INFO:     Application startup complete.
ERROR:    [Errno 48] error while attempting to bind on address ('127.0.0.1', 8088): address already in use
INFO:     Waiting for application shutdown.
INFO:     Application shutdown complete.
INFO:     Started server process [76849]
INFO:     Waiting for application startup.
INFO:     Application startup complete.
ERROR:    [Errno 48] error while attempting to bind on address ('127.0.0.1', 8088): address already in use
INFO:     Waiting for application shutdown.
INFO:     Application shutdown complete.
INFO:     Started server process [76863]
INFO:     Waiting for application startup.
INFO:     Application startup complete.
ERROR:    [Errno 48] error while attempting to bind on address ('127.0.0.1', 8088): address already in use
INFO:     Waiting for application shutdown.
INFO:     Application shutdown complete.
INFO:     Started server process [76872]
INFO:     Waiting for application startup.
INFO:     Application startup complete.
ERROR:    [Errno 48] error while attempting to bind on address ('127.0.0.1', 8088): address already in use
INFO:     Waiting for application shutdown.
INFO:     Application shutdown complete.
INFO:     Started server process [76882]
INFO:     Waiting for application startup.
INFO:     Application startup complete.
ERROR:    [Errno 48] error while attempting to bind on address ('127.0.0.1', 8088): address already in use
INFO:     Waiting for application shutdown.
INFO:     Application shutdown complete.
INFO:     Started server process [76891]
INFO:     Waiting for application startup.
INFO:     Application startup complete.
ERROR:    [Errno 48] error while attempting to bind on address ('127.0.0.1', 8088): address already in use
INFO:     Waiting for application shutdown.
INFO:     Application shutdown complete.
INFO:     Started server process [76898]
INFO:     Waiting for application startup.
INFO:     Application startup complete.
ERROR:    [Errno 48] error while attempting to bind on address ('127.0.0.1', 8088): address already in use
INFO:     Waiting for application shutdown.
INFO:     Application shutdown complete.
INFO:     Started server process [76907]
INFO:     Waiting for application startup.
INFO:     Application startup complete.
ERROR:    [Errno 48] error while attempting to bind on address ('127.0.0.1', 8088): address already in use
INFO:     Waiting for application shutdown.
INFO:     Application shutdown complete.
INFO:     Started server process [76917]
INFO:     Waiting for application startup.
INFO:     Application startup complete.
ERROR:    [Errno 48] error while attempting to bind on address ('127.0.0.1', 8088): address already in use
INFO:     Waiting for application shutdown.
INFO:     Application shutdown complete.
INFO:     Started server process [76924]
INFO:     Waiting for application startup.
INFO:     Application startup complete.
ERROR:    [Errno 48] error while attempting to bind on address ('127.0.0.1', 8088): address already in use
INFO:     Waiting for application shutdown.
INFO:     Application shutdown complete.
INFO:     Started server process [76940]
INFO:     Waiting for application startup.
INFO:     Application startup complete.
ERROR:    [Errno 48] error while attempting to bind on address ('127.0.0.1', 8088): address already in use
INFO:     Waiting for application shutdown.
INFO:     Application shutdown complete.
INFO:     Started server process [76959]
INFO:     Waiting for application startup.
INFO:     Application startup complete.
ERROR:    [Errno 48] error while attempting to bind on address ('127.0.0.1', 8088): address already in use
INFO:     Waiting for application shutdown.
INFO:     Application shutdown complete.
INFO:     Started server process [76969]
INFO:     Waiting for application startup.
INFO:     Application startup complete.
ERROR:    [Errno 48] error while attempting to bind on address ('127.0.0.1', 8088): address already in use
INFO:     Waiting for application shutdown.
INFO:     Application shutdown complete.
INFO:     Started server process [76980]
INFO:     Waiting for application startup.
INFO:     Application startup complete.
ERROR:    [Errno 48] error while attempting to bind on address ('127.0.0.1', 8088): address already in use
INFO:     Waiting for application shutdown.
INFO:     Application shutdown complete.
INFO:     Started server process [76989]
INFO:     Waiting for application startup.
INFO:     Application startup complete.
ERROR:    [Errno 48] error while attempting to bind on address ('127.0.0.1', 8088): address already in use
INFO:     Waiting for application shutdown.
INFO:     Application shutdown complete.
INFO:     Started server process [76996]
INFO:     Waiting for application startup.
INFO:     Application startup complete.
ERROR:    [Errno 48] error while attempting to bind on address ('127.0.0.1', 8088): address already in use
INFO:     Waiting for application shutdown.
INFO:     Application shutdown complete.
INFO:     Started server process [77013]
INFO:     Waiting for application startup.
INFO:     Application startup complete.
ERROR:    [Errno 48] error while attempting to bind on address ('127.0.0.1', 8088): address already in use
INFO:     Waiting for application shutdown.
INFO:     Application shutdown complete.
INFO:     Started server process [77031]
INFO:     Waiting for application startup.
INFO:     Application startup complete.
ERROR:    [Errno 48] error while attempting to bind on address ('127.0.0.1', 8088): address already in use
INFO:     Waiting for application shutdown.
INFO:     Application shutdown complete.
INFO:     Started server process [77038]
INFO:     Waiting for application startup.
INFO:     Application startup complete.
ERROR:    [Errno 48] error while attempting to bind on address ('127.0.0.1', 8088): address already in use
INFO:     Waiting for application shutdown.
INFO:     Application shutdown complete.
INFO:     Started server process [77052]
INFO:     Waiting for application startup.
INFO:     Application startup complete.
ERROR:    [Errno 48] error while attempting to bind on address ('127.0.0.1', 8088): address already in use
INFO:     Waiting for application shutdown.
INFO:     Application shutdown complete.
INFO:     Started server process [77059]
INFO:     Waiting for application startup.
INFO:     Application startup complete.
ERROR:    [Errno 48] error while attempting to bind on address ('127.0.0.1', 8088): address already in use
INFO:     Waiting for application shutdown.
INFO:     Application shutdown complete.
INFO:     Started server process [77068]
INFO:     Waiting for application startup.
INFO:     Application startup complete.
ERROR:    [Errno 48] error while attempting to bind on address ('127.0.0.1', 8088): address already in use
INFO:     Waiting for application shutdown.
INFO:     Application shutdown complete.
INFO:     Started server process [77079]
INFO:     Waiting for application startup.
INFO:     Application startup complete.
ERROR:    [Errno 48] error while attempting to bind on address ('127.0.0.1', 8088): address already in use
INFO:     Waiting for application shutdown.
INFO:     Application shutdown complete.
INFO:     Started server process [77086]
INFO:     Waiting for application startup.
INFO:     Application startup complete.
ERROR:    [Errno 48] error while attempting to bind on address ('127.0.0.1', 8088): address already in use
INFO:     Waiting for application shutdown.
INFO:     Application shutdown complete.
INFO:     Started server process [77094]
INFO:     Waiting for application startup.
INFO:     Application startup complete.
ERROR:    [Errno 48] error while attempting to bind on address ('127.0.0.1', 8088): address already in use
INFO:     Waiting for application shutdown.
INFO:     Application shutdown complete.
INFO:     Started server process [77105]
INFO:     Waiting for application startup.
INFO:     Application startup complete.
ERROR:    [Errno 48] error while attempting to bind on address ('127.0.0.1', 8088): address already in use
INFO:     Waiting for application shutdown.
INFO:     Application shutdown complete.
INFO:     Started server process [77112]
INFO:     Waiting for application startup.
INFO:     Application startup complete.
ERROR:    [Errno 48] error while attempting to bind on address ('127.0.0.1', 8088): address already in use
INFO:     Waiting for application shutdown.
INFO:     Application shutdown complete.
INFO:     Started server process [77119]
INFO:     Waiting for application startup.
INFO:     Application startup complete.
ERROR:    [Errno 48] error while attempting to bind on address ('127.0.0.1', 8088): address already in use
INFO:     Waiting for application shutdown.
INFO:     Application shutdown complete.
INFO:     Started server process [77127]
INFO:     Waiting for application startup.
INFO:     Application startup complete.
ERROR:    [Errno 48] error while attempting to bind on address ('127.0.0.1', 8088): address already in use
INFO:     Waiting for application shutdown.
INFO:     Application shutdown complete.
INFO:     Started server process [77137]
INFO:     Waiting for application startup.
INFO:     Application startup complete.
ERROR:    [Errno 48] error while attempting to bind on address ('127.0.0.1', 8088): address already in use
INFO:     Waiting for application shutdown.
INFO:     Application shutdown complete.
INFO:     Started server process [77148]
INFO:     Waiting for application startup.
INFO:     Application startup complete.
ERROR:    [Errno 48] error while attempting to bind on address ('127.0.0.1', 8088): address already in use
INFO:     Waiting for application shutdown.
INFO:     Application shutdown complete.
INFO:     Started server process [77160]
INFO:     Waiting for application startup.
INFO:     Application startup complete.
ERROR:    [Errno 48] error while attempting to bind on address ('127.0.0.1', 8088): address already in use
INFO:     Waiting for application shutdown.
INFO:     Application shutdown complete.
INFO:     Started server process [77168]
INFO:     Waiting for application startup.
INFO:     Application startup complete.
ERROR:    [Errno 48] error while attempting to bind on address ('127.0.0.1', 8088): address already in use
INFO:     Waiting for application shutdown.
INFO:     Application shutdown complete.
INFO:     Started server process [77179]
INFO:     Waiting for application startup.
INFO:     Application startup complete.
ERROR:    [Errno 48] error while attempting to bind on address ('127.0.0.1', 8088): address already in use
INFO:     Waiting for application shutdown.
INFO:     Application shutdown complete.
INFO:     Started server process [77189]
INFO:     Waiting for application startup.
INFO:     Application startup complete.
ERROR:    [Errno 48] error while attempting to bind on address ('127.0.0.1', 8088): address already in use
INFO:     Waiting for application shutdown.
INFO:     Application shutdown complete.
INFO:     Started server process [77196]
INFO:     Waiting for application startup.
INFO:     Application startup complete.
ERROR:    [Errno 48] error while attempting to bind on address ('127.0.0.1', 8088): address already in use
INFO:     Waiting for application shutdown.
INFO:     Application shutdown complete.
INFO:     Started server process [77207]
INFO:     Waiting for application startup.
INFO:     Application startup complete.
ERROR:    [Errno 48] error while attempting to bind on address ('127.0.0.1', 8088): address already in use
INFO:     Waiting for application shutdown.
INFO:     Application shutdown complete.
INFO:     Started server process [77215]
INFO:     Waiting for application startup.
INFO:     Application startup complete.
ERROR:    [Errno 48] error while attempting to bind on address ('127.0.0.1', 8088): address already in use
INFO:     Waiting for application shutdown.
INFO:     Application shutdown complete.
INFO:     Started server process [77223]
INFO:     Waiting for application startup.
INFO:     Application startup complete.
ERROR:    [Errno 48] error while attempting to bind on address ('127.0.0.1', 8088): address already in use
INFO:     Waiting for application shutdown.
INFO:     Application shutdown complete.
INFO:     Started server process [77234]
INFO:     Waiting for application startup.
INFO:     Application startup complete.
ERROR:    [Errno 48] error while attempting to bind on address ('127.0.0.1', 8088): address already in use
INFO:     Waiting for application shutdown.
INFO:     Application shutdown complete.
INFO:     Started server process [77245]
INFO:     Waiting for application startup.
INFO:     Application startup complete.
ERROR:    [Errno 48] error while attempting to bind on address ('127.0.0.1', 8088): address already in use
INFO:     Waiting for application shutdown.
INFO:     Application shutdown complete.
INFO:     Started server process [77255]
INFO:     Waiting for application startup.
INFO:     Application startup complete.
ERROR:    [Errno 48] error while attempting to bind on address ('127.0.0.1', 8088): address already in use
INFO:     Waiting for application shutdown.
INFO:     Application shutdown complete.
INFO:     Started server process [77266]
INFO:     Waiting for application startup.
INFO:     Application startup complete.
ERROR:    [Errno 48] error while attempting to bind on address ('127.0.0.1', 8088): address already in use
INFO:     Waiting for application shutdown.
INFO:     Application shutdown complete.
INFO:     Started server process [77274]
INFO:     Waiting for application startup.
INFO:     Application startup complete.
ERROR:    [Errno 48] error while attempting to bind on address ('127.0.0.1', 8088): address already in use
INFO:     Waiting for application shutdown.
INFO:     Application shutdown complete.
INFO:     Started server process [77282]
INFO:     Waiting for application startup.
INFO:     Application startup complete.
ERROR:    [Errno 48] error while attempting to bind on address ('127.0.0.1', 8088): address already in use
INFO:     Waiting for application shutdown.
INFO:     Application shutdown complete.
INFO:     Started server process [77297]
INFO:     Waiting for application startup.
INFO:     Application startup complete.
ERROR:    [Errno 48] error while attempting to bind on address ('127.0.0.1', 8088): address already in use
INFO:     Waiting for application shutdown.
INFO:     Application shutdown complete.
INFO:     Started server process [77318]
INFO:     Waiting for application startup.
INFO:     Application startup complete.
ERROR:    [Errno 48] error while attempting to bind on address ('127.0.0.1', 8088): address already in use
INFO:     Waiting for application shutdown.
INFO:     Application shutdown complete.
INFO:     Started server process [77328]
INFO:     Waiting for application startup.
INFO:     Application startup complete.
ERROR:    [Errno 48] error while attempting to bind on address ('127.0.0.1', 8088): address already in use
INFO:     Waiting for application shutdown.
INFO:     Application shutdown complete.
INFO:     Started server process [77340]
INFO:     Waiting for application startup.
INFO:     Application startup complete.
ERROR:    [Errno 48] error while attempting to bind on address ('127.0.0.1', 8088): address already in use
INFO:     Waiting for application shutdown.
INFO:     Application shutdown complete.
INFO:     Started server process [77348]
INFO:     Waiting for application startup.
INFO:     Application startup complete.
ERROR:    [Errno 48] error while attempting to bind on address ('127.0.0.1', 8088): address already in use
INFO:     Waiting for application shutdown.
INFO:     Application shutdown complete.
INFO:     Started server process [77363]
INFO:     Waiting for application startup.
INFO:     Application startup complete.
ERROR:    [Errno 48] error while attempting to bind on address ('127.0.0.1', 8088): address already in use
INFO:     Waiting for application shutdown.
INFO:     Application shutdown complete.
INFO:     Started server process [77370]
INFO:     Waiting for application startup.
INFO:     Application startup complete.
ERROR:    [Errno 48] error while attempting to bind on address ('127.0.0.1', 8088): address already in use
INFO:     Waiting for application shutdown.
INFO:     Application shutdown complete.
INFO:     Started server process [77378]
INFO:     Waiting for application startup.
INFO:     Application startup complete.
ERROR:    [Errno 48] error while attempting to bind on address ('127.0.0.1', 8088): address already in use
INFO:     Waiting for application shutdown.
INFO:     Application shutdown complete.
INFO:     Started server process [77390]
INFO:     Waiting for application startup.
INFO:     Application startup complete.
ERROR:    [Errno 48] error while attempting to bind on address ('127.0.0.1', 8088): address already in use
INFO:     Waiting for application shutdown.
INFO:     Application shutdown complete.
INFO:     Started server process [77398]
INFO:     Waiting for application startup.
INFO:     Application startup complete.
ERROR:    [Errno 48] error while attempting to bind on address ('127.0.0.1', 8088): address already in use
INFO:     Waiting for application shutdown.
INFO:     Application shutdown complete.
INFO:     Started server process [77408]
INFO:     Waiting for application startup.
INFO:     Application startup complete.
ERROR:    [Errno 48] error while attempting to bind on address ('127.0.0.1', 8088): address already in use
INFO:     Waiting for application shutdown.
INFO:     Application shutdown complete.
INFO:     Started server process [77415]
INFO:     Waiting for application startup.
INFO:     Application startup complete.
ERROR:    [Errno 48] error while attempting to bind on address ('127.0.0.1', 8088): address already in use
INFO:     Waiting for application shutdown.
INFO:     Application shutdown complete.
INFO:     Started server process [77422]
INFO:     Waiting for application startup.
INFO:     Application startup complete.
ERROR:    [Errno 48] error while attempting to bind on address ('127.0.0.1', 8088): address already in use
INFO:     Waiting for application shutdown.
INFO:     Application shutdown complete.
INFO:     Started server process [77430]
INFO:     Waiting for application startup.
INFO:     Application startup complete.
ERROR:    [Errno 48] error while attempting to bind on address ('127.0.0.1', 8088): address already in use
INFO:     Waiting for application shutdown.
INFO:     Application shutdown complete.
INFO:     Started server process [77445]
INFO:     Waiting for application startup.
INFO:     Application startup complete.
ERROR:    [Errno 48] error while attempting to bind on address ('127.0.0.1', 8088): address already in use
INFO:     Waiting for application shutdown.
INFO:     Application shutdown complete.
INFO:     Started server process [77465]
INFO:     Waiting for application startup.
INFO:     Application startup complete.
ERROR:    [Errno 48] error while attempting to bind on address ('127.0.0.1', 8088): address already in use
INFO:     Waiting for application shutdown.
INFO:     Application shutdown complete.
INFO:     Started server process [77476]
INFO:     Waiting for application startup.
INFO:     Application startup complete.
ERROR:    [Errno 48] error while attempting to bind on address ('127.0.0.1', 8088): address already in use
INFO:     Waiting for application shutdown.
INFO:     Application shutdown complete.
INFO:     Started server process [77485]
INFO:     Waiting for application startup.
INFO:     Application startup complete.
ERROR:    [Errno 48] error while attempting to bind on address ('127.0.0.1', 8088): address already in use
INFO:     Waiting for application shutdown.
INFO:     Application shutdown complete.
INFO:     Started server process [77492]
INFO:     Waiting for application startup.
INFO:     Application startup complete.
ERROR:    [Errno 48] error while attempting to bind on address ('127.0.0.1', 8088): address already in use
INFO:     Waiting for application shutdown.
INFO:     Application shutdown complete.
INFO:     Started server process [77502]
INFO:     Waiting for application startup.
INFO:     Application startup complete.
ERROR:    [Errno 48] error while attempting to bind on address ('127.0.0.1', 8088): address already in use
INFO:     Waiting for application shutdown.
INFO:     Application shutdown complete.
INFO:     Started server process [77512]
INFO:     Waiting for application startup.
INFO:     Application startup complete.
ERROR:    [Errno 48] error while attempting to bind on address ('127.0.0.1', 8088): address already in use
INFO:     Waiting for application shutdown.
INFO:     Application shutdown complete.
INFO:     Started server process [77519]
INFO:     Waiting for application startup.
INFO:     Application startup complete.
ERROR:    [Errno 48] error while attempting to bind on address ('127.0.0.1', 8088): address already in use
INFO:     Waiting for application shutdown.
INFO:     Application shutdown complete.
INFO:     Started server process [77528]
INFO:     Waiting for application startup.
INFO:     Application startup complete.
ERROR:    [Errno 48] error while attempting to bind on address ('127.0.0.1', 8088): address already in use
INFO:     Waiting for application shutdown.
INFO:     Application shutdown complete.
INFO:     Started server process [77550]
INFO:     Waiting for application startup.
INFO:     Application startup complete.
ERROR:    [Errno 48] error while attempting to bind on address ('127.0.0.1', 8088): address already in use
INFO:     Waiting for application shutdown.
INFO:     Application shutdown complete.
INFO:     Started server process [77578]
INFO:     Waiting for application startup.
INFO:     Application startup complete.
ERROR:    [Errno 48] error while attempting to bind on address ('127.0.0.1', 8088): address already in use
INFO:     Waiting for application shutdown.
INFO:     Application shutdown complete.
INFO:     Started server process [77606]
INFO:     Waiting for application startup.
INFO:     Application startup complete.
ERROR:    [Errno 48] error while attempting to bind on address ('127.0.0.1', 8088): address already in use
INFO:     Waiting for application shutdown.
INFO:     Application shutdown complete.
INFO:     Started server process [77621]
INFO:     Waiting for application startup.
INFO:     Application startup complete.
ERROR:    [Errno 48] error while attempting to bind on address ('127.0.0.1', 8088): address already in use
INFO:     Waiting for application shutdown.
INFO:     Application shutdown complete.
INFO:     Started server process [77628]
INFO:     Waiting for application startup.
INFO:     Application startup complete.
ERROR:    [Errno 48] error while attempting to bind on address ('127.0.0.1', 8088): address already in use
INFO:     Waiting for application shutdown.
INFO:     Application shutdown complete.
INFO:     Started server process [77636]
INFO:     Waiting for application startup.
INFO:     Application startup complete.
ERROR:    [Errno 48] error while attempting to bind on address ('127.0.0.1', 8088): address already in use
INFO:     Waiting for application shutdown.
INFO:     Application shutdown complete.
INFO:     Started server process [77646]
INFO:     Waiting for application startup.
INFO:     Application startup complete.
ERROR:    [Errno 48] error while attempting to bind on address ('127.0.0.1', 8088): address already in use
INFO:     Waiting for application shutdown.
INFO:     Application shutdown complete.
INFO:     Started server process [77671]
INFO:     Waiting for application startup.
INFO:     Application startup complete.
ERROR:    [Errno 48] error while attempting to bind on address ('127.0.0.1', 8088): address already in use
INFO:     Waiting for application shutdown.
INFO:     Application shutdown complete.
INFO:     Started server process [77682]
INFO:     Waiting for application startup.
INFO:     Application startup complete.
ERROR:    [Errno 48] error while attempting to bind on address ('127.0.0.1', 8088): address already in use
INFO:     Waiting for application shutdown.
INFO:     Application shutdown complete.
INFO:     Started server process [77701]
INFO:     Waiting for application startup.
INFO:     Application startup complete.
ERROR:    [Errno 48] error while attempting to bind on address ('127.0.0.1', 8088): address already in use
INFO:     Waiting for application shutdown.
INFO:     Application shutdown complete.
INFO:     Started server process [77710]
INFO:     Waiting for application startup.
INFO:     Application startup complete.
ERROR:    [Errno 48] error while attempting to bind on address ('127.0.0.1', 8088): address already in use
INFO:     Waiting for application shutdown.
INFO:     Application shutdown complete.
INFO:     Started server process [77725]
INFO:     Waiting for application startup.
INFO:     Application startup complete.
ERROR:    [Errno 48] error while attempting to bind on address ('127.0.0.1', 8088): address already in use
INFO:     Waiting for application shutdown.
INFO:     Application shutdown complete.
INFO:     Started server process [77740]
INFO:     Waiting for application startup.
INFO:     Application startup complete.
ERROR:    [Errno 48] error while attempting to bind on address ('127.0.0.1', 8088): address already in use
INFO:     Waiting for application shutdown.
INFO:     Application shutdown complete.
INFO:     Started server process [77754]
INFO:     Waiting for application startup.
INFO:     Application startup complete.
ERROR:    [Errno 48] error while attempting to bind on address ('127.0.0.1', 8088): address already in use
INFO:     Waiting for application shutdown.
INFO:     Application shutdown complete.
INFO:     Started server process [77766]
INFO:     Waiting for application startup.
INFO:     Application startup complete.
ERROR:    [Errno 48] error while attempting to bind on address ('127.0.0.1', 8088): address already in use
INFO:     Waiting for application shutdown.
INFO:     Application shutdown complete.
INFO:     Started server process [77775]
INFO:     Waiting for application startup.
INFO:     Application startup complete.
ERROR:    [Errno 48] error while attempting to bind on address ('127.0.0.1', 8088): address already in use
INFO:     Waiting for application shutdown.
INFO:     Application shutdown complete.
INFO:     Started server process [77782]
INFO:     Waiting for application startup.
INFO:     Application startup complete.
ERROR:    [Errno 48] error while attempting to bind on address ('127.0.0.1', 8088): address already in use
INFO:     Waiting for application shutdown.
INFO:     Application shutdown complete.
INFO:     Started server process [77790]
INFO:     Waiting for application startup.
INFO:     Application startup complete.
ERROR:    [Errno 48] error while attempting to bind on address ('127.0.0.1', 8088): address already in use
INFO:     Waiting for application shutdown.
INFO:     Application shutdown complete.
INFO:     Started server process [77797]
INFO:     Waiting for application startup.
INFO:     Application startup complete.
ERROR:    [Errno 48] error while attempting to bind on address ('127.0.0.1', 8088): address already in use
INFO:     Waiting for application shutdown.
INFO:     Application shutdown complete.
INFO:     Started server process [77805]
INFO:     Waiting for application startup.
INFO:     Application startup complete.
ERROR:    [Errno 48] error while attempting to bind on address ('127.0.0.1', 8088): address already in use
INFO:     Waiting for application shutdown.
INFO:     Application shutdown complete.
INFO:     Started server process [77819]
INFO:     Waiting for application startup.
INFO:     Application startup complete.
ERROR:    [Errno 48] error while attempting to bind on address ('127.0.0.1', 8088): address already in use
INFO:     Waiting for application shutdown.
INFO:     Application shutdown complete.
INFO:     Started server process [77827]
INFO:     Waiting for application startup.
INFO:     Application startup complete.
ERROR:    [Errno 48] error while attempting to bind on address ('127.0.0.1', 8088): address already in use
INFO:     Waiting for application shutdown.
INFO:     Application shutdown complete.
INFO:     Started server process [77835]
INFO:     Waiting for application startup.
INFO:     Application startup complete.
ERROR:    [Errno 48] error while attempting to bind on address ('127.0.0.1', 8088): address already in use
INFO:     Waiting for application shutdown.
INFO:     Application shutdown complete.
INFO:     Started server process [77850]
INFO:     Waiting for application startup.
INFO:     Application startup complete.
ERROR:    [Errno 48] error while attempting to bind on address ('127.0.0.1', 8088): address already in use
INFO:     Waiting for application shutdown.
INFO:     Application shutdown complete.
INFO:     Started server process [77858]
INFO:     Waiting for application startup.
INFO:     Application startup complete.
ERROR:    [Errno 48] error while attempting to bind on address ('127.0.0.1', 8088): address already in use
INFO:     Waiting for application shutdown.
INFO:     Application shutdown complete.
INFO:     Started server process [77869]
INFO:     Waiting for application startup.
INFO:     Application startup complete.
ERROR:    [Errno 48] error while attempting to bind on address ('127.0.0.1', 8088): address already in use
INFO:     Waiting for application shutdown.
INFO:     Application shutdown complete.
INFO:     Started server process [77880]
INFO:     Waiting for application startup.
INFO:     Application startup complete.
ERROR:    [Errno 48] error while attempting to bind on address ('127.0.0.1', 8088): address already in use
INFO:     Waiting for application shutdown.
INFO:     Application shutdown complete.
INFO:     Started server process [77888]
INFO:     Waiting for application startup.
INFO:     Application startup complete.
ERROR:    [Errno 48] error while attempting to bind on address ('127.0.0.1', 8088): address already in use
INFO:     Waiting for application shutdown.
INFO:     Application shutdown complete.
INFO:     Started server process [77898]
INFO:     Waiting for application startup.
INFO:     Application startup complete.
ERROR:    [Errno 48] error while attempting to bind on address ('127.0.0.1', 8088): address already in use
INFO:     Waiting for application shutdown.
INFO:     Application shutdown complete.
INFO:     Started server process [77906]
INFO:     Waiting for application startup.
INFO:     Application startup complete.
ERROR:    [Errno 48] error while attempting to bind on address ('127.0.0.1', 8088): address already in use
INFO:     Waiting for application shutdown.
INFO:     Application shutdown complete.
INFO:     Started server process [77915]
INFO:     Waiting for application startup.
INFO:     Application startup complete.
ERROR:    [Errno 48] error while attempting to bind on address ('127.0.0.1', 8088): address already in use
INFO:     Waiting for application shutdown.
INFO:     Application shutdown complete.
INFO:     Started server process [77930]
INFO:     Waiting for application startup.
INFO:     Application startup complete.
ERROR:    [Errno 48] error while attempting to bind on address ('127.0.0.1', 8088): address already in use
INFO:     Waiting for application shutdown.
INFO:     Application shutdown complete.
INFO:     Started server process [77966]
INFO:     Waiting for application startup.
INFO:     Application startup complete.
ERROR:    [Errno 48] error while attempting to bind on address ('127.0.0.1', 8088): address already in use
INFO:     Waiting for application shutdown.
INFO:     Application shutdown complete.
INFO:     Started server process [77977]
INFO:     Waiting for application startup.
INFO:     Application startup complete.
ERROR:    [Errno 48] error while attempting to bind on address ('127.0.0.1', 8088): address already in use
INFO:     Waiting for application shutdown.
INFO:     Application shutdown complete.
INFO:     Started server process [78002]
INFO:     Waiting for application startup.
INFO:     Application startup complete.
ERROR:    [Errno 48] error while attempting to bind on address ('127.0.0.1', 8088): address already in use
INFO:     Waiting for application shutdown.
INFO:     Application shutdown complete.
INFO:     Started server process [78014]
INFO:     Waiting for application startup.
INFO:     Application startup complete.
ERROR:    [Errno 48] error while attempting to bind on address ('127.0.0.1', 8088): address already in use
INFO:     Waiting for application shutdown.
INFO:     Application shutdown complete.
INFO:     Started server process [78021]
INFO:     Waiting for application startup.
INFO:     Application startup complete.
ERROR:    [Errno 48] error while attempting to bind on address ('127.0.0.1', 8088): address already in use
INFO:     Waiting for application shutdown.
INFO:     Application shutdown complete.
INFO:     Started server process [78033]
INFO:     Waiting for application startup.
INFO:     Application startup complete.
ERROR:    [Errno 48] error while attempting to bind on address ('127.0.0.1', 8088): address already in use
INFO:     Waiting for application shutdown.
INFO:     Application shutdown complete.
INFO:     Started server process [78048]
INFO:     Waiting for application startup.
INFO:     Application startup complete.
ERROR:    [Errno 48] error while attempting to bind on address ('127.0.0.1', 8088): address already in use
INFO:     Waiting for application shutdown.
INFO:     Application shutdown complete.
INFO:     Started server process [78057]
INFO:     Waiting for application startup.
INFO:     Application startup complete.
ERROR:    [Errno 48] error while attempting to bind on address ('127.0.0.1', 8088): address already in use
INFO:     Waiting for application shutdown.
INFO:     Application shutdown complete.
INFO:     Started server process [78081]
INFO:     Waiting for application startup.
INFO:     Application startup complete.
ERROR:    [Errno 48] error while attempting to bind on address ('127.0.0.1', 8088): address already in use
INFO:     Waiting for application shutdown.
INFO:     Application shutdown complete.
INFO:     Started server process [78091]
INFO:     Waiting for application startup.
INFO:     Application startup complete.
ERROR:    [Errno 48] error while attempting to bind on address ('127.0.0.1', 8088): address already in use
INFO:     Waiting for application shutdown.
INFO:     Application shutdown complete.
INFO:     Started server process [78120]
INFO:     Waiting for application startup.
INFO:     Application startup complete.
ERROR:    [Errno 48] error while attempting to bind on address ('127.0.0.1', 8088): address already in use
INFO:     Waiting for application shutdown.
INFO:     Application shutdown complete.
INFO:     Started server process [78131]
INFO:     Waiting for application startup.
INFO:     Application startup complete.
ERROR:    [Errno 48] error while attempting to bind on address ('127.0.0.1', 8088): address already in use
INFO:     Waiting for application shutdown.
INFO:     Application shutdown complete.
INFO:     Started server process [78139]
INFO:     Waiting for application startup.
INFO:     Application startup complete.
ERROR:    [Errno 48] error while attempting to bind on address ('127.0.0.1', 8088): address already in use
INFO:     Waiting for application shutdown.
INFO:     Application shutdown complete.
INFO:     Started server process [78146]
INFO:     Waiting for application startup.
INFO:     Application startup complete.
ERROR:    [Errno 48] error while attempting to bind on address ('127.0.0.1', 8088): address already in use
INFO:     Waiting for application shutdown.
INFO:     Application shutdown complete.
INFO:     Started server process [78153]
INFO:     Waiting for application startup.
INFO:     Application startup complete.
ERROR:    [Errno 48] error while attempting to bind on address ('127.0.0.1', 8088): address already in use
INFO:     Waiting for application shutdown.
INFO:     Application shutdown complete.
INFO:     Started server process [78161]
INFO:     Waiting for application startup.
INFO:     Application startup complete.
ERROR:    [Errno 48] error while attempting to bind on address ('127.0.0.1', 8088): address already in use
INFO:     Waiting for application shutdown.
INFO:     Application shutdown complete.
INFO:     Started server process [78170]
INFO:     Waiting for application startup.
INFO:     Application startup complete.
ERROR:    [Errno 48] error while attempting to bind on address ('127.0.0.1', 8088): address already in use
INFO:     Waiting for application shutdown.
INFO:     Application shutdown complete.
INFO:     Started server process [78185]
INFO:     Waiting for application startup.
INFO:     Application startup complete.
ERROR:    [Errno 48] error while attempting to bind on address ('127.0.0.1', 8088): address already in use
INFO:     Waiting for application shutdown.
INFO:     Application shutdown complete.
INFO:     Started server process [78194]
INFO:     Waiting for application startup.
INFO:     Application startup complete.
ERROR:    [Errno 48] error while attempting to bind on address ('127.0.0.1', 8088): address already in use
INFO:     Waiting for application shutdown.
INFO:     Application shutdown complete.
INFO:     Started server process [78208]
INFO:     Waiting for application startup.
INFO:     Application startup complete.
ERROR:    [Errno 48] error while attempting to bind on address ('127.0.0.1', 8088): address already in use
INFO:     Waiting for application shutdown.
INFO:     Application shutdown complete.
INFO:     Started server process [78215]
INFO:     Waiting for application startup.
INFO:     Application startup complete.
ERROR:    [Errno 48] error while attempting to bind on address ('127.0.0.1', 8088): address already in use
INFO:     Waiting for application shutdown.
INFO:     Application shutdown complete.
INFO:     Started server process [78223]
INFO:     Waiting for application startup.
INFO:     Application startup complete.
ERROR:    [Errno 48] error while attempting to bind on address ('127.0.0.1', 8088): address already in use
INFO:     Waiting for application shutdown.
INFO:     Application shutdown complete.
INFO:     Started server process [78234]
INFO:     Waiting for application startup.
INFO:     Application startup complete.
ERROR:    [Errno 48] error while attempting to bind on address ('127.0.0.1', 8088): address already in use
INFO:     Waiting for application shutdown.
INFO:     Application shutdown complete.
INFO:     Started server process [78243]
INFO:     Waiting for application startup.
INFO:     Application startup complete.
ERROR:    [Errno 48] error while attempting to bind on address ('127.0.0.1', 8088): address already in use
INFO:     Waiting for application shutdown.
INFO:     Application shutdown complete.
INFO:     Started server process [78266]
INFO:     Waiting for application startup.
INFO:     Application startup complete.
ERROR:    [Errno 48] error while attempting to bind on address ('127.0.0.1', 8088): address already in use
INFO:     Waiting for application shutdown.
INFO:     Application shutdown complete.
INFO:     Started server process [78290]
INFO:     Waiting for application startup.
INFO:     Application startup complete.
ERROR:    [Errno 48] error while attempting to bind on address ('127.0.0.1', 8088): address already in use
INFO:     Waiting for application shutdown.
INFO:     Application shutdown complete.
INFO:     Started server process [78329]
INFO:     Waiting for application startup.
INFO:     Application startup complete.
ERROR:    [Errno 48] error while attempting to bind on address ('127.0.0.1', 8088): address already in use
INFO:     Waiting for application shutdown.
INFO:     Application shutdown complete.
INFO:     Started server process [78343]
INFO:     Waiting for application startup.
INFO:     Application startup complete.
ERROR:    [Errno 48] error while attempting to bind on address ('127.0.0.1', 8088): address already in use
INFO:     Waiting for application shutdown.
INFO:     Application shutdown complete.
INFO:     Started server process [78357]
INFO:     Waiting for application startup.
INFO:     Application startup complete.
ERROR:    [Errno 48] error while attempting to bind on address ('127.0.0.1', 8088): address already in use
INFO:     Waiting for application shutdown.
INFO:     Application shutdown complete.
INFO:     Started server process [78369]
INFO:     Waiting for application startup.
INFO:     Application startup complete.
ERROR:    [Errno 48] error while attempting to bind on address ('127.0.0.1', 8088): address already in use
INFO:     Waiting for application shutdown.
INFO:     Application shutdown complete.
INFO:     Started server process [78377]
INFO:     Waiting for application startup.
INFO:     Application startup complete.
ERROR:    [Errno 48] error while attempting to bind on address ('127.0.0.1', 8088): address already in use
INFO:     Waiting for application shutdown.
INFO:     Application shutdown complete.
INFO:     Started server process [78384]
INFO:     Waiting for application startup.
INFO:     Application startup complete.
ERROR:    [Errno 48] error while attempting to bind on address ('127.0.0.1', 8088): address already in use
INFO:     Waiting for application shutdown.
INFO:     Application shutdown complete.
INFO:     Started server process [78392]
INFO:     Waiting for application startup.
INFO:     Application startup complete.
ERROR:    [Errno 48] error while attempting to bind on address ('127.0.0.1', 8088): address already in use
INFO:     Waiting for application shutdown.
INFO:     Application shutdown complete.
INFO:     Started server process [78405]
INFO:     Waiting for application startup.
INFO:     Application startup complete.
ERROR:    [Errno 48] error while attempting to bind on address ('127.0.0.1', 8088): address already in use
INFO:     Waiting for application shutdown.
INFO:     Application shutdown complete.
INFO:     Started server process [78413]
INFO:     Waiting for application startup.
INFO:     Application startup complete.
ERROR:    [Errno 48] error while attempting to bind on address ('127.0.0.1', 8088): address already in use
INFO:     Waiting for application shutdown.
INFO:     Application shutdown complete.
INFO:     Started server process [78420]
INFO:     Waiting for application startup.
INFO:     Application startup complete.
ERROR:    [Errno 48] error while attempting to bind on address ('127.0.0.1', 8088): address already in use
INFO:     Waiting for application shutdown.
INFO:     Application shutdown complete.
INFO:     Started server process [78429]
INFO:     Waiting for application startup.
INFO:     Application startup complete.
ERROR:    [Errno 48] error while attempting to bind on address ('127.0.0.1', 8088): address already in use
INFO:     Waiting for application shutdown.
INFO:     Application shutdown complete.
INFO:     Started server process [78436]
INFO:     Waiting for application startup.
INFO:     Application startup complete.
ERROR:    [Errno 48] error while attempting to bind on address ('127.0.0.1', 8088): address already in use
INFO:     Waiting for application shutdown.
INFO:     Application shutdown complete.
INFO:     Started server process [78443]
INFO:     Waiting for application startup.
INFO:     Application startup complete.
ERROR:    [Errno 48] error while attempting to bind on address ('127.0.0.1', 8088): address already in use
INFO:     Waiting for application shutdown.
INFO:     Application shutdown complete.
INFO:     Started server process [78454]
INFO:     Waiting for application startup.
INFO:     Application startup complete.
ERROR:    [Errno 48] error while attempting to bind on address ('127.0.0.1', 8088): address already in use
INFO:     Waiting for application shutdown.
INFO:     Application shutdown complete.
INFO:     Started server process [78462]
INFO:     Waiting for application startup.
INFO:     Application startup complete.
ERROR:    [Errno 48] error while attempting to bind on address ('127.0.0.1', 8088): address already in use
INFO:     Waiting for application shutdown.
INFO:     Application shutdown complete.
INFO:     Started server process [78469]
INFO:     Waiting for application startup.
INFO:     Application startup complete.
ERROR:    [Errno 48] error while attempting to bind on address ('127.0.0.1', 8088): address already in use
INFO:     Waiting for application shutdown.
INFO:     Application shutdown complete.
INFO:     Started server process [78478]
INFO:     Waiting for application startup.
INFO:     Application startup complete.
ERROR:    [Errno 48] error while attempting to bind on address ('127.0.0.1', 8088): address already in use
INFO:     Waiting for application shutdown.
INFO:     Application shutdown complete.
INFO:     Started server process [78485]
INFO:     Waiting for application startup.
INFO:     Application startup complete.
ERROR:    [Errno 48] error while attempting to bind on address ('127.0.0.1', 8088): address already in use
INFO:     Waiting for application shutdown.
INFO:     Application shutdown complete.
INFO:     Started server process [78493]
INFO:     Waiting for application startup.
INFO:     Application startup complete.
ERROR:    [Errno 48] error while attempting to bind on address ('127.0.0.1', 8088): address already in use
INFO:     Waiting for application shutdown.
INFO:     Application shutdown complete.
INFO:     Started server process [78506]
INFO:     Waiting for application startup.
INFO:     Application startup complete.
ERROR:    [Errno 48] error while attempting to bind on address ('127.0.0.1', 8088): address already in use
INFO:     Waiting for application shutdown.
INFO:     Application shutdown complete.
INFO:     Started server process [78517]
INFO:     Waiting for application startup.
INFO:     Application startup complete.
ERROR:    [Errno 48] error while attempting to bind on address ('127.0.0.1', 8088): address already in use
INFO:     Waiting for application shutdown.
INFO:     Application shutdown complete.
INFO:     Started server process [78524]
INFO:     Waiting for application startup.
INFO:     Application startup complete.
ERROR:    [Errno 48] error while attempting to bind on address ('127.0.0.1', 8088): address already in use
INFO:     Waiting for application shutdown.
INFO:     Application shutdown complete.
INFO:     Started server process [78532]
INFO:     Waiting for application startup.
INFO:     Application startup complete.
ERROR:    [Errno 48] error while attempting to bind on address ('127.0.0.1', 8088): address already in use
INFO:     Waiting for application shutdown.
INFO:     Application shutdown complete.
INFO:     Started server process [78539]
INFO:     Waiting for application startup.
INFO:     Application startup complete.
ERROR:    [Errno 48] error while attempting to bind on address ('127.0.0.1', 8088): address already in use
INFO:     Waiting for application shutdown.
INFO:     Application shutdown complete.
INFO:     Started server process [78547]
INFO:     Waiting for application startup.
INFO:     Application startup complete.
ERROR:    [Errno 48] error while attempting to bind on address ('127.0.0.1', 8088): address already in use
INFO:     Waiting for application shutdown.
INFO:     Application shutdown complete.
INFO:     Started server process [78558]
INFO:     Waiting for application startup.
INFO:     Application startup complete.
ERROR:    [Errno 48] error while attempting to bind on address ('127.0.0.1', 8088): address already in use
INFO:     Waiting for application shutdown.
INFO:     Application shutdown complete.
INFO:     Started server process [78566]
INFO:     Waiting for application startup.
INFO:     Application startup complete.
ERROR:    [Errno 48] error while attempting to bind on address ('127.0.0.1', 8088): address already in use
INFO:     Waiting for application shutdown.
INFO:     Application shutdown complete.
INFO:     Started server process [78573]
INFO:     Waiting for application startup.
INFO:     Application startup complete.
ERROR:    [Errno 48] error while attempting to bind on address ('127.0.0.1', 8088): address already in use
INFO:     Waiting for application shutdown.
INFO:     Application shutdown complete.
INFO:     Started server process [78581]
INFO:     Waiting for application startup.
INFO:     Application startup complete.
ERROR:    [Errno 48] error while attempting to bind on address ('127.0.0.1', 8088): address already in use
INFO:     Waiting for application shutdown.
INFO:     Application shutdown complete.
INFO:     Started server process [78589]
INFO:     Waiting for application startup.
INFO:     Application startup complete.
ERROR:    [Errno 48] error while attempting to bind on address ('127.0.0.1', 8088): address already in use
INFO:     Waiting for application shutdown.
INFO:     Application shutdown complete.
INFO:     Started server process [78597]
INFO:     Waiting for application startup.
INFO:     Application startup complete.
ERROR:    [Errno 48] error while attempting to bind on address ('127.0.0.1', 8088): address already in use
INFO:     Waiting for application shutdown.
INFO:     Application shutdown complete.
INFO:     Started server process [78608]
INFO:     Waiting for application startup.
INFO:     Application startup complete.
ERROR:    [Errno 48] error while attempting to bind on address ('127.0.0.1', 8088): address already in use
INFO:     Waiting for application shutdown.
INFO:     Application shutdown complete.
INFO:     Started server process [78615]
INFO:     Waiting for application startup.
INFO:     Application startup complete.
ERROR:    [Errno 48] error while attempting to bind on address ('127.0.0.1', 8088): address already in use
INFO:     Waiting for application shutdown.
INFO:     Application shutdown complete.
INFO:     Started server process [78622]
INFO:     Waiting for application startup.
INFO:     Application startup complete.
ERROR:    [Errno 48] error while attempting to bind on address ('127.0.0.1', 8088): address already in use
INFO:     Waiting for application shutdown.
INFO:     Application shutdown complete.
INFO:     Started server process [78630]
INFO:     Waiting for application startup.
INFO:     Application startup complete.
ERROR:    [Errno 48] error while attempting to bind on address ('127.0.0.1', 8088): address already in use
INFO:     Waiting for application shutdown.
INFO:     Application shutdown complete.
INFO:     Started server process [78637]
INFO:     Waiting for application startup.
INFO:     Application startup complete.
ERROR:    [Errno 48] error while attempting to bind on address ('127.0.0.1', 8088): address already in use
INFO:     Waiting for application shutdown.
INFO:     Application shutdown complete.
INFO:     Started server process [78649]
INFO:     Waiting for application startup.
INFO:     Application startup complete.
ERROR:    [Errno 48] error while attempting to bind on address ('127.0.0.1', 8088): address already in use
INFO:     Waiting for application shutdown.
INFO:     Application shutdown complete.
INFO:     Started server process [78657]
INFO:     Waiting for application startup.
INFO:     Application startup complete.
ERROR:    [Errno 48] error while attempting to bind on address ('127.0.0.1', 8088): address already in use
INFO:     Waiting for application shutdown.
INFO:     Application shutdown complete.
INFO:     Started server process [78664]
INFO:     Waiting for application startup.
INFO:     Application startup complete.
ERROR:    [Errno 48] error while attempting to bind on address ('127.0.0.1', 8088): address already in use
INFO:     Waiting for application shutdown.
INFO:     Application shutdown complete.
INFO:     Started server process [78672]
INFO:     Waiting for application startup.
INFO:     Application startup complete.
ERROR:    [Errno 48] error while attempting to bind on address ('127.0.0.1', 8088): address already in use
INFO:     Waiting for application shutdown.
INFO:     Application shutdown complete.
INFO:     Started server process [78680]
INFO:     Waiting for application startup.
INFO:     Application startup complete.
ERROR:    [Errno 48] error while attempting to bind on address ('127.0.0.1', 8088): address already in use
INFO:     Waiting for application shutdown.
INFO:     Application shutdown complete.
INFO:     Started server process [78688]
INFO:     Waiting for application startup.
INFO:     Application startup complete.
ERROR:    [Errno 48] error while attempting to bind on address ('127.0.0.1', 8088): address already in use
INFO:     Waiting for application shutdown.
INFO:     Application shutdown complete.
INFO:     Started server process [78699]
INFO:     Waiting for application startup.
INFO:     Application startup complete.
ERROR:    [Errno 48] error while attempting to bind on address ('127.0.0.1', 8088): address already in use
INFO:     Waiting for application shutdown.
INFO:     Application shutdown complete.
INFO:     Started server process [78707]
INFO:     Waiting for application startup.
INFO:     Application startup complete.
ERROR:    [Errno 48] error while attempting to bind on address ('127.0.0.1', 8088): address already in use
INFO:     Waiting for application shutdown.
INFO:     Application shutdown complete.
INFO:     Started server process [78715]
INFO:     Waiting for application startup.
INFO:     Application startup complete.
ERROR:    [Errno 48] error while attempting to bind on address ('127.0.0.1', 8088): address already in use
INFO:     Waiting for application shutdown.
INFO:     Application shutdown complete.
INFO:     Started server process [78722]
INFO:     Waiting for application startup.
INFO:     Application startup complete.
ERROR:    [Errno 48] error while attempting to bind on address ('127.0.0.1', 8088): address already in use
INFO:     Waiting for application shutdown.
INFO:     Application shutdown complete.
INFO:     Started server process [78730]
INFO:     Waiting for application startup.
INFO:     Application startup complete.
ERROR:    [Errno 48] error while attempting to bind on address ('127.0.0.1', 8088): address already in use
INFO:     Waiting for application shutdown.
INFO:     Application shutdown complete.
INFO:     Started server process [78797]
INFO:     Waiting for application startup.
INFO:     Application startup complete.
ERROR:    [Errno 48] error while attempting to bind on address ('127.0.0.1', 8088): address already in use
INFO:     Waiting for application shutdown.
INFO:     Application shutdown complete.
INFO:     Started server process [78816]
INFO:     Waiting for application startup.
INFO:     Application startup complete.
ERROR:    [Errno 48] error while attempting to bind on address ('127.0.0.1', 8088): address already in use
INFO:     Waiting for application shutdown.
INFO:     Application shutdown complete.
INFO:     Started server process [78824]
INFO:     Waiting for application startup.
INFO:     Application startup complete.
ERROR:    [Errno 48] error while attempting to bind on address ('127.0.0.1', 8088): address already in use
INFO:     Waiting for application shutdown.
INFO:     Application shutdown complete.
INFO:     Started server process [78831]
INFO:     Waiting for application startup.
INFO:     Application startup complete.
ERROR:    [Errno 48] error while attempting to bind on address ('127.0.0.1', 8088): address already in use
INFO:     Waiting for application shutdown.
INFO:     Application shutdown complete.
INFO:     Started server process [78838]
INFO:     Waiting for application startup.
INFO:     Application startup complete.
ERROR:    [Errno 48] error while attempting to bind on address ('127.0.0.1', 8088): address already in use
INFO:     Waiting for application shutdown.
INFO:     Application shutdown complete.
INFO:     Started server process [78848]
INFO:     Waiting for application startup.
INFO:     Application startup complete.
ERROR:    [Errno 48] error while attempting to bind on address ('127.0.0.1', 8088): address already in use
INFO:     Waiting for application shutdown.
INFO:     Application shutdown complete.
INFO:     Started server process [78856]
INFO:     Waiting for application startup.
INFO:     Application startup complete.
ERROR:    [Errno 48] error while attempting to bind on address ('127.0.0.1', 8088): address already in use
INFO:     Waiting for application shutdown.
INFO:     Application shutdown complete.
INFO:     Started server process [78866]
INFO:     Waiting for application startup.
INFO:     Application startup complete.
ERROR:    [Errno 48] error while attempting to bind on address ('127.0.0.1', 8088): address already in use
INFO:     Waiting for application shutdown.
INFO:     Application shutdown complete.
INFO:     Started server process [78874]
INFO:     Waiting for application startup.
INFO:     Application startup complete.
ERROR:    [Errno 48] error while attempting to bind on address ('127.0.0.1', 8088): address already in use
INFO:     Waiting for application shutdown.
INFO:     Application shutdown complete.
INFO:     Started server process [78884]
INFO:     Waiting for application startup.
INFO:     Application startup complete.
ERROR:    [Errno 48] error while attempting to bind on address ('127.0.0.1', 8088): address already in use
INFO:     Waiting for application shutdown.
INFO:     Application shutdown complete.
INFO:     Started server process [78900]
INFO:     Waiting for application startup.
INFO:     Application startup complete.
ERROR:    [Errno 48] error while attempting to bind on address ('127.0.0.1', 8088): address already in use
INFO:     Waiting for application shutdown.
INFO:     Application shutdown complete.
INFO:     Started server process [78917]
INFO:     Waiting for application startup.
INFO:     Application startup complete.
ERROR:    [Errno 48] error while attempting to bind on address ('127.0.0.1', 8088): address already in use
INFO:     Waiting for application shutdown.
INFO:     Application shutdown complete.
INFO:     Started server process [78932]
INFO:     Waiting for application startup.
INFO:     Application startup complete.
ERROR:    [Errno 48] error while attempting to bind on address ('127.0.0.1', 8088): address already in use
INFO:     Waiting for application shutdown.
INFO:     Application shutdown complete.
INFO:     Started server process [78948]
INFO:     Waiting for application startup.
INFO:     Application startup complete.
ERROR:    [Errno 48] error while attempting to bind on address ('127.0.0.1', 8088): address already in use
INFO:     Waiting for application shutdown.
INFO:     Application shutdown complete.
